date,ticker,direction,price_at_trigger,sector,industry,raw_score,price_multiplier,weighted_score,components,return_5d,return_20d,return_60d
2026-08-18,AMPL,Bearish,12.59000015258789,Technology,Software - Application,5.3,1.2,6.36,"[[""Weekly DM9 Top"", 0, 2.0], [""Daily DM13 Top"", 2, 1.8]]",,,
2026-08-18,PATH,Bearish,15.579999923706055,Technology,Software - Infrastructure,5.2,1.2,6.24,"[[""Weekly DM9 Top"", 0, 2.0], [""Daily DM13 Top"", 3, 1.7]]",,,
2026-08-18,NTSK,Bearish,15.369999885559082,Technology,Software - Application,5.2,1.2,6.24,"[[""Weekly DM9 Top"", 0, 2.0], [""Daily DM13 Top"", 3, 1.7]]",,,
2026-08-18,CXM,Bearish,6.909999847412109,Technology,Software - Application,5.1,1.2,6.12,"[[""Weekly DM9 Top"", 0, 2.0], [""Daily DM13 Top"", 4, 1.6]]",,,
2026-08-18,CAKE,Bearish,106.36000061035156,Consumer Cyclical,Restaurants,5.95,1.0,5.95,"[[""Weekly DM13 Top"", 1, 2.75], [""Daily DM13 Top"", 3, 1.7]]",,,
2026-08-18,MMSI,Bearish,89.26000213623047,Healthcare,Medical Instruments & Supplies,5.85,1.0,5.85,"[[""Weekly DM13 Top"", 1, 2.75], [""Daily DM13 Top"", 4, 1.6]]",,,
2026-08-18,ACHR,Bullish,6.320000171661377,Industrials,Aerospace & Defense,4.83,1.2,5.8,"[[""Weekly DM9 Bottom"", 4, 1.3333333333333335], [""Wyckoff LPS"", 0, 2.0]]",,,
2026-08-18,EVEX,Bullish,2.6500000953674316,Industrials,Aerospace & Defense,4.83,1.2,5.8,"[[""Weekly DM9 Bottom"", 4, 1.3333333333333335], [""Wyckoff LPS"", 0, 2.0]]",,,
2026-08-18,S,Bearish,22.489999771118164,Technology,Software - Infrastructure,5.2,1.1,5.72,"[[""Weekly DM9 Top"", 0, 2.0], [""Daily DM13 Top"", 3, 1.7]]",,,
2026-08-18,EAT,Bearish,235.64999389648438,Consumer Cyclical,Restaurants,5.7,1.0,5.7,"[[""Weekly DM13 Top"", 0, 3.0], [""Daily DM13 Top"", 8, 1.2]]",,,
2026-08-18,U,Bearish,46.7400016784668,Technology,Software - Application,5.1,1.1,5.61,"[[""Weekly DM9 Top"", 0, 2.0], [""Daily DM13 Top"", 4, 1.6]]",,,
2026-08-18,BILL,Bearish,49.16999816894531,Technology,Software - Application,5.1,1.1,5.61,"[[""Weekly DM9 Top"", 0, 2.0], [""Daily DM13 Top"", 4, 1.6]]",,,
2026-08-18,GTLB,Bearish,41.5,Technology,Software - Infrastructure,5.1,1.1,5.61,"[[""Weekly DM9 Top"", 0, 2.0], [""Daily DM13 Top"", 4, 1.6]]",,,
2026-08-18,GEN,Bearish,27.639999389648438,Technology,Software - Infrastructure,5.1,1.1,5.61,"[[""Weekly DM9 Top"", 0, 2.0], [""Daily DM13 Top"", 4, 1.6]]",,,
2026-08-18,CHYM,Bearish,31.90999984741211,Technology,Software - Application,5.03,1.1,5.54,"[[""Weekly DM9 Top"", 1, 1.8333333333333333], [""Daily DM13 Top"", 3, 1.7]]",,,
2026-08-18,IMVT,Bearish,44.29999923706055,Healthcare,Biotechnology,5.0,1.1,5.5,"[[""Weekly DM13 Top"", 2, 2.5], [""Daily DM9 Top"", 0, 1.0]]",,,
2026-08-18,ABT,Bearish,112.68000030517578,Healthcare,Medical Devices,5.45,1.0,5.45,"[[""Weekly DM13 Top"", 0, 3.0], [""Daily DM9 Top"", 1, 0.95]]",,,
2026-08-18,JPM,Bearish,363.25,Financial,Banks - Diversified,5.4,1.0,5.4,"[[""Weekly DM13 Top"", 0, 3.0], [""Daily DM9 Top"", 2, 0.9]]",,,
2026-08-18,SAN,Bearish,14.239999771118164,Financial,Banks - Diversified,4.5,1.2,5.4,"[[""Weekly DM9 Top"", 3, 1.5], [""Daily DM13 Top"", 5, 1.5]]",,,
2026-08-18,STGW,Bearish,8.850000381469727,Communication Services,Advertising Agencies,4.5,1.2,5.4,"[[""Weekly DM9 Top"", 3, 1.5], [""Daily DM13 Top"", 5, 1.5]]",,,
2026-08-18,SITC,Bullish,3.0299999713897705,Real Estate,REIT - Retail,4.5,1.2,5.4,"[[""Weekly DM13 Bottom"", 3, 2.25], [""Daily DM9 Bottom"", 5, 0.75]]",,,
2026-08-18,BAC,Bearish,64.2300033569336,Financial,Banks - Diversified,5.4,1.0,5.4,"[[""Weekly DM13 Top"", 0, 3.0], [""Daily DM9 Top"", 2, 0.9]]",,,
2026-08-18,TTEK,Bearish,35.400001525878906,Industrials,Engineering & Construction,4.83,1.1,5.32,"[[""Weekly DM9 Top"", 1, 1.8333333333333333], [""Daily DM13 Top"", 5, 1.5]]",,,
2026-08-18,BXMT,Bullish,14.180000305175781,Real Estate,REIT - Mortgage,4.43,1.2,5.32,"[[""Weekly DM9 Bottom"", 1, 1.8333333333333333], [""Daily DM13 Bottom"", 9, 1.1]]",,,
2026-08-18,TTAN,Bearish,91.11000061035156,Technology,Software - Application,5.3,1.0,5.3,"[[""Weekly DM9 Top"", 0, 2.0], [""Daily DM13 Top"", 2, 1.8]]",,,
2026-08-18,AEM,Bullish,186.94000244140625,Basic Materials,Gold,5.25,1.0,5.25,"[[""Weekly DM13 Bottom"", 5, 1.7499999999999998], [""Wyckoff LPS"", 0, 2.0]]",,,
2026-08-18,QGEN,Bearish,42.31999969482422,Healthcare,Diagnostics & Research,4.75,1.1,5.23,"[[""Weekly DM13 Top"", 1, 2.75], [""Daily DM9 Top"", 10, 0.5]]",,,
2026-08-18,CRL,Bearish,279.19000244140625,Healthcare,Diagnostics & Research,5.2,1.0,5.2,"[[""Weekly DM13 Top"", 1, 2.75], [""Daily DM9 Top"", 1, 0.95]]",,,
2026-08-18,ZS,Bearish,185.6999969482422,Technology,Software - Infrastructure,5.2,1.0,5.2,"[[""Weekly DM9 Top"", 0, 2.0], [""Daily DM13 Top"", 3, 1.7]]",,,
2026-08-18,LFMD,Bullish,3.2699999809265137,Healthcare,Health Information Services,4.33,1.2,5.2,"[[""Weekly DM9 Bottom"", 1, 1.8333333333333333], [""Daily DM9 Bottom"", 0, 1.0]]",,,
2026-08-18,GRMN,Bearish,297.44000244140625,Technology,Scientific & Technical Instruments,5.1,1.0,5.1,"[[""Weekly DM9 Top"", 0, 2.0], [""Daily DM13 Top"", 4, 1.6]]",,,
2026-08-18,SNOW,Bearish,325.3299865722656,Technology,Software - Application,5.1,1.0,5.1,"[[""Weekly DM9 Top"", 0, 2.0], [""Daily DM13 Top"", 4, 1.6]]",,,
2026-08-18,VEEV,Bearish,242.75,Healthcare,Health Information Services,5.1,1.0,5.1,"[[""Weekly DM9 Top"", 0, 2.0], [""Daily DM13 Top"", 4, 1.6]]",,,
2026-08-18,LX,Bullish,1.340000033378601,Financial,Credit Services,4.23,1.2,5.08,"[[""Weekly DM9 Bottom"", 1, 1.8333333333333333], [""Daily DM9 Bottom"", 2, 0.9]]",,,
2026-08-18,INTA,Bearish,39.7400016784668,Technology,Software - Application,4.6,1.1,5.06,"[[""Weekly DM9 Top"", 3, 1.5], [""Daily DM13 Top"", 4, 1.6]]",,,
2026-08-18,VIA,Bearish,25.020000457763672,Technology,Software - Application,4.6,1.1,5.06,"[[""Weekly DM9 Top"", 3, 1.5], [""Daily DM13 Top"", 4, 1.6]]",,,
2026-08-18,QLYS,Bearish,187.97999572753906,Technology,Software - Infrastructure,5.05,1.0,5.05,"[[""Weekly DM13 Top"", 5, 1.7499999999999998], [""Daily DM13 Top"", 2, 1.8]]",,,
2026-08-18,REGN,Bearish,810.239990234375,Healthcare,Biotechnology,5.03,1.0,5.03,"[[""Weekly DM9 Top"", 1, 1.8333333333333333], [""Daily DM13 Top"", 3, 1.7]]",,,
2026-08-18,BAX,Bearish,25.940000534057617,Healthcare,Medical Instruments & Supplies,4.55,1.1,5.0,"[[""Weekly DM13 Top"", 2, 2.5], [""Daily DM9 Top"", 9, 0.55]]",,,
2026-08-18,BLK,Bearish,1154.3499755859375,Financial,Asset Management,5.0,1.0,5.0,"[[""Weekly DM9 Top"", 0, 2.0], [""Daily DM13 Top"", 5, 1.5]]",,,
2026-08-18,GKOS,Bearish,184.14999389648438,Healthcare,Medical Devices,4.97,1.0,4.97,"[[""Weekly DM9 Top"", 2, 1.6666666666666667], [""Daily DM13 Top"", 2, 1.8]]",,,
2026-08-18,HNI,Bearish,47.52000045776367,Consumer Cyclical,"Furnishings, Fixtures & Appliances",4.5,1.1,4.95,"[[""Weekly DM9 Top"", 3, 1.5], [""Daily DM13 Top"", 5, 1.5]]",,,
2026-08-18,SN,Bearish,182.82000732421875,Consumer Cyclical,"Furnishings, Fixtures & Appliances",4.95,1.0,4.95,"[[""Weekly DM13 Top"", 1, 2.75], [""Daily DM9 Top"", 6, 0.7]]",,,
2026-08-18,GTX,Bullish,27.90999984741211,Consumer Cyclical,Auto Parts,4.5,1.1,4.95,"[[""Weekly DM9 Bottom"", 0, 2.0], [""Daily DM9 Bottom"", 0, 1.0]]",,,
2026-08-18,SFNC,Bearish,23.68000030517578,Financial,Banks - Regional,4.5,1.1,4.95,"[[""Weekly DM13 Top"", 2, 2.5], [""Daily DM9 Top"", 10, 0.5]]",,,
2026-08-18,HQY,Bearish,102.79000091552734,Healthcare,Health Information Services,4.93,1.0,4.93,"[[""Weekly DM9 Top"", 1, 1.8333333333333333], [""Daily DM13 Top"", 4, 1.6]]",,,
2026-08-18,GDRX,Bearish,3.6500000953674316,Healthcare,Health Information Services,4.1,1.2,4.92,"[[""Weekly DM9 Top"", 0, 2.0], [""Daily DM9 Top"", 8, 0.6]]",,,
2026-08-18,GTM,Bearish,3.819999933242798,Technology,Software - Application,4.1,1.2,4.92,"[[""Weekly DM9 Top"", 0, 2.0], [""Daily DM9 Top"", 8, 0.6]]",,,
2026-08-18,SE,Bearish,116.26000213623047,Consumer Cyclical,Internet Retail,4.87,1.0,4.87,"[[""Weekly DM9 Top"", 2, 1.6666666666666667], [""Daily DM13 Top"", 3, 1.7]]",,,
2026-08-18,GMAB,Bearish,32.959999084472656,Healthcare,Biotechnology,4.4,1.1,4.84,"[[""Weekly DM9 Top"", 0, 2.0], [""Daily DM9 Top"", 2, 0.9]]",,,
2026-08-18,BDX,Bearish,180.77000427246094,Healthcare,Medical Instruments & Supplies,4.83,1.0,4.83,"[[""Weekly DM9 Top"", 1, 1.8333333333333333], [""Daily DM13 Top"", 5, 1.5]]",,,
2026-08-18,WTW,Bearish,327.8999938964844,Financial,Insurance Brokers,4.73,1.0,4.73,"[[""Weekly DM9 Top"", 1, 1.8333333333333333], [""Daily DM13 Top"", 6, 1.4]]",,,
2026-08-18,FRSH,Bearish,12.729999542236328,Technology,Software - Application,3.93,1.2,4.72,"[[""Weekly DM9 Top"", 1, 1.8333333333333333], [""Daily DM9 Top"", 8, 0.6]]",,,
2026-08-18,MP,Bullish,56.66999816894531,Basic Materials,Other Industrial Metals & Mining,4.67,1.0,4.67,"[[""Weekly DM9 Bottom"", 5, 1.1666666666666665], [""Wyckoff LPS"", 0, 2.0]]",,,
2026-08-18,UNIT,Bullish,9.90999984741211,Real Estate,REIT - Specialty,3.83,1.2,4.6,"[[""Weekly DM9 Bottom"", 1, 1.8333333333333333], [""Daily DM9 Bottom"", 10, 0.5]]",,,
2026-08-18,ITGR,Bearish,125.08999633789062,Healthcare,Medical Devices,4.6,1.0,4.6,"[[""Weekly DM13 Top"", 2, 2.5], [""Daily DM9 Top"", 8, 0.6]]",,,
2026-08-18,CHWY,Bearish,23.040000915527344,Consumer Cyclical,Internet Retail,4.1,1.1,4.51,"[[""Weekly DM9 Top"", 0, 2.0], [""Daily DM9 Top"", 8, 0.6]]",,,
2026-08-18,DBX,Bearish,33.869998931884766,Technology,Software - Infrastructure,4.1,1.1,4.51,"[[""Weekly DM9 Top"", 0, 2.0], [""Daily DM9 Top"", 8, 0.6]]",,,
2026-08-18,NCNO,Bearish,20.200000762939453,Technology,Software - Application,4.1,1.1,4.51,"[[""Weekly DM9 Top"", 0, 2.0], [""Daily DM9 Top"", 8, 0.6]]",,,
2026-08-18,LYB,Bullish,65.33000183105469,Basic Materials,Specialty Chemicals,4.5,1.0,4.5,"[[""Weekly DM9 Bottom"", 6, 1.0], [""Wyckoff LPS"", 0, 2.0]]",,,
2026-08-18,BLKB,Bearish,44.36000061035156,Technology,Software - Application,4.05,1.1,4.46,"[[""Weekly DM9 Top"", 0, 2.0], [""Daily DM9 Top"", 9, 0.55]]",,,
2026-08-18,WK,Bearish,70.0999984741211,Technology,Software - Application,4.45,1.0,4.45,"[[""Weekly DM9 Top"", 0, 2.0], [""Daily DM9 Top"", 1, 0.95]]",,,
2026-08-18,SBH,Bearish,16.31999969482422,Consumer Cyclical,Specialty Retail,3.65,1.2,4.38,"[[""Weekly DM9 Top"", 3, 1.5], [""Daily DM9 Top"", 7, 0.65]]",,,
2026-08-18,VCTR,Bearish,117.7699966430664,Financial,Asset Management,4.35,1.0,4.35,"[[""Weekly DM9 Top"", 0, 2.0], [""Daily DM9 Top"", 3, 0.85]]",,,
2026-08-18,BX,Bearish,140.58999633789062,Financial,Asset Management,4.35,1.0,4.35,"[[""Weekly DM9 Top"", 0, 2.0], [""Daily DM9 Top"", 3, 0.85]]",,,
2026-08-18,URGN,Bearish,48.91999816894531,Healthcare,Biotechnology,3.95,1.1,4.35,"[[""Weekly DM9 Top"", 3, 1.5], [""Daily DM9 Top"", 1, 0.95]]",,,
2026-08-18,ACT,Bearish,50.040000915527344,Financial,Insurance - Specialty,4.33,1.0,4.33,"[[""Weekly DM9 Top"", 1, 1.8333333333333333], [""Daily DM9 Top"", 0, 1.0]]",,,
2026-08-18,CRNX,Bearish,84.72000122070312,Healthcare,Biotechnology,4.28,1.0,4.28,"[[""Weekly DM9 Top"", 1, 1.8333333333333333], [""Daily DM9 Top"", 1, 0.95]]",,,
2026-08-18,OKTA,Bearish,143.9199981689453,Technology,Software - Infrastructure,4.2,1.0,4.2,"[[""Weekly DM13 Top"", 4, 2.0], [""Daily DM9 Top"", 6, 0.7]]",,,
2026-08-18,TENB,Bearish,36.34000015258789,Technology,Software - Infrastructure,3.75,1.1,4.12,"[[""Weekly DM13 Top"", 6, 1.5], [""Daily DM9 Top"", 5, 0.75]]",,,
2026-08-18,PAYC,Bearish,215.72000122070312,Technology,Software - Application,4.1,1.0,4.1,"[[""Weekly DM9 Top"", 0, 2.0], [""Daily DM9 Top"", 8, 0.6]]",,,
2026-08-18,MSI,Bearish,469.5,Technology,Communication Equipment,4.1,1.0,4.1,"[[""Weekly DM9 Top"", 0, 2.0], [""Daily DM9 Top"", 8, 0.6]]",,,
2026-08-18,NMIH,Bearish,45.61000061035156,Financial,Insurance - Specialty,3.72,1.1,4.09,"[[""Weekly DM9 Top"", 2, 1.6666666666666667], [""Daily DM9 Top"", 9, 0.55]]",,,
2026-08-18,ZBRA,Bearish,366.4200134277344,Technology,Communication Equipment,4.03,1.0,4.03,"[[""Weekly DM9 Top"", 1, 1.8333333333333333], [""Daily DM9 Top"", 6, 0.7]]",,,
2026-08-18,LI,Bullish,12.119999885559082,Consumer Cyclical,Auto Manufacturers,3.35,1.2,4.02,"[[""Weekly DM9 Bottom"", 6, 1.0], [""Daily DM9 Bottom"", 3, 0.85]]",,,
2026-08-18,PTGX,Bearish,157.33999633789062,Healthcare,Biotechnology,4.0,1.0,4.0,"[[""Weekly DM9 Top"", 3, 1.5], [""Daily DM9 Top"", 0, 1.0]]",,,
2026-08-18,ALLE,Bearish,159.8300018310547,Industrials,Security & Protection Services,4.0,1.0,4.0,"[[""Weekly DM9 Top"", 3, 1.5], [""Daily DM13 Top"", 10, 1.0]]",,,
2026-08-18,HWKN,Bullish,124.80000305175781,Basic Materials,Specialty Chemicals,4.0,1.0,4.0,"[[""Weekly DM9 Bottom"", 0, 2.0], [""Daily DM9 Bottom"", 10, 0.5]]",,,
2026-08-18,AMLX,Bearish,35.11000061035156,Healthcare,Biotechnology,3.6,1.1,3.96,"[[""Weekly DM9 Top"", 3, 1.5], [""Daily DM9 Top"", 8, 0.6]]",,,
2026-08-18,TOST,Bearish,34.95000076293945,Technology,Software - Infrastructure,3.6,1.1,3.96,"[[""Weekly DM9 Top"", 3, 1.5], [""Daily DM9 Top"", 8, 0.6]]",,,
2026-08-18,BBVA,Bearish,28.790000915527344,Financial,Banks - Diversified,3.6,1.1,3.96,"[[""Weekly DM9 Top"", 3, 1.5], [""Daily DM9 Top"", 8, 0.6]]",,,
2026-08-18,PSNL,Bearish,13.90999984741211,Healthcare,Diagnostics & Research,3.3,1.2,3.96,"[[""Weekly DM9 Top"", 6, 1.0], [""Daily DM9 Top"", 4, 0.8]]",,,
2026-08-18,QTWO,Bearish,62.84000015258789,Technology,Software - Application,3.93,1.0,3.93,"[[""Weekly DM9 Top"", 1, 1.8333333333333333], [""Daily DM9 Top"", 8, 0.6]]",,,
2026-08-18,AGIO,Bearish,34.400001525878906,Healthcare,Biotechnology,3.5,1.1,3.85,"[[""Weekly DM9 Top"", 6, 1.0], [""Daily DM9 Top"", 0, 1.0]]",,,
2026-08-18,OLN,Bullish,18.479999542236328,Basic Materials,Chemicals,3.15,1.2,3.78,"[[""Weekly DM9 Bottom"", 6, 1.0], [""Daily DM9 Bottom"", 7, 0.65]]",,,
2026-08-18,GOOG,Bullish,341.2799987792969,Communication Services,Internet Content & Information,3.67,1.0,3.67,"[[""Weekly DM9 Bottom"", 5, 1.1666666666666665], [""Daily DM9 Bottom"", 0, 1.0]]",,,
2026-08-18,AWR,Bearish,88.91000366210938,Utilities,Utilities - Regulated Water,3.67,1.0,3.67,"[[""Weekly DM9 Top"", 5, 1.1666666666666665], [""Daily DM9 Top"", 0, 1.0]]",,,
2026-08-18,ALRM,Bearish,55.56999969482422,Technology,Software - Application,3.65,1.0,3.65,"[[""Weekly DM9 Top"", 3, 1.5], [""Daily DM9 Top"", 7, 0.65]]",,,
2026-08-18,WBS,Bearish,77.97000122070312,Financial,Banks - Regional,3.65,1.0,3.65,"[[""Weekly DM9 Top"", 3, 1.5], [""Daily DM9 Top"", 7, 0.65]]",,,
2026-08-18,ANF,Bearish,103.37999725341797,Consumer Cyclical,Apparel Retail,3.65,1.0,3.65,"[[""Weekly DM9 Top"", 3, 1.5], [""Daily DM9 Top"", 7, 0.65]]",,,
2026-08-18,ARRY,Bullish,4.800000190734863,Technology,Solar,3.0,1.2,3.6,"[[""Weekly DM13 Bottom"", 0, 3.0]]",,,
2026-08-18,CCK,Bearish,116.86000061035156,Consumer Cyclical,Packaging & Containers,3.6,1.0,3.6,"[[""Weekly DM9 Top"", 3, 1.5], [""Daily DM9 Top"", 8, 0.6]]",,,
2026-08-18,RUN,Bullish,9.260000228881836,Technology,Solar,3.0,1.2,3.6,"[[""Weekly DM13 Bottom"", 0, 3.0]]",,,
2026-08-18,ENVA,Bearish,262.0,Financial,Credit Services,3.55,1.0,3.55,"[[""Weekly DM9 Top"", 3, 1.5], [""Daily DM9 Top"", 9, 0.55]]",,,
2026-08-18,RJF,Bearish,179.3000030517578,Financial,Asset Management,3.55,1.0,3.55,"[[""Weekly DM9 Top"", 3, 1.5], [""Daily DM9 Top"", 9, 0.55]]",,,
2026-08-18,CBRE,Bearish,147.3000030517578,Real Estate,Real Estate Services,3.55,1.0,3.55,"[[""Weekly DM9 Top"", 3, 1.5], [""Daily DM9 Top"", 9, 0.55]]",,,
2026-08-18,MTD,Bearish,1399.6700439453125,Healthcare,Diagnostics & Research,3.33,1.0,3.33,"[[""Weekly DM9 Top"", 4, 1.3333333333333335], [""Daily DM9 Top"", 10, 0.5]]",,,
2026-08-18,RF,Bearish,31.700000762939453,Financial,Banks - Regional,3.0,1.1,3.3,"[[""Weekly DM13 Top"", 0, 3.0]]",,,
2026-08-18,NUVB,Bearish,6.960000038146973,Healthcare,Biotechnology,2.75,1.2,3.3,"[[""Weekly DM13 Top"", 1, 2.75]]",,,
2026-08-18,FBP,Bearish,29.360000610351562,Financial,Banks - Regional,3.0,1.1,3.3,"[[""Weekly DM13 Top"", 0, 3.0]]",,,
2026-08-18,AIV,Bullish,2.619999885559082,Real Estate,REIT - Residential,2.75,1.2,3.3,"[[""Weekly DM13 Bottom"", 1, 2.75]]",,,
2026-08-18,ARDX,Bullish,3.9200000762939453,Healthcare,Biotechnology,2.75,1.2,3.3,"[[""Weekly DM13 Bottom"", 1, 2.75]]",,,
2026-08-18,UBSI,Bearish,48.77000045776367,Financial,Banks - Regional,3.0,1.1,3.3,"[[""Weekly DM13 Top"", 0, 3.0]]",,,
2026-08-18,AMRX,Bearish,18.190000534057617,Healthcare,Drug Manufacturers - Specialty & Generic,2.75,1.2,3.3,"[[""Weekly DM13 Top"", 1, 2.75]]",,,
2026-08-18,ADPT,Bearish,24.559999465942383,Healthcare,Biotechnology,2.75,1.1,3.03,"[[""Weekly DM13 Top"", 1, 2.75]]",,,
2026-08-18,CFG,Bearish,73.45999908447266,Financial,Banks - Regional,3.0,1.0,3.0,"[[""Weekly DM13 Top"", 0, 3.0]]",,,
2026-08-18,WSFS,Bearish,81.69000244140625,Financial,Banks - Regional,3.0,1.0,3.0,"[[""Weekly DM13 Top"", 0, 3.0]]",,,
2026-08-18,MPLX,Bearish,59.36000061035156,Energy,Oil & Gas Midstream,3.0,1.0,3.0,"[[""Weekly DM13 Top"", 0, 3.0]]",,,
2026-08-18,TECH,Bearish,72.22000122070312,Healthcare,Biotechnology,3.0,1.0,3.0,"[[""Weekly DM13 Top"", 0, 3.0]]",,,
2026-08-18,PUMP,Bullish,12.380000114440918,Energy,Oil & Gas Equipment & Services,2.5,1.2,3.0,"[[""Weekly DM13 Bottom"", 2, 2.5]]",,,
2026-08-18,AVTR,Bearish,13.329999923706055,Healthcare,Medical Instruments & Supplies,2.5,1.2,3.0,"[[""Weekly DM13 Top"", 2, 2.5]]",,,
2026-08-18,INCY,Bearish,123.47000122070312,Healthcare,Biotechnology,3.0,1.0,3.0,"[[""Weekly DM13 Top"", 0, 3.0]]",,,
2026-08-18,USB,Bearish,64.79000091552734,Financial,Banks - Regional,3.0,1.0,3.0,"[[""Weekly DM13 Top"", 0, 3.0]]",,,
2026-08-18,WFC,Bearish,87.4000015258789,Financial,Banks - Diversified,3.0,1.0,3.0,"[[""Weekly DM13 Top"", 0, 3.0]]",,,
2026-08-18,MTB,Bearish,251.5,Financial,Banks - Regional,3.0,1.0,3.0,"[[""Weekly DM13 Top"", 0, 3.0]]",,,
2026-08-18,MDT,Bearish,92.08999633789062,Healthcare,Medical Devices,3.0,1.0,3.0,"[[""Weekly DM13 Top"", 0, 3.0]]",,,
2026-08-18,SCHW,Bearish,111.68000030517578,Financial,Capital Markets,3.0,1.0,3.0,"[[""Weekly DM13 Top"", 0, 3.0]]",,,
2026-08-18,TMO,Bearish,589.0399780273438,Healthcare,Diagnostics & Research,2.75,1.0,2.75,"[[""Weekly DM13 Top"", 1, 2.75]]",,,
2026-08-18,CDNA,Bearish,46.18000030517578,Healthcare,Diagnostics & Research,2.5,1.1,2.75,"[[""Weekly DM13 Top"", 2, 2.5]]",,,
2026-08-18,NSP,Bearish,52.33000183105469,Industrials,Staffing & Employment Services,2.75,1.0,2.75,"[[""Weekly DM13 Top"", 1, 2.75]]",,,
2026-08-18,LBRT,Bullish,21.290000915527344,Energy,Oil & Gas Equipment & Services,2.5,1.1,2.75,"[[""Weekly DM13 Bottom"", 2, 2.5]]",,,
2026-08-18,APGE,Bearish,134.57000732421875,Healthcare,Biotechnology,2.75,1.0,2.75,"[[""Weekly DM13 Top"", 1, 2.75]]",,,
2026-08-18,WSBC,Bearish,42.209999084472656,Financial,Banks - Regional,2.5,1.1,2.75,"[[""Weekly DM13 Top"", 2, 2.5]]",,,
2026-08-18,HOMB,Bearish,30.969999313354492,Financial,Banks - Regional,2.5,1.1,2.75,"[[""Weekly DM13 Top"", 2, 2.5]]",,,
2026-08-18,BUSE,Bearish,30.920000076293945,Financial,Banks - Regional,2.5,1.1,2.75,"[[""Weekly DM13 Top"", 2, 2.5]]",,,
2026-08-18,PNC,Bearish,254.27999877929688,Financial,Banks - Regional,2.75,1.0,2.75,"[[""Weekly DM13 Top"", 1, 2.75]]",,,
2026-08-18,RGC,Bullish,5.460000038146973,Healthcare,Drug Manufacturers - Specialty & Generic,2.25,1.2,2.7,"[[""Weekly DM13 Bottom"", 3, 2.25]]",,,
2026-08-18,ARI,Bullish,6.820000171661377,Real Estate,REIT - Mortgage,2.25,1.2,2.7,"[[""Weekly DM13 Bottom"", 3, 2.25]]",,,
2026-08-18,CRML,Bullish,6.150000095367432,Basic Materials,Other Industrial Metals & Mining,2.25,1.2,2.7,"[[""Weekly DM13 Bottom"", 3, 2.25]]",,,
2026-08-18,TUYA,Bullish,1.7799999713897705,Technology,Software - Infrastructure,2.25,1.2,2.7,"[[""Weekly DM13 Bottom"", 3, 2.25]]",,,
2026-08-18,SGML,Bullish,11.029999732971191,Basic Materials,Other Industrial Metals & Mining,2.25,1.2,2.7,"[[""Weekly DM13 Bottom"", 3, 2.25]]",,,
2026-08-18,SERV,Bullish,4.550000190734863,Industrials,Specialty Industrial Machinery,2.25,1.2,2.7,"[[""Weekly DM13 Bottom"", 3, 2.25]]",,,
2026-08-18,NBTB,Bearish,52.91999816894531,Financial,Banks - Regional,2.5,1.0,2.5,"[[""Weekly DM13 Top"", 2, 2.5]]",,,
2026-08-18,PAYX,Bearish,119.93000030517578,Technology,Software - Application,2.5,1.0,2.5,"[[""Weekly DM13 Top"", 2, 2.5]]",,,
2026-08-18,RTX,Bearish,225.49000549316406,Industrials,Aerospace & Defense,2.5,1.0,2.5,"[[""Weekly DM13 Top"", 2, 2.5]]",,,
2026-08-18,TXG,Bearish,55.630001068115234,Healthcare,Health Information Services,2.5,1.0,2.5,"[[""Weekly DM13 Top"", 2, 2.5]]",,,
2026-08-18,KMX,Bearish,57.400001525878906,Consumer Cyclical,Auto & Truck Dealerships,2.5,1.0,2.5,"[[""Weekly DM13 Top"", 2, 2.5]]",,,
2026-08-18,BMRN,Bearish,66.98999786376953,Healthcare,Biotechnology,2.5,1.0,2.5,"[[""Weekly DM13 Top"", 2, 2.5]]",,,
2026-08-18,HSBC,Bearish,103.18000030517578,Financial,Banks - Diversified,2.5,1.0,2.5,"[[""Weekly DM13 Top"", 2, 2.5]]",,,
2026-08-18,ICUI,Bearish,183.75999450683594,Healthcare,Medical Instruments & Supplies,2.5,1.0,2.5,"[[""Weekly DM13 Top"", 2, 2.5]]",,,
2026-08-18,HWC,Bearish,78.25,Financial,Banks - Regional,2.5,1.0,2.5,"[[""Weekly DM13 Top"", 2, 2.5]]",,,
2026-08-18,HALO,Bearish,104.88999938964844,Healthcare,Biotechnology,2.5,1.0,2.5,"[[""Weekly DM13 Top"", 2, 2.5]]",,,
2026-08-18,OKLO,Bullish,41.36000061035156,Utilities,Utilities - Regulated Electric,2.25,1.1,2.48,"[[""Weekly DM13 Bottom"", 3, 2.25]]",,,
2026-08-18,MUFG,Bearish,22.719999313354492,Financial,Banks - Diversified,2.25,1.1,2.48,"[[""Weekly DM13 Top"", 3, 2.25]]",,,
2026-08-18,ZIP,Bullish,4.96999979019165,Communication Services,Internet Content & Information,2.0,1.2,2.4,"[[""Wyckoff LPS"", 0, 2.0]]",,,
2026-08-18,APPS,Bullish,12.119999885559082,Technology,Software - Application,2.0,1.2,2.4,"[[""Wyckoff LPS"", 0, 2.0]]",,,
2026-08-18,NAGE,Bullish,3.059999942779541,Healthcare,Biotechnology,2.0,1.2,2.4,"[[""Weekly DM13 Bottom"", 4, 2.0]]",,,
2026-08-18,CORZ,Bullish,18.850000381469727,Technology,Software - Infrastructure,2.0,1.2,2.4,"[[""Weekly DM9 Bottom"", 0, 2.0]]",,,
2026-08-18,HSAI,Bullish,17.110000610351562,Consumer Cyclical,Auto Parts,2.0,1.2,2.4,"[[""Weekly DM13 Bottom"", 4, 2.0]]",,,
2026-08-18,RGTI,Bullish,17.709999084472656,Technology,Computer Hardware,2.0,1.2,2.4,"[[""Wyckoff LPS"", 0, 2.0]]",,,
2026-08-18,ARCC,Bullish,19.670000076293945,Financial,Asset Management,2.0,1.2,2.4,"[[""Wyckoff LPS"", 0, 2.0]]",,,
2026-08-18,BRBR,Bullish,10.380000114440918,Consumer Defensive,Packaged Foods,2.0,1.2,2.4,"[[""Daily DM13 Bottom"", 0, 2.0]]",,,
2026-08-18,COMP,Bullish,12.300000190734863,Real Estate,Real Estate Services,2.0,1.2,2.4,"[[""Wyckoff LPS"", 0, 2.0]]",,,
2026-08-18,RES,Bearish,6.320000171661377,Energy,Oil & Gas Equipment & Services,2.0,1.2,2.4,"[[""Daily DM13 Top"", 0, 2.0]]",,,
2026-08-18,KODK,Bullish,9.819999694824219,Industrials,Specialty Business Services,2.0,1.2,2.4,"[[""Weekly DM13 Bottom"", 4, 2.0]]",,,
2026-08-18,ASAN,Bullish,9.15999984741211,Technology,Software - Application,2.0,1.2,2.4,"[[""Wyckoff LPS"", 0, 2.0]]",,,
2026-08-18,AVPT,Bearish,13.319999694824219,Technology,Software - Infrastructure,2.0,1.2,2.4,"[[""Weekly DM9 Top"", 0, 2.0]]",,,
2026-08-18,AI,Bullish,9.869999885559082,Technology,Software - Infrastructure,2.0,1.2,2.4,"[[""Wyckoff LPS"", 0, 2.0]]",,,
2026-08-18,GDYN,Bullish,7.670000076293945,Technology,Information Technology Services,2.0,1.2,2.4,"[[""Wyckoff LPS"", 0, 2.0]]",,,
2026-08-18,VFC,Bullish,14.3100004196167,Consumer Cyclical,Apparel Manufacturing,2.0,1.2,2.4,"[[""Weekly DM9 Bottom"", 0, 2.0]]",,,
2026-08-18,ARVN,Bullish,9.260000228881836,Healthcare,Biotechnology,2.0,1.2,2.4,"[[""Wyckoff LPS"", 0, 2.0]]",,,
2026-08-18,PSEC,Bullish,2.25,Financial,Asset Management,2.0,1.2,2.4,"[[""Wyckoff LPS"", 0, 2.0]]",,,
2026-08-18,FLNC,Bullish,11.75,Utilities,Utilities - Renewable,2.0,1.2,2.4,"[[""Weekly DM9 Bottom"", 0, 2.0]]",,,
2026-08-18,HTZ,Bullish,2.0799999237060547,Industrials,Rental & Leasing Services,2.0,1.2,2.4,"[[""Weekly DM13 Bottom"", 4, 2.0]]",,,
2026-08-18,CMBT,Bullish,17.489999771118164,Energy,Oil & Gas Midstream,2.0,1.2,2.4,"[[""Wyckoff LPS"", 0, 2.0]]",,,
2026-08-18,WULF,Bullish,15.619999885559082,Financial,Capital Markets,2.0,1.2,2.4,"[[""Weekly DM9 Bottom"", 0, 2.0]]",,,
2026-08-18,VSTM,Bearish,7.429999828338623,Healthcare,Biotechnology,2.0,1.2,2.4,"[[""Weekly DM9 Top"", 0, 2.0]]",,,
2026-08-18,SUPV,Bullish,7.71999979019165,Financial,Banks - Regional,2.0,1.2,2.4,"[[""Daily DM13 Bottom"", 0, 2.0]]",,,
2026-08-18,RDW,Bullish,12.9399995803833,Industrials,Aerospace & Defense,2.0,1.2,2.4,"[[""Wyckoff LPS"", 0, 2.0]]",,,
2026-08-18,BKD,Bullish,12.220000267028809,Healthcare,Medical Care Facilities,2.0,1.2,2.4,"[[""Daily DM13 Bottom"", 0, 2.0]]",,,
2026-08-18,BBAI,Bullish,3.119999885559082,Technology,Information Technology Services,2.0,1.2,2.4,"[[""Wyckoff LPS"", 0, 2.0]]",,,
2026-08-18,TAK,Bearish,18.049999237060547,Healthcare,Drug Manufacturers - Specialty & Generic,2.0,1.2,2.4,"[[""Weekly DM9 Top"", 0, 2.0]]",,,
2026-08-18,PDYN,Bearish,6.28000020980835,Technology,Software - Infrastructure,1.9,1.2,2.28,"[[""Daily DM13 Top"", 1, 1.9]]",,,
2026-08-18,ABCL,Bearish,11.119999885559082,Healthcare,Biotechnology,1.9,1.2,2.28,"[[""Daily DM13 Top"", 1, 1.9]]",,,
2026-08-18,DV,Bearish,13.270000457763672,Technology,Software - Application,1.9,1.2,2.28,"[[""Daily DM13 Top"", 1, 1.9]]",,,
2026-08-18,SENS,Bearish,8.6899995803833,Healthcare,Medical Devices,1.9,1.2,2.28,"[[""Daily DM13 Top"", 1, 1.9]]",,,
2026-08-18,UAA,Bullish,5.070000171661377,Consumer Cyclical,Apparel Manufacturing,1.9,1.2,2.28,"[[""Daily DM13 Bottom"", 1, 1.9]]",,,
2026-08-18,ALIT,Bullish,13.430000305175781,Technology,Software - Application,1.9,1.2,2.28,"[[""Daily DM13 Bottom"", 1, 1.9]]",,,
2026-08-18,UA,Bullish,4.940000057220459,Consumer Cyclical,Apparel Manufacturing,1.9,1.2,2.28,"[[""Daily DM13 Bottom"", 1, 1.9]]",,,
2026-08-18,SQM,Bullish,74.47000122070312,Basic Materials,Specialty Chemicals,2.25,1.0,2.25,"[[""Weekly DM13 Bottom"", 3, 2.25]]",,,
2026-08-18,FSLY,Bearish,26.59000015258789,Technology,Software - Application,2.0,1.1,2.2,"[[""Weekly DM9 Top"", 0, 2.0]]",,,
2026-08-18,LILAK,Bearish,8.300000190734863,Communication Services,Telecom Services,1.83,1.2,2.2,"[[""Weekly DM9 Top"", 1, 1.8333333333333333]]",,,
2026-08-18,BRZE,Bearish,29.1200008392334,Technology,Software - Application,2.0,1.1,2.2,"[[""Weekly DM9 Top"", 0, 2.0]]",,,
2026-08-18,TE,Bullish,4.650000095367432,Industrials,Electrical Equipment & Parts,1.83,1.2,2.2,"[[""Weekly DM9 Bottom"", 1, 1.8333333333333333]]",,,
2026-08-18,TSSI,Bullish,9.4399995803833,Technology,Information Technology Services,1.83,1.2,2.2,"[[""Weekly DM9 Bottom"", 1, 1.8333333333333333]]",,,
2026-08-18,NU,Bearish,14.350000381469727,Financial,Banks - Regional,1.83,1.2,2.2,"[[""Weekly DM9 Top"", 1, 1.8333333333333333]]",,,
2026-08-18,PFE,Bullish,27.25,Healthcare,Drug Manufacturers - General,2.0,1.1,2.2,"[[""Wyckoff LPS"", 0, 2.0]]",,,
2026-08-18,HOG,Bullish,27.229999542236328,Consumer Cyclical,Recreational Vehicles,2.0,1.1,2.2,"[[""Wyckoff LPS"", 0, 2.0]]",,,
2026-08-18,CC,Bullish,15.420000076293945,Basic Materials,Specialty Chemicals,1.83,1.2,2.2,"[[""Weekly DM9 Bottom"", 1, 1.8333333333333333]]",,,
2026-08-18,ING,Bearish,35.4900016784668,Financial,Banks - Diversified,2.0,1.1,2.2,"[[""Weekly DM9 Top"", 0, 2.0]]",,,
2026-08-18,CAG,Bearish,15.520000457763672,Consumer Defensive,Packaged Foods,1.83,1.2,2.2,"[[""Weekly DM9 Top"", 1, 1.8333333333333333]]",,,
2026-08-18,ATAI,Bearish,7.289999961853027,Healthcare,Biotechnology,1.83,1.2,2.2,"[[""Weekly DM9 Top"", 1, 1.8333333333333333]]",,,
2026-08-18,WBD,Bearish,28.479999542236328,Communication Services,Entertainment,2.0,1.1,2.2,"[[""Daily DM13 Top"", 0, 2.0]]",,,
2026-08-18,PMI,Bullish,3.240000009536743,Healthcare,Medical Devices,1.83,1.2,2.2,"[[""Weekly DM9 Bottom"", 1, 1.8333333333333333]]",,,
2026-08-18,MGM,Bullish,43.31999969482422,Consumer Cyclical,Resorts & Casinos,2.0,1.1,2.2,"[[""Weekly DM9 Bottom"", 0, 2.0]]",,,
2026-08-18,NIQ,Bearish,17.31999969482422,Financial,Closed-End Fund - Debt,1.83,1.2,2.2,"[[""Weekly DM9 Top"", 1, 1.8333333333333333]]",,,
2026-08-18,HRMY,Bullish,38.83000183105469,Healthcare,Biotechnology,2.0,1.1,2.2,"[[""Wyckoff LPS"", 0, 2.0]]",,,
2026-08-18,VSH,Bullish,33.52000045776367,Technology,Semiconductors,2.0,1.1,2.2,"[[""Weekly DM9 Bottom"", 0, 2.0]]",,,
2026-08-18,GNW,Bearish,10.079999923706055,Financial,Insurance - Life,1.83,1.2,2.2,"[[""Weekly DM9 Top"", 1, 1.8333333333333333]]",,,
2026-08-18,BTDR,Bullish,9.0,Technology,Software - Application,1.83,1.2,2.2,"[[""Weekly DM9 Bottom"", 1, 1.8333333333333333]]",,,
2026-08-18,UTZ,Bearish,14.15999984741211,Consumer Defensive,Packaged Foods,1.83,1.2,2.2,"[[""Weekly DM9 Top"", 1, 1.8333333333333333]]",,,
2026-08-18,ENVX,Bullish,3.134999990463257,Industrials,Electrical Equipment & Parts,1.83,1.2,2.2,"[[""Weekly DM9 Bottom"", 1, 1.8333333333333333]]",,,
2026-08-18,SFD,Bullish,22.530000686645508,Consumer Defensive,Packaged Foods,2.0,1.1,2.2,"[[""Daily DM13 Bottom"", 0, 2.0]]",,,
2026-08-18,IOT,Bearish,39.58000183105469,Technology,Software - Infrastructure,2.0,1.1,2.2,"[[""Weekly DM9 Top"", 0, 2.0]]",,,
2026-08-18,CE,Bullish,44.650001525878906,Basic Materials,Chemicals,2.0,1.1,2.2,"[[""Weekly DM13 Bottom"", 4, 2.0]]",,,
2026-08-18,BOX,Bearish,32.439998626708984,Technology,Software - Infrastructure,2.0,1.1,2.2,"[[""Weekly DM9 Top"", 0, 2.0]]",,,
2026-08-18,LTH,Bearish,45.400001525878906,Consumer Cyclical,Leisure,2.0,1.1,2.2,"[[""Weekly DM13 Top"", 4, 2.0]]",,,
2026-08-18,JELD,Bearish,1.840000033378601,Industrials,Building Products & Equipment,1.8,1.2,2.16,"[[""Daily DM13 Top"", 2, 1.8]]",,,
2026-08-18,CAPR,Bullish,7.079999923706055,Healthcare,Biotechnology,1.75,1.2,2.1,"[[""Weekly DM13 Bottom"", 5, 1.7499999999999998]]",,,
2026-08-18,DQ,Bullish,13.890000343322754,Technology,Solar,1.75,1.2,2.1,"[[""Weekly DM13 Bottom"", 5, 1.7499999999999998]]",,,
2026-08-18,TLRY,Bullish,4.46999979019165,Healthcare,Drug Manufacturers - Specialty & Generic,1.75,1.2,2.1,"[[""Weekly DM13 Bottom"", 5, 1.7499999999999998]]",,,
2026-08-18,EQX,Bullish,11.449999809265137,Basic Materials,Gold,1.75,1.2,2.1,"[[""Weekly DM13 Bottom"", 5, 1.7499999999999998]]",,,
2026-08-18,UWMC,Bullish,1.440000057220459,Financial,Mortgage Finance,1.75,1.2,2.1,"[[""Weekly DM13 Bottom"", 5, 1.7499999999999998]]",,,
2026-08-18,NIO,Bullish,4.53000020980835,Consumer Cyclical,Auto Manufacturers,1.75,1.2,2.1,"[[""Weekly DM13 Bottom"", 5, 1.7499999999999998]]",,,
2026-08-18,SKT,Bullish,38.31999969482422,Real Estate,REIT - Retail,1.9,1.1,2.09,"[[""Daily DM13 Bottom"", 1, 1.9]]",,,
2026-08-18,IONQ,Bearish,44.119998931884766,Technology,Computer Hardware,1.9,1.1,2.09,"[[""Daily DM13 Top"", 1, 1.9]]",,,
2026-08-18,UMAC,Bearish,30.579999923706055,Technology,Computer Hardware,1.9,1.1,2.09,"[[""Daily DM13 Top"", 1, 1.9]]",,,
2026-08-18,SAIL,Bearish,19.200000762939453,Technology,Software - Infrastructure,1.7,1.2,2.04,"[[""Daily DM13 Top"", 3, 1.7]]",,,
2026-08-18,NNDM,Bearish,1.5499999523162842,Technology,Computer Hardware,1.7,1.2,2.04,"[[""Daily DM13 Top"", 3, 1.7]]",,,
2026-08-18,IQ,Bearish,1.2300000190734863,Communication Services,Entertainment,1.7,1.2,2.04,"[[""Daily DM13 Top"", 3, 1.7]]",,,
2026-08-18,FIGS,Bearish,14.15999984741211,Consumer Cyclical,Apparel Manufacturing,1.7,1.2,2.04,"[[""Daily DM13 Top"", 3, 1.7]]",,,
2026-08-18,ORI,Bearish,42.369998931884766,Financial,Insurance - Property & Casualty,1.83,1.1,2.02,"[[""Weekly DM9 Top"", 1, 1.8333333333333333]]",,,
2026-08-18,GFS,Bullish,49.900001525878906,Technology,Semiconductors,1.83,1.1,2.02,"[[""Weekly DM9 Bottom"", 1, 1.8333333333333333]]",,,
2026-08-18,WTRG,Bearish,40.349998474121094,Utilities,Utilities - Regulated Water,1.83,1.1,2.02,"[[""Weekly DM9 Top"", 1, 1.8333333333333333]]",,,
2026-08-18,APTV,Bullish,48.599998474121094,Consumer Cyclical,Auto Parts,1.83,1.1,2.02,"[[""Weekly DM9 Bottom"", 1, 1.8333333333333333]]",,,
2026-08-18,GFL,Bearish,40.4900016784668,Industrials,Waste Management,1.83,1.1,2.02,"[[""Weekly DM9 Top"", 1, 1.8333333333333333]]",,,
2026-08-18,PRGS,Bearish,43.220001220703125,Technology,Software - Infrastructure,1.83,1.1,2.02,"[[""Weekly DM9 Top"", 1, 1.8333333333333333]]",,,
2026-08-18,TSLA,Bearish,336.8699951171875,Consumer Cyclical,Auto Manufacturers,2.0,1.0,2.0,"[[""Daily DM13 Top"", 0, 2.0]]",,,
2026-08-18,QRVO,Bullish,95.69999694824219,Technology,Semiconductors,2.0,1.0,2.0,"[[""Wyckoff LPS"", 0, 2.0]]",,,
2026-08-18,TPG,Bearish,52.02000045776367,Financial,Asset Management,2.0,1.0,2.0,"[[""Daily DM13 Top"", 0, 2.0]]",,,
2026-08-18,CLMT,Bearish,50.810001373291016,Basic Materials,Specialty Chemicals,2.0,1.0,2.0,"[[""Weekly DM9 Top"", 0, 2.0]]",,,
2026-08-18,ALB,Bullish,132.7100067138672,Basic Materials,Specialty Chemicals,2.0,1.0,2.0,"[[""Wyckoff LPS"", 0, 2.0]]",,,
2026-08-18,NSIT,Bullish,149.24000549316406,Technology,Electronics & Computer Distribution,2.0,1.0,2.0,"[[""Wyckoff LPS"", 0, 2.0]]",,,
2026-08-18,TRU,Bearish,79.47000122070312,Financial,Financial Data & Stock Exchanges,2.0,1.0,2.0,"[[""Weekly DM9 Top"", 0, 2.0]]",,,
2026-08-18,PJT,Bearish,169.72000122070312,Financial,Capital Markets,2.0,1.0,2.0,"[[""Weekly DM9 Top"", 0, 2.0]]",,,
2026-08-18,TRI,Bearish,100.88999938964844,Industrials,Specialty Business Services,2.0,1.0,2.0,"[[""Weekly DM9 Top"", 0, 2.0]]",,,
2026-08-18,TMDX,Bullish,90.69000244140625,Healthcare,Medical Devices,2.0,1.0,2.0,"[[""Wyckoff LPS"", 0, 2.0]]",,,
2026-08-18,TYL,Bearish,332.2099914550781,Technology,Software - Application,2.0,1.0,2.0,"[[""Weekly DM9 Top"", 0, 2.0]]",,,
2026-08-18,APO,Bullish,133.85000610351562,Financial,Asset Management,2.0,1.0,2.0,"[[""Wyckoff LPS"", 0, 2.0]]",,,
2026-08-18,GD,Bearish,393.4800109863281,Industrials,Aerospace & Defense,2.0,1.0,2.0,"[[""Weekly DM9 Top"", 0, 2.0]]",,,
2026-08-18,EXPO,Bullish,67.51000213623047,Industrials,Engineering & Construction,2.0,1.0,2.0,"[[""Wyckoff LPS"", 0, 2.0]]",,,
2026-08-18,MYRG,Bullish,323.8900146484375,Industrials,Engineering & Construction,2.0,1.0,2.0,"[[""Weekly DM9 Bottom"", 0, 2.0]]",,,
2026-08-18,PCOR,Bullish,59.88999938964844,Technology,Software - Application,2.0,1.0,2.0,"[[""Wyckoff LPS"", 0, 2.0]]",,,
2026-08-18,HRB,Bearish,50.939998626708984,Consumer Cyclical,Personal Services,2.0,1.0,2.0,"[[""Weekly DM9 Top"", 0, 2.0]]",,,
2026-08-18,PYPL,Bearish,60.43000030517578,Financial,Credit Services,2.0,1.0,2.0,"[[""Weekly DM9 Top"", 0, 2.0]]",,,
2026-08-18,MSFT,Bullish,481.6300048828125,Technology,Software - Infrastructure,2.0,1.0,2.0,"[[""Wyckoff LPS"", 0, 2.0]]",,,
2026-08-18,GMED,Bullish,86.44000244140625,Healthcare,Medical Devices,2.0,1.0,2.0,"[[""Wyckoff LPS"", 0, 2.0]]",,,
2026-08-18,JBTM,Bullish,115.2300033569336,Industrials,Specialty Industrial Machinery,2.0,1.0,2.0,"[[""Daily DM13 Bottom"", 0, 2.0]]",,,
2026-08-18,UHS,Bullish,173.08999633789062,Healthcare,Medical Care Facilities,2.0,1.0,2.0,"[[""Wyckoff LPS"", 0, 2.0]]",,,
2026-08-18,TBBK,Bullish,68.31999969482422,Financial,Banks - Regional,2.0,1.0,2.0,"[[""Wyckoff LPS"", 0, 2.0]]",,,
2026-08-18,ROKU,Bullish,157.77999877929688,Communication Services,Entertainment,2.0,1.0,2.0,"[[""Wyckoff LPS"", 0, 2.0]]",,,
2026-08-18,MAR,Bullish,357.3299865722656,Consumer Cyclical,Lodging,2.0,1.0,2.0,"[[""Weekly DM9 Bottom"", 0, 2.0]]",,,
2026-08-18,DXCM,Bullish,89.5999984741211,Healthcare,Medical Devices,2.0,1.0,2.0,"[[""Wyckoff LPS"", 0, 2.0]]",,,
2026-08-18,ADTN,Bullish,8.100000381469727,Technology,Communication Equipment,1.67,1.2,2.0,"[[""Weekly DM9 Bottom"", 2, 1.6666666666666667]]",,,
2026-08-18,BKNG,Bullish,208.25,Consumer Cyclical,Travel Services,2.0,1.0,2.0,"[[""Wyckoff LPS"", 0, 2.0]]",,,
2026-08-18,AXON,Bullish,619.8499755859375,Industrials,Aerospace & Defense,2.0,1.0,2.0,"[[""Wyckoff LPS"", 0, 2.0]]",,,
2026-08-18,GPN,Bearish,90.37000274658203,Technology,Software - Infrastructure,2.0,1.0,2.0,"[[""Weekly DM9 Top"", 0, 2.0]]",,,
2026-08-18,KKR,Bearish,107.19000244140625,Financial,Asset Management,2.0,1.0,2.0,"[[""Weekly DM9 Top"", 0, 2.0]]",,,
2026-08-18,NKTR,Bearish,73.63999938964844,Healthcare,Biotechnology,2.0,1.0,2.0,"[[""Weekly DM9 Top"", 0, 2.0]]",,,
2026-08-18,GLNG,Bearish,52.16999816894531,Energy,Oil & Gas Midstream,2.0,1.0,2.0,"[[""Daily DM13 Top"", 0, 2.0]]",,,
2026-08-18,JXN,Bullish,134.86000061035156,Financial,Insurance - Life,2.0,1.0,2.0,"[[""Wyckoff LPS"", 0, 2.0]]",,,
2026-08-18,CTSH,Bullish,57.779998779296875,Technology,Information Technology Services,2.0,1.0,2.0,"[[""Wyckoff LPS"", 0, 2.0]]",,,
2026-08-18,CRC,Bullish,53.13999938964844,Energy,Oil & Gas E&P,2.0,1.0,2.0,"[[""Weekly DM13 Bottom"", 4, 2.0]]",,,
2026-08-18,CDNS,Bullish,316.5199890136719,Technology,Software - Application,2.0,1.0,2.0,"[[""Weekly DM9 Bottom"", 0, 2.0]]",,,
2026-08-18,GRND,Bearish,15.960000038146973,Technology,Software - Application,1.67,1.2,2.0,"[[""Weekly DM9 Top"", 2, 1.6666666666666667]]",,,
2026-08-18,DINO,Bearish,95.69999694824219,Energy,Oil & Gas Refining & Marketing,2.0,1.0,2.0,"[[""Weekly DM9 Top"", 0, 2.0]]",,,
2026-08-18,VIV,Bullish,11.289999961853027,Communication Services,Telecom Services,1.6,1.2,1.92,"[[""Daily DM13 Bottom"", 4, 1.6]]",,,
2026-08-18,ECVT,Bullish,10.3100004196167,Basic Materials,Specialty Chemicals,1.6,1.2,1.92,"[[""Daily DM13 Bottom"", 4, 1.6]]",,,
2026-08-18,PD,Bearish,11.859999656677246,Technology,Software - Application,1.6,1.2,1.92,"[[""Daily DM13 Top"", 4, 1.6]]",,,
2026-08-18,BFLY,Bearish,9.0,Healthcare,Medical Devices,1.6,1.2,1.92,"[[""Daily DM13 Top"", 4, 1.6]]",,,
2026-08-18,HTHT,Bullish,45.91999816894531,Consumer Cyclical,Lodging,1.75,1.1,1.92,"[[""Weekly DM13 Bottom"", 5, 1.7499999999999998]]",,,
2026-08-18,GFI,Bullish,40.91999816894531,Basic Materials,Gold,1.75,1.1,1.92,"[[""Weekly DM13 Bottom"", 5, 1.7499999999999998]]",,,
2026-08-18,PHYS,Bullish,33.02000045776367,Financial,Asset Management,1.75,1.1,1.92,"[[""Weekly DM13 Bottom"", 5, 1.7499999999999998]]",,,
2026-08-18,LVS,Bullish,45.470001220703125,Consumer Cyclical,Resorts & Casinos,1.75,1.1,1.92,"[[""Weekly DM13 Bottom"", 5, 1.7499999999999998]]",,,
2026-08-18,GPI,Bullish,250.00999450683594,Consumer Cyclical,Auto & Truck Dealerships,1.9,1.0,1.9,"[[""Daily DM13 Bottom"", 1, 1.9]]",,,
2026-08-18,WHD,Bearish,73.12999725341797,Energy,Oil & Gas Equipment & Services,1.9,1.0,1.9,"[[""Daily DM13 Top"", 1, 1.9]]",,,
2026-08-18,L,Bullish,112.44999694824219,Financial,Insurance - Property & Casualty,1.9,1.0,1.9,"[[""Daily DM13 Bottom"", 1, 1.9]]",,,
2026-08-18,CALM,Bullish,81.19000244140625,Consumer Defensive,Farm Products,1.9,1.0,1.9,"[[""Daily DM13 Bottom"", 1, 1.9]]",,,
2026-08-18,NEM,Bearish,115.9800033569336,Basic Materials,Gold,1.9,1.0,1.9,"[[""Daily DM13 Top"", 1, 1.9]]",,,
2026-08-18,WRB,Bullish,70.16999816894531,Financial,Insurance - Property & Casualty,1.9,1.0,1.9,"[[""Daily DM13 Bottom"", 1, 1.9]]",,,
2026-08-18,BDC,Bearish,129.39999389648438,Technology,Communication Equipment,1.9,1.0,1.9,"[[""Daily DM13 Top"", 1, 1.9]]",,,
2026-08-18,BRX,Bullish,29.6200008392334,Real Estate,REIT - Retail,1.7,1.1,1.87,"[[""Daily DM13 Bottom"", 3, 1.7]]",,,
2026-08-18,GLOB,Bearish,37.310001373291016,Technology,Information Technology Services,1.7,1.1,1.87,"[[""Daily DM13 Top"", 3, 1.7]]",,,
2026-08-18,NI,Bullish,42.119998931884766,Utilities,Utilities - Regulated Gas,1.7,1.1,1.87,"[[""Daily DM13 Bottom"", 3, 1.7]]",,,
2026-08-18,CMCSA,Bearish,26.200000762939453,Communication Services,Telecom Services,1.7,1.1,1.87,"[[""Daily DM13 Top"", 3, 1.7]]",,,
2026-08-18,DB,Bearish,38.09000015258789,Financial,Banks - Regional,1.7,1.1,1.87,"[[""Daily DM13 Top"", 3, 1.7]]",,,
2026-08-18,CLDX,Bearish,41.790000915527344,Healthcare,Biotechnology,1.7,1.1,1.87,"[[""Daily DM13 Top"", 3, 1.7]]",,,
2026-08-18,ZETA,Bearish,28.229999542236328,Technology,Software - Infrastructure,1.7,1.1,1.87,"[[""Daily DM13 Top"", 3, 1.7]]",,,
2026-08-18,PBF,Bearish,75.19999694824219,Energy,Oil & Gas Refining & Marketing,1.83,1.0,1.83,"[[""Weekly DM9 Top"", 1, 1.8333333333333333]]",,,
2026-08-18,ADP,Bearish,269.30999755859375,Technology,Software - Application,1.83,1.0,1.83,"[[""Weekly DM9 Top"", 1, 1.8333333333333333]]",,,
2026-08-18,SPSC,Bearish,77.37999725341797,Technology,Software - Application,1.83,1.0,1.83,"[[""Weekly DM9 Top"", 1, 1.8333333333333333]]",,,
2026-08-18,EDU,Bearish,54.52000045776367,Consumer Defensive,Education & Training Services,1.83,1.0,1.83,"[[""Weekly DM9 Top"", 1, 1.8333333333333333]]",,,
2026-08-18,TDY,Bearish,665.0,Technology,Scientific & Technical Instruments,1.83,1.0,1.83,"[[""Weekly DM9 Top"", 1, 1.8333333333333333]]",,,
2026-08-18,MPC,Bearish,366.2099914550781,Energy,Oil & Gas Refining & Marketing,1.83,1.0,1.83,"[[""Weekly DM9 Top"", 1, 1.8333333333333333]]",,,
2026-08-18,ESNT,Bearish,69.58000183105469,Financial,Insurance - Specialty,1.83,1.0,1.83,"[[""Weekly DM9 Top"", 1, 1.8333333333333333]]",,,
2026-08-18,MOD,Bullish,200.66000366210938,Consumer Cyclical,Auto Parts,1.83,1.0,1.83,"[[""Weekly DM9 Bottom"", 1, 1.8333333333333333]]",,,
2026-08-18,OMC,Bearish,86.30999755859375,Communication Services,Advertising Agencies,1.83,1.0,1.83,"[[""Weekly DM9 Top"", 1, 1.8333333333333333]]",,,
2026-08-18,PBH,Bearish,50.56999969482422,Healthcare,Drug Manufacturers - Specialty & Generic,1.83,1.0,1.83,"[[""Weekly DM9 Top"", 1, 1.8333333333333333]]",,,
2026-08-18,MRK,Bearish,135.1699981689453,Healthcare,Drug Manufacturers - General,1.83,1.0,1.83,"[[""Weekly DM9 Top"", 1, 1.8333333333333333]]",,,
2026-08-18,DECK,Bullish,89.51000213623047,Consumer Cyclical,Footwear & Accessories,1.83,1.0,1.83,"[[""Weekly DM9 Bottom"", 1, 1.8333333333333333]]",,,
2026-08-18,KNTK,Bearish,54.540000915527344,Energy,Oil & Gas Midstream,1.83,1.0,1.83,"[[""Weekly DM9 Top"", 1, 1.8333333333333333]]",,,
2026-08-18,MTG,Bearish,31.1200008392334,Financial,Insurance - Specialty,1.67,1.1,1.83,"[[""Weekly DM9 Top"", 2, 1.6666666666666667]]",,,
2026-08-18,INSP,Bearish,57.380001068115234,Healthcare,Medical Devices,1.83,1.0,1.83,"[[""Weekly DM9 Top"", 1, 1.8333333333333333]]",,,
2026-08-18,LGN,Bullish,63.65999984741211,Industrials,Engineering & Construction,1.83,1.0,1.83,"[[""Weekly DM9 Bottom"", 1, 1.8333333333333333]]",,,
2026-08-18,DGX,Bearish,236.25,Healthcare,Diagnostics & Research,1.83,1.0,1.83,"[[""Weekly DM9 Top"", 1, 1.8333333333333333]]",,,
2026-08-18,GSHD,Bearish,64.77999877929688,Financial,Insurance Brokers,1.83,1.0,1.83,"[[""Weekly DM9 Top"", 1, 1.8333333333333333]]",,,
2026-08-18,DK,Bearish,68.22000122070312,Energy,Oil & Gas Refining & Marketing,1.83,1.0,1.83,"[[""Weekly DM9 Top"", 1, 1.8333333333333333]]",,,
2026-08-18,STRL,Bullish,554.760009765625,Industrials,Engineering & Construction,1.83,1.0,1.83,"[[""Weekly DM9 Bottom"", 1, 1.8333333333333333]]",,,
2026-08-18,MCK,Bearish,869.260009765625,Healthcare,Medical Distribution,1.83,1.0,1.83,"[[""Weekly DM9 Top"", 1, 1.8333333333333333]]",,,
2026-08-18,MA,Bearish,574.3099975585938,Financial,Credit Services,1.83,1.0,1.83,"[[""Weekly DM9 Top"", 1, 1.8333333333333333]]",,,
2026-08-18,COR,Bearish,316.1300048828125,Healthcare,Medical Distribution,1.83,1.0,1.83,"[[""Weekly DM9 Top"", 1, 1.8333333333333333]]",,,
2026-08-18,VLO,Bearish,350.04998779296875,Energy,Oil & Gas Refining & Marketing,1.83,1.0,1.83,"[[""Weekly DM9 Top"", 1, 1.8333333333333333]]",,,
2026-08-18,CM,Bearish,121.63999938964844,Financial,Banks - Diversified,1.83,1.0,1.83,"[[""Weekly DM9 Top"", 1, 1.8333333333333333]]",,,
2026-08-18,RPRX,Bearish,59.689998626708984,Healthcare,Biotechnology,1.83,1.0,1.83,"[[""Weekly DM9 Top"", 1, 1.8333333333333333]]",,,
2026-08-18,V,Bearish,364.25,Financial,Credit Services,1.83,1.0,1.83,"[[""Weekly DM9 Top"", 1, 1.8333333333333333]]",,,
2026-08-18,ONON,Bullish,31.030000686645508,Consumer Cyclical,Footwear & Accessories,1.67,1.1,1.83,"[[""Weekly DM9 Bottom"", 2, 1.6666666666666667]]",,,
2026-08-18,ITRI,Bearish,96.18000030517578,Technology,Scientific & Technical Instruments,1.83,1.0,1.83,"[[""Weekly DM9 Top"", 1, 1.8333333333333333]]",,,
2026-08-18,BMY,Bearish,66.05000305175781,Healthcare,Drug Manufacturers - General,1.83,1.0,1.83,"[[""Weekly DM9 Top"", 1, 1.8333333333333333]]",,,
2026-08-18,POWL,Bullish,203.5500030517578,Industrials,Electrical Equipment & Parts,1.83,1.0,1.83,"[[""Weekly DM9 Bottom"", 1, 1.8333333333333333]]",,,
2026-08-18,THC,Bearish,270.2099914550781,Healthcare,Medical Care Facilities,1.83,1.0,1.83,"[[""Weekly DM9 Top"", 1, 1.8333333333333333]]",,,
2026-08-18,POWI,Bullish,58.59000015258789,Technology,Semiconductors,1.83,1.0,1.83,"[[""Weekly DM9 Bottom"", 1, 1.8333333333333333]]",,,
2026-08-18,IQV,Bearish,240.02999877929688,Healthcare,Diagnostics & Research,1.83,1.0,1.83,"[[""Weekly DM9 Top"", 1, 1.8333333333333333]]",,,
2026-08-18,VLTO,Bearish,96.06999969482422,Industrials,Pollution & Treatment Controls,1.83,1.0,1.83,"[[""Weekly DM9 Top"", 1, 1.8333333333333333]]",,,
2026-08-18,TFC,Bearish,52.40999984741211,Financial,Banks - Regional,1.83,1.0,1.83,"[[""Weekly DM9 Top"", 1, 1.8333333333333333]]",,,
2026-08-18,LH,Bearish,322.17999267578125,Healthcare,Diagnostics & Research,1.83,1.0,1.83,"[[""Weekly DM9 Top"", 1, 1.8333333333333333]]",,,
2026-08-18,COCO,Bullish,63.540000915527344,Consumer Defensive,Beverages - Non-Alcoholic,1.83,1.0,1.83,"[[""Weekly DM9 Bottom"", 1, 1.8333333333333333]]",,,
2026-08-18,OII,Bearish,53.099998474121094,Energy,Oil & Gas Equipment & Services,1.83,1.0,1.83,"[[""Weekly DM9 Top"", 1, 1.8333333333333333]]",,,
2026-08-18,ON,Bullish,79.41999816894531,Technology,Semiconductors,1.83,1.0,1.83,"[[""Weekly DM9 Bottom"", 1, 1.8333333333333333]]",,,
2026-08-18,AMGN,Bearish,425.2799987792969,Healthcare,Drug Manufacturers - General,1.83,1.0,1.83,"[[""Weekly DM9 Top"", 1, 1.8333333333333333]]",,,
2026-08-18,ENPH,Bullish,37.58000183105469,Technology,Solar,1.67,1.1,1.83,"[[""Weekly DM9 Bottom"", 2, 1.6666666666666667]]",,,
2026-08-18,MCHP,Bullish,78.19000244140625,Technology,Semiconductors,1.83,1.0,1.83,"[[""Weekly DM9 Bottom"", 1, 1.8333333333333333]]",,,
2026-08-18,OWL,Bearish,11.59000015258789,Financial,Asset Management,1.5,1.2,1.8,"[[""Daily DM13 Top"", 5, 1.5]]",,,
2026-08-18,WGS,Bearish,76.33999633789062,Healthcare,Diagnostics & Research,1.8,1.0,1.8,"[[""Daily DM13 Top"", 2, 1.8]]",,,
2026-08-18,QS,Bullish,5.760000228881836,Consumer Cyclical,Auto Parts,1.5,1.2,1.8,"[[""Weekly DM9 Bottom"", 3, 1.5]]",,,
2026-08-18,PLUG,Bullish,2.1600000858306885,Industrials,Electrical Equipment & Parts,1.5,1.2,1.8,"[[""Weekly DM9 Bottom"", 3, 1.5]]",,,
2026-08-18,LYG,Bearish,6.059999942779541,Financial,Banks - Regional,1.5,1.2,1.8,"[[""Weekly DM9 Top"", 3, 1.5]]",,,
2026-08-18,NEGG,Bullish,17.670000076293945,Consumer Cyclical,Internet Retail,1.5,1.2,1.8,"[[""Weekly DM13 Bottom"", 6, 1.5]]",,,
2026-08-18,BLDP,Bullish,2.4700000286102295,Industrials,Specialty Industrial Machinery,1.5,1.2,1.8,"[[""Weekly DM9 Bottom"", 3, 1.5]]",,,
2026-08-18,HIMX,Bullish,14.369999885559082,Technology,Semiconductors,1.5,1.2,1.8,"[[""Weekly DM9 Bottom"", 3, 1.5]]",,,
2026-08-18,ACVA,Bearish,7.630000114440918,Consumer Cyclical,Auto & Truck Dealerships,1.5,1.2,1.8,"[[""Weekly DM9 Top"", 3, 1.5]]",,,
2026-08-18,NWG,Bearish,18.739999771118164,Financial,Banks - Regional,1.5,1.2,1.8,"[[""Weekly DM9 Top"", 3, 1.5]]",,,
2026-08-18,PCT,Bullish,6.880000114440918,Industrials,Pollution & Treatment Controls,1.5,1.2,1.8,"[[""Weekly DM9 Bottom"", 3, 1.5]]",,,
2026-08-18,ERIC,Bullish,10.09000015258789,Technology,Communication Equipment,1.5,1.2,1.8,"[[""Weekly DM9 Bottom"", 3, 1.5]]",,,
2026-08-18,CERT,Bearish,8.010000228881836,Healthcare,Health Information Services,1.5,1.2,1.8,"[[""Weekly DM9 Top"", 3, 1.5]]",,,
2026-08-18,LUMN,Bullish,6.130000114440918,Communication Services,Telecom Services,1.5,1.2,1.8,"[[""Weekly DM9 Bottom"", 3, 1.5]]",,,
2026-08-18,NAKA,Bullish,5.010000228881836,Healthcare,Medical Care Facilities,1.5,1.2,1.8,"[[""Weekly DM13 Bottom"", 6, 1.5]]",,,
2026-08-18,FMC,Bullish,10.119999885559082,Basic Materials,Agricultural Inputs,1.5,1.2,1.8,"[[""Weekly DM13 Bottom"", 6, 1.5]]",,,
2026-08-18,BW,Bullish,9.140000343322754,Industrials,Specialty Industrial Machinery,1.5,1.2,1.8,"[[""Weekly DM9 Bottom"", 3, 1.5]]",,,
2026-08-18,NAT,Bearish,6.929999828338623,Energy,Oil & Gas Midstream,1.5,1.2,1.8,"[[""Weekly DM9 Top"", 3, 1.5]]",,,
2026-08-18,NET,Bearish,301.3599853515625,Technology,Software - Infrastructure,1.8,1.0,1.8,"[[""Daily DM13 Top"", 2, 1.8]]",,,
2026-08-18,IVT,Bullish,33.400001525878906,Real Estate,REIT - Retail,1.6,1.1,1.76,"[[""Daily DM13 Bottom"", 4, 1.6]]",,,
2026-08-18,ALKT,Bearish,20.139999389648438,Technology,Software - Application,1.6,1.1,1.76,"[[""Daily DM13 Top"", 4, 1.6]]",,,
2026-08-18,BNL,Bullish,20.780000686645508,Real Estate,REIT - Diversified,1.6,1.1,1.76,"[[""Daily DM13 Bottom"", 4, 1.6]]",,,
2026-08-18,FIVN,Bearish,32.45000076293945,Technology,Software - Infrastructure,1.6,1.1,1.76,"[[""Daily DM13 Top"", 4, 1.6]]",,,
2026-08-18,BR,Bearish,169.86000061035156,Technology,Information Technology Services,1.7,1.0,1.7,"[[""Daily DM13 Top"", 3, 1.7]]",,,
2026-08-18,ALC,Bearish,73.55000305175781,Healthcare,Medical Instruments & Supplies,1.7,1.0,1.7,"[[""Daily DM13 Top"", 3, 1.7]]",,,
2026-08-18,RDNT,Bearish,73.83000183105469,Healthcare,Diagnostics & Research,1.7,1.0,1.7,"[[""Daily DM13 Top"", 3, 1.7]]",,,
2026-08-18,CRSP,Bearish,52.970001220703125,Healthcare,Biotechnology,1.7,1.0,1.7,"[[""Daily DM13 Top"", 3, 1.7]]",,,
2026-08-18,DTE,Bullish,140.2100067138672,Utilities,Utilities - Regulated Electric,1.7,1.0,1.7,"[[""Daily DM13 Bottom"", 3, 1.7]]",,,
2026-08-18,REG,Bullish,76.19000244140625,Real Estate,REIT - Retail,1.7,1.0,1.7,"[[""Daily DM13 Bottom"", 3, 1.7]]",,,
2026-08-18,AXGN,Bearish,50.189998626708984,Healthcare,Medical Devices,1.7,1.0,1.7,"[[""Daily DM13 Top"", 3, 1.7]]",,,
2026-08-18,NHI,Bullish,73.23999786376953,Real Estate,REIT - Healthcare Facilities,1.7,1.0,1.7,"[[""Daily DM13 Bottom"", 3, 1.7]]",,,
2026-08-18,MRVI,Bullish,5.739999771118164,Healthcare,Biotechnology,1.4,1.2,1.68,"[[""Daily DM13 Bottom"", 6, 1.4]]",,,
2026-08-18,AMP,Bearish,562.1199951171875,Financial,Asset Management,1.67,1.0,1.67,"[[""Weekly DM9 Top"", 2, 1.6666666666666667]]",,,
2026-08-18,SYNA,Bullish,104.83000183105469,Technology,Semiconductors,1.67,1.0,1.67,"[[""Weekly DM9 Bottom"", 2, 1.6666666666666667]]",,,
2026-08-18,QCOM,Bullish,160.19000244140625,Technology,Semiconductors,1.67,1.0,1.67,"[[""Weekly DM9 Bottom"", 2, 1.6666666666666667]]",,,
2026-08-18,SBAC,Bullish,181.39999389648438,Real Estate,REIT - Specialty,1.67,1.0,1.67,"[[""Weekly DM9 Bottom"", 2, 1.6666666666666667]]",,,
2026-08-18,FAF,Bearish,72.44999694824219,Financial,Insurance - Specialty,1.67,1.0,1.67,"[[""Weekly DM9 Top"", 2, 1.6666666666666667]]",,,
2026-08-18,TPC,Bearish,91.7300033569336,Industrials,Engineering & Construction,1.67,1.0,1.67,"[[""Weekly DM9 Top"", 2, 1.6666666666666667]]",,,
2026-08-18,CCI,Bullish,74.02999877929688,Real Estate,REIT - Specialty,1.67,1.0,1.67,"[[""Weekly DM9 Bottom"", 2, 1.6666666666666667]]",,,
2026-08-18,NXPI,Bullish,228.55999755859375,Technology,Semiconductors,1.67,1.0,1.67,"[[""Weekly DM9 Bottom"", 2, 1.6666666666666667]]",,,
2026-08-18,RMBS,Bullish,93.70999908447266,Technology,Semiconductors,1.67,1.0,1.67,"[[""Weekly DM9 Bottom"", 2, 1.6666666666666667]]",,,
2026-08-18,MFC,Bearish,44.029998779296875,Financial,Insurance - Life,1.5,1.1,1.65,"[[""Weekly DM9 Top"", 3, 1.5]]",,,
2026-08-18,SEDG,Bullish,29.81999969482422,Technology,Solar,1.5,1.1,1.65,"[[""Weekly DM9 Bottom"", 3, 1.5]]",,,
2026-08-18,LNC,Bearish,45.08000183105469,Financial,Insurance - Life,1.5,1.1,1.65,"[[""Weekly DM9 Top"", 3, 1.5]]",,,
2026-08-18,SBCF,Bearish,35.540000915527344,Financial,Banks - Regional,1.5,1.1,1.65,"[[""Weekly DM9 Top"", 3, 1.5]]",,,
2026-08-18,RVLV,Bearish,22.860000610351562,Consumer Cyclical,Internet Retail,1.5,1.1,1.65,"[[""Weekly DM9 Top"", 3, 1.5]]",,,
2026-08-18,SW,Bearish,47.29999923706055,Consumer Cyclical,Packaging & Containers,1.5,1.1,1.65,"[[""Weekly DM9 Top"", 3, 1.5]]",,,
2026-08-18,CRBG,Bearish,33.119998931884766,Financial,Asset Management,1.5,1.1,1.65,"[[""Weekly DM9 Top"", 3, 1.5]]",,,
2026-08-18,DYN,Bearish,26.0,Healthcare,Biotechnology,1.5,1.1,1.65,"[[""Weekly DM9 Top"", 3, 1.5]]",,,
2026-08-18,EBC,Bearish,23.610000610351562,Financial,Banks - Regional,1.5,1.1,1.65,"[[""Weekly DM9 Top"", 3, 1.5]]",,,
2026-08-18,PGY,Bearish,20.31999969482422,Technology,Software - Infrastructure,1.5,1.1,1.65,"[[""Weekly DM9 Top"", 3, 1.5]]",,,
2026-08-18,WOLF,Bullish,31.459999084472656,Technology,Semiconductors,1.5,1.1,1.65,"[[""Weekly DM9 Bottom"", 3, 1.5]]",,,
2026-08-18,TRMK,Bearish,47.689998626708984,Financial,Banks - Regional,1.5,1.1,1.65,"[[""Weekly DM9 Top"", 3, 1.5]]",,,
2026-08-18,PGNY,Bearish,25.709999084472656,Healthcare,Healthcare Plans,1.5,1.1,1.65,"[[""Weekly DM13 Top"", 6, 1.5]]",,,
2026-08-18,COGT,Bearish,37.400001525878906,Healthcare,Biotechnology,1.5,1.1,1.65,"[[""Weekly DM9 Top"", 3, 1.5]]",,,
2026-08-18,PRCT,Bullish,21.31999969482422,Healthcare,Medical Devices,1.5,1.1,1.65,"[[""Weekly DM9 Bottom"", 3, 1.5]]",,,
2026-08-18,EVTC,Bearish,29.59000015258789,Technology,Software - Infrastructure,1.5,1.1,1.65,"[[""Weekly DM9 Top"", 3, 1.5]]",,,
2026-08-18,TOWN,Bearish,37.630001068115234,Financial,Banks - Regional,1.5,1.1,1.65,"[[""Weekly DM9 Top"", 3, 1.5]]",,,
2026-08-18,ONB,Bearish,26.65999984741211,Financial,Banks - Regional,1.5,1.1,1.65,"[[""Weekly DM9 Top"", 3, 1.5]]",,,
2026-08-18,SLI,Bullish,2.25,Basic Materials,Other Industrial Metals & Mining,1.33,1.2,1.6,"[[""Weekly DM9 Bottom"", 4, 1.3333333333333335]]",,,
2026-08-18,TGT,Bearish,152.47999572753906,Consumer Defensive,Discount Stores,1.6,1.0,1.6,"[[""Daily DM13 Top"", 4, 1.6]]",,,
2026-08-18,GAU,Bullish,2.0299999713897705,Basic Materials,Gold,1.33,1.2,1.6,"[[""Weekly DM9 Bottom"", 4, 1.3333333333333335]]",,,
2026-08-18,MDB,Bearish,434.6199951171875,Technology,Software - Infrastructure,1.6,1.0,1.6,"[[""Daily DM13 Top"", 4, 1.6]]",,,
2026-08-18,OLLI,Bearish,76.20999908447266,Consumer Defensive,Discount Stores,1.6,1.0,1.6,"[[""Daily DM13 Top"", 4, 1.6]]",,,
2026-08-18,RR,Bullish,1.6100000143051147,Industrials,Specialty Industrial Machinery,1.33,1.2,1.6,"[[""Weekly DM9 Bottom"", 4, 1.3333333333333335]]",,,
2026-08-18,IE,Bullish,10.149999618530273,Basic Materials,Copper,1.33,1.2,1.6,"[[""Weekly DM9 Bottom"", 4, 1.3333333333333335]]",,,
2026-08-18,BTG,Bullish,4.980000019073486,Basic Materials,Gold,1.33,1.2,1.6,"[[""Weekly DM9 Bottom"", 4, 1.3333333333333335]]",,,
2026-08-18,SATL,Bullish,5.739999771118164,Industrials,Aerospace & Defense,1.33,1.2,1.6,"[[""Weekly DM9 Bottom"", 4, 1.3333333333333335]]",,,
2026-08-18,LAR,Bullish,6.159999847412109,Basic Materials,Other Industrial Metals & Mining,1.33,1.2,1.6,"[[""Weekly DM9 Bottom"", 4, 1.3333333333333335]]",,,
2026-08-18,USAR,Bullish,18.510000228881836,Basic Materials,Other Industrial Metals & Mining,1.33,1.2,1.6,"[[""Weekly DM9 Bottom"", 4, 1.3333333333333335]]",,,
2026-08-18,CRM,Bearish,196.13999938964844,Technology,Software - Application,1.6,1.0,1.6,"[[""Daily DM13 Top"", 4, 1.6]]",,,
2026-08-18,USAS,Bullish,4.949999809265137,Basic Materials,Other Industrial Metals & Mining,1.33,1.2,1.6,"[[""Weekly DM9 Bottom"", 4, 1.3333333333333335]]",,,
2026-08-18,TU,Bullish,9.670000076293945,Communication Services,Telecom Services,1.33,1.2,1.6,"[[""Weekly DM9 Bottom"", 4, 1.3333333333333335]]",,,
2026-08-18,JOBY,Bullish,7.650000095367432,Industrials,Airports & Air Services,1.33,1.2,1.6,"[[""Weekly DM9 Bottom"", 4, 1.3333333333333335]]",,,
2026-08-18,EOSE,Bullish,3.6700000762939453,Industrials,Electrical Equipment & Parts,1.33,1.2,1.6,"[[""Weekly DM9 Bottom"", 4, 1.3333333333333335]]",,,
2026-08-18,BAM,Bearish,51.470001220703125,Financial,Asset Management,1.6,1.0,1.6,"[[""Daily DM13 Top"", 4, 1.6]]",,,
2026-08-18,SVM,Bullish,11.539999961853027,Basic Materials,Silver,1.33,1.2,1.6,"[[""Weekly DM9 Bottom"", 4, 1.3333333333333335]]",,,
2026-08-18,RUM,Bullish,8.100000381469727,Communication Services,Internet Content & Information,1.33,1.2,1.6,"[[""Weekly DM9 Bottom"", 4, 1.3333333333333335]]",,,
2026-08-18,ESTC,Bearish,85.01000213623047,Technology,Software - Application,1.6,1.0,1.6,"[[""Daily DM13 Top"", 4, 1.6]]",,,
2026-08-18,ZM,Bearish,104.70999908447266,Technology,Software - Application,1.6,1.0,1.6,"[[""Daily DM13 Top"", 4, 1.6]]",,,
2026-08-18,NOW,Bearish,119.48999786376953,Technology,Software - Application,1.6,1.0,1.6,"[[""Daily DM13 Top"", 4, 1.6]]",,,
2026-08-18,SNDL,Bullish,1.2300000190734863,Consumer Defensive,Beverages - Wineries & Distilleries,1.33,1.2,1.6,"[[""Weekly DM9 Bottom"", 4, 1.3333333333333335]]",,,
2026-08-18,WDAY,Bearish,190.63499450683594,Technology,Software - Application,1.6,1.0,1.6,"[[""Daily DM13 Top"", 4, 1.6]]",,,
2026-08-18,NTNX,Bearish,65.83000183105469,Technology,Software - Infrastructure,1.6,1.0,1.6,"[[""Daily DM13 Top"", 4, 1.6]]",,,
2026-08-18,ENB,Bullish,51.38999938964844,Energy,Oil & Gas Midstream,1.6,1.0,1.6,"[[""Daily DM13 Bottom"", 4, 1.6]]",,,
2026-08-18,NPWR,Bullish,1.649999976158142,Industrials,Specialty Industrial Machinery,1.33,1.2,1.6,"[[""Weekly DM9 Bottom"", 4, 1.3333333333333335]]",,,
2026-08-18,EXPE,Bearish,321.4200134277344,Consumer Cyclical,Travel Services,1.6,1.0,1.6,"[[""Daily DM13 Top"", 4, 1.6]]",,,
2026-08-18,VNET,Bullish,6.579999923706055,Technology,Information Technology Services,1.33,1.2,1.6,"[[""Weekly DM9 Bottom"", 4, 1.3333333333333335]]",,,
2026-08-18,PTC,Bearish,146.47999572753906,Technology,Software - Application,1.6,1.0,1.6,"[[""Daily DM13 Top"", 4, 1.6]]",,,
2026-08-18,TRP,Bullish,64.0199966430664,Energy,Oil & Gas Midstream,1.6,1.0,1.6,"[[""Daily DM13 Bottom"", 4, 1.6]]",,,
2026-08-18,TEAM,Bearish,163.0,Technology,Software - Application,1.6,1.0,1.6,"[[""Daily DM13 Top"", 4, 1.6]]",,,
2026-08-18,VSTS,Bullish,13.010000228881836,Industrials,Rental & Leasing Services,1.3,1.2,1.56,"[[""Daily DM13 Bottom"", 7, 1.3]]",,,
2026-08-18,CLNE,Bullish,1.6050000190734863,Energy,Oil & Gas Refining & Marketing,1.3,1.2,1.56,"[[""Daily DM13 Bottom"", 7, 1.3]]",,,
2026-08-18,TIC,Bearish,9.300000190734863,Industrials,Specialty Business Services,1.3,1.2,1.56,"[[""Daily DM13 Top"", 7, 1.3]]",,,
2026-08-18,ASTS,Bullish,67.06999969482422,Technology,Communication Equipment,1.5,1.0,1.5,"[[""Weekly DM9 Bottom"", 3, 1.5]]",,,
2026-08-18,SSB,Bearish,110.08999633789062,Financial,Banks - Regional,1.5,1.0,1.5,"[[""Weekly DM9 Top"", 3, 1.5]]",,,
2026-08-18,WLK,Bullish,77.5199966430664,Basic Materials,Specialty Chemicals,1.5,1.0,1.5,"[[""Weekly DM13 Bottom"", 6, 1.5]]",,,
2026-08-18,FBK,Bearish,61.04999923706055,Financial,Banks - Regional,1.5,1.0,1.5,"[[""Weekly DM9 Top"", 3, 1.5]]",,,
2026-08-18,BSX,Bearish,50.470001220703125,Healthcare,Medical Devices,1.5,1.0,1.5,"[[""Daily DM13 Top"", 5, 1.5]]",,,
2026-08-18,AVY,Bearish,177.7100067138672,Consumer Cyclical,Packaging & Containers,1.5,1.0,1.5,"[[""Daily DM13 Top"", 5, 1.5]]",,,
2026-08-18,UL,Bearish,62.029998779296875,Consumer Defensive,Household & Personal Products,1.5,1.0,1.5,"[[""Weekly DM9 Top"", 3, 1.5]]",,,
2026-08-18,HXL,Bearish,101.18000030517578,Industrials,Aerospace & Defense,1.5,1.0,1.5,"[[""Weekly DM9 Top"", 3, 1.5]]",,,
2026-08-18,IR,Bearish,80.7699966430664,Industrials,Specialty Industrial Machinery,1.5,1.0,1.5,"[[""Weekly DM9 Top"", 3, 1.5]]",,,
2026-08-18,LXP,Bearish,60.56999969482422,Real Estate,REIT - Industrial,1.5,1.0,1.5,"[[""Weekly DM9 Top"", 3, 1.5]]",,,
2026-08-18,SWK,Bearish,98.4000015258789,Industrials,Tools & Accessories,1.5,1.0,1.5,"[[""Daily DM13 Top"", 5, 1.5]]",,,
2026-08-18,ELF,Bearish,92.51000213623047,Consumer Defensive,Household & Personal Products,1.5,1.0,1.5,"[[""Weekly DM9 Top"", 3, 1.5]]",,,
2026-08-18,RUSHA,Bearish,79.38999938964844,Consumer Cyclical,Auto & Truck Dealerships,1.5,1.0,1.5,"[[""Weekly DM9 Top"", 3, 1.5]]",,,
2026-08-18,SAP,Bearish,210.47000122070312,Technology,Software - Application,1.5,1.0,1.5,"[[""Daily DM13 Top"", 5, 1.5]]",,,
2026-08-18,ITW,Bearish,284.6600036621094,Industrials,Specialty Industrial Machinery,1.5,1.0,1.5,"[[""Weekly DM9 Top"", 3, 1.5]]",,,
2026-08-18,ABG,Bearish,203.94000244140625,Consumer Cyclical,Auto & Truck Dealerships,1.5,1.0,1.5,"[[""Weekly DM9 Top"", 3, 1.5]]",,,
2026-08-18,IPAR,Bearish,113.45999908447266,Consumer Defensive,Household & Personal Products,1.5,1.0,1.5,"[[""Weekly DM9 Top"", 3, 1.5]]",,,
2026-08-18,BANR,Bearish,72.7300033569336,Financial,Banks - Regional,1.5,1.0,1.5,"[[""Weekly DM9 Top"", 3, 1.5]]",,,
2026-08-18,PRIM,Bullish,79.80000305175781,Industrials,Engineering & Construction,1.5,1.0,1.5,"[[""Weekly DM9 Bottom"", 3, 1.5]]",,,
2026-08-18,PRK,Bearish,204.39999389648438,Financial,Banks - Regional,1.5,1.0,1.5,"[[""Weekly DM9 Top"", 3, 1.5]]",,,
2026-08-18,BALL,Bearish,61.66999816894531,Consumer Cyclical,Packaging & Containers,1.5,1.0,1.5,"[[""Weekly DM9 Top"", 3, 1.5]]",,,
2026-08-18,GEF,Bearish,86.80999755859375,Consumer Cyclical,Packaging & Containers,1.5,1.0,1.5,"[[""Weekly DM9 Top"", 3, 1.5]]",,,
2026-08-18,EVTL,Bullish,0.775600016117096,Industrials,Aerospace & Defense,3.0,0.5,1.5,"[[""Weekly DM13 Bottom"", 0, 3.0]]",,,
2026-08-18,NIC,Bearish,176.74000549316406,Financial,Banks - Regional,1.5,1.0,1.5,"[[""Weekly DM9 Top"", 3, 1.5]]",,,
2026-08-18,ADUS,Bearish,118.12999725341797,Healthcare,Medical Care Facilities,1.5,1.0,1.5,"[[""Weekly DM9 Top"", 3, 1.5]]",,,
2026-08-18,NFLX,Bullish,77.7699966430664,Communication Services,Entertainment,1.5,1.0,1.5,"[[""Weekly DM13 Bottom"", 6, 1.5]]",,,
2026-08-18,PKG,Bearish,250.3000030517578,Consumer Cyclical,Packaging & Containers,1.5,1.0,1.5,"[[""Weekly DM9 Top"", 3, 1.5]]",,,
2026-08-18,AER,Bearish,149.6199951171875,Industrials,Rental & Leasing Services,1.5,1.0,1.5,"[[""Weekly DM9 Top"", 3, 1.5]]",,,
2026-08-18,SKYW,Bearish,103.11000061035156,Industrials,Airlines,1.5,1.0,1.5,"[[""Weekly DM9 Top"", 3, 1.5]]",,,
2026-08-18,RNG,Bearish,65.19000244140625,Technology,Software - Application,1.5,1.0,1.5,"[[""Daily DM13 Top"", 5, 1.5]]",,,
2026-08-18,SYBT,Bearish,83.69999694824219,Financial,Banks - Regional,1.5,1.0,1.5,"[[""Weekly DM9 Top"", 3, 1.5]]",,,
2026-08-18,EQH,Bearish,50.84000015258789,Financial,Asset Management,1.5,1.0,1.5,"[[""Weekly DM9 Top"", 3, 1.5]]",,,
2026-08-18,ROP,Bearish,394.1700134277344,Technology,Software - Application,1.5,1.0,1.5,"[[""Weekly DM9 Top"", 3, 1.5]]",,,
2026-08-18,NXT,Bullish,91.1500015258789,Technology,Solar,1.5,1.0,1.5,"[[""Weekly DM9 Bottom"", 3, 1.5]]",,,
2026-08-18,TPR,Bearish,132.25999450683594,Consumer Cyclical,Luxury Goods,1.5,1.0,1.5,"[[""Daily DM13 Top"", 5, 1.5]]",,,
2026-08-18,CPAY,Bearish,406.82000732421875,Technology,Software - Infrastructure,1.5,1.0,1.5,"[[""Daily DM13 Top"", 5, 1.5]]",,,
2026-08-18,PAAS,Bullish,46.599998474121094,Basic Materials,Gold,1.33,1.1,1.47,"[[""Weekly DM9 Bottom"", 4, 1.3333333333333335]]",,,
2026-08-18,BN,Bullish,42.130001068115234,Financial,Asset Management,1.33,1.1,1.47,"[[""Weekly DM9 Bottom"", 4, 1.3333333333333335]]",,,
2026-08-18,AGI,Bullish,32.900001525878906,Basic Materials,Gold,1.33,1.1,1.47,"[[""Weekly DM9 Bottom"", 4, 1.3333333333333335]]",,,
2026-08-18,PL,Bullish,23.360000610351562,Industrials,Aerospace & Defense,1.33,1.1,1.47,"[[""Weekly DM9 Bottom"", 4, 1.3333333333333335]]",,,
2026-08-18,KGC,Bullish,27.1200008392334,Basic Materials,Gold,1.33,1.1,1.47,"[[""Weekly DM9 Bottom"", 4, 1.3333333333333335]]",,,
2026-08-18,PINS,Bearish,23.059999465942383,Communication Services,Internet Content & Information,1.33,1.1,1.47,"[[""Weekly DM9 Top"", 4, 1.3333333333333335]]",,,
2026-08-18,PFS,Bearish,24.459999084472656,Financial,Banks - Regional,1.33,1.1,1.47,"[[""Weekly DM9 Top"", 4, 1.3333333333333335]]",,,
2026-08-18,B,Bullish,42.09000015258789,Basic Materials,Gold,1.33,1.1,1.47,"[[""Weekly DM9 Bottom"", 4, 1.3333333333333335]]",,,
2026-08-18,BKSY,Bullish,28.940000534057617,Industrials,Specialty Business Services,1.33,1.1,1.47,"[[""Weekly DM9 Bottom"", 4, 1.3333333333333335]]",,,
2026-08-18,STAG,Bullish,36.58000183105469,Real Estate,REIT - Industrial,1.3,1.1,1.43,"[[""Daily DM13 Bottom"", 7, 1.3]]",,,
2026-08-18,KRG,Bullish,26.440000534057617,Real Estate,REIT - Retail,1.3,1.1,1.43,"[[""Daily DM13 Bottom"", 7, 1.3]]",,,
2026-08-18,ROL,Bullish,36.31999969482422,Consumer Cyclical,Personal Services,1.3,1.1,1.43,"[[""Daily DM13 Bottom"", 7, 1.3]]",,,
2026-08-18,RSI,Bullish,24.549999237060547,Consumer Cyclical,Gambling,1.3,1.1,1.43,"[[""Daily DM13 Bottom"", 7, 1.3]]",,,
2026-08-18,EPRT,Bullish,30.799999237060547,Real Estate,REIT - Retail,1.3,1.1,1.43,"[[""Daily DM13 Bottom"", 7, 1.3]]",,,
2026-08-18,LAC,Bullish,2.9600000381469727,Basic Materials,Other Industrial Metals & Mining,1.17,1.2,1.4,"[[""Weekly DM9 Bottom"", 5, 1.1666666666666665]]",,,
2026-08-18,POR,Bullish,50.54999923706055,Utilities,Utilities - Regulated Electric,1.4,1.0,1.4,"[[""Daily DM13 Bottom"", 6, 1.4]]",,,
2026-08-18,LDOS,Bearish,143.47999572753906,Technology,Information Technology Services,1.4,1.0,1.4,"[[""Daily DM13 Top"", 6, 1.4]]",,,
2026-08-18,SNAP,Bullish,5.110000133514404,Communication Services,Internet Content & Information,1.17,1.2,1.4,"[[""Weekly DM9 Bottom"", 5, 1.1666666666666665]]",,,
2026-08-18,LWLG,Bullish,6.639999866485596,Basic Materials,Specialty Chemicals,1.17,1.2,1.4,"[[""Weekly DM9 Bottom"", 5, 1.1666666666666665]]",,,
2026-08-18,SPGI,Bullish,418.0400085449219,Financial,Financial Data & Stock Exchanges,1.4,1.0,1.4,"[[""Daily DM13 Bottom"", 6, 1.4]]",,,
2026-08-18,HSY,Bullish,183.4499969482422,Consumer Defensive,Confectioners,1.33,1.0,1.33,"[[""Weekly DM9 Bottom"", 4, 1.3333333333333335]]",,,
2026-08-18,BRO,Bearish,69.37000274658203,Financial,Insurance Brokers,1.33,1.0,1.33,"[[""Weekly DM9 Top"", 4, 1.3333333333333335]]",,,
2026-08-18,GSAT,Bullish,82.88999938964844,Communication Services,Telecom Services,1.33,1.0,1.33,"[[""Weekly DM9 Bottom"", 4, 1.3333333333333335]]",,,
2026-08-18,WPM,Bullish,132.6999969482422,Basic Materials,Gold,1.33,1.0,1.33,"[[""Weekly DM9 Bottom"", 4, 1.3333333333333335]]",,,
2026-08-18,LW,Bearish,51.97999954223633,Consumer Defensive,Packaged Foods,1.33,1.0,1.33,"[[""Weekly DM9 Top"", 4, 1.3333333333333335]]",,,
2026-08-18,ENS,Bullish,200.55999755859375,Industrials,Electrical Equipment & Parts,1.33,1.0,1.33,"[[""Weekly DM9 Bottom"", 4, 1.3333333333333335]]",,,
2026-08-18,ZION,Bearish,70.93000030517578,Financial,Banks - Regional,1.33,1.0,1.33,"[[""Weekly DM9 Top"", 4, 1.3333333333333335]]",,,
2026-08-18,VRSK,Bearish,178.86000061035156,Industrials,Consulting Services,1.33,1.0,1.33,"[[""Weekly DM9 Top"", 4, 1.3333333333333335]]",,,
2026-08-18,CDW,Bearish,134.97000122070312,Technology,Information Technology Services,1.33,1.0,1.33,"[[""Weekly DM9 Top"", 4, 1.3333333333333335]]",,,
2026-08-18,PCAR,Bearish,128.02000427246094,Industrials,Farm & Heavy Construction Machinery,1.33,1.0,1.33,"[[""Weekly DM9 Top"", 4, 1.3333333333333335]]",,,
2026-08-18,ALL,Bearish,261.1499938964844,Financial,Insurance - Property & Casualty,1.33,1.0,1.33,"[[""Weekly DM9 Top"", 4, 1.3333333333333335]]",,,
2026-08-18,CRCL,Bullish,71.7300033569336,Financial,Capital Markets,1.33,1.0,1.33,"[[""Weekly DM9 Bottom"", 4, 1.3333333333333335]]",,,
2026-08-18,CCEP,Bearish,107.5,Consumer Defensive,Beverages - Non-Alcoholic,1.33,1.0,1.33,"[[""Weekly DM9 Top"", 4, 1.3333333333333335]]",,,
2026-08-18,TRV,Bearish,367.92999267578125,Financial,Insurance - Property & Casualty,1.33,1.0,1.33,"[[""Weekly DM9 Top"", 4, 1.3333333333333335]]",,,
2026-08-18,MYGN,Bullish,2.869999885559082,Healthcare,Diagnostics & Research,1.1,1.2,1.32,"[[""Daily DM13 Bottom"", 9, 1.1]]",,,
2026-08-18,PRVA,Bullish,21.520000457763672,Healthcare,Health Information Services,1.2,1.1,1.32,"[[""Daily DM13 Bottom"", 8, 1.2]]",,,
2026-08-18,CX,Bullish,10.65999984741211,Basic Materials,Building Materials,1.1,1.2,1.32,"[[""Daily DM13 Bottom"", 9, 1.1]]",,,
2026-08-18,FR,Bullish,62.369998931884766,Real Estate,REIT - Industrial,1.3,1.0,1.3,"[[""Daily DM13 Bottom"", 7, 1.3]]",,,
2026-08-18,TRNO,Bullish,68.5,Real Estate,REIT - Industrial,1.3,1.0,1.3,"[[""Daily DM13 Bottom"", 7, 1.3]]",,,
2026-08-18,DD,Bearish,138.80999755859375,Basic Materials,Specialty Chemicals,1.3,1.0,1.3,"[[""Daily DM13 Top"", 7, 1.3]]",,,
2026-08-18,CPRT,Bullish,31.510000228881836,Industrials,Specialty Business Services,1.17,1.1,1.28,"[[""Weekly DM9 Bottom"", 5, 1.1666666666666665]]",,,
2026-08-18,RYAN,Bearish,41.2400016784668,Financial,Insurance - Specialty,1.17,1.1,1.28,"[[""Weekly DM9 Top"", 5, 1.1666666666666665]]",,,
2026-08-18,AMSC,Bullish,31.020000457763672,Industrials,Specialty Industrial Machinery,1.17,1.1,1.28,"[[""Weekly DM9 Bottom"", 5, 1.1666666666666665]]",,,
2026-08-18,TGLS,Bearish,39.720001220703125,Basic Materials,Building Materials,1.17,1.1,1.28,"[[""Weekly DM9 Top"", 5, 1.1666666666666665]]",,,
2026-08-18,CWT,Bearish,49.86000061035156,Utilities,Utilities - Regulated Water,1.17,1.1,1.28,"[[""Weekly DM9 Top"", 5, 1.1666666666666665]]",,,
2026-08-18,IP,Bearish,40.04999923706055,Consumer Cyclical,Packaging & Containers,1.17,1.1,1.28,"[[""Weekly DM9 Top"", 5, 1.1666666666666665]]",,,
2026-08-18,URG,Bullish,1.340000033378601,Energy,Uranium,1.0,1.2,1.2,"[[""Weekly DM9 Bottom"", 6, 1.0]]",,,
2026-08-18,METC,Bearish,11.600000381469727,Basic Materials,Coking Coal,1.0,1.2,1.2,"[[""Daily DM9 Top"", 0, 1.0]]",,,
2026-08-18,OI,Bullish,6.360000133514404,Consumer Cyclical,Packaging & Containers,1.0,1.2,1.2,"[[""Daily DM9 Bottom"", 0, 1.0]]",,,
2026-08-18,BANC,Bearish,19.299999237060547,Financial,Banks - Regional,1.0,1.2,1.2,"[[""Weekly DM9 Top"", 6, 1.0]]",,,
2026-08-18,TDUP,Bullish,2.809999942779541,Consumer Cyclical,Internet Retail,1.0,1.2,1.2,"[[""Daily DM9 Bottom"", 0, 1.0]]",,,
2026-08-18,CIG,Bullish,1.899999976158142,Utilities,Utilities - Diversified,1.0,1.2,1.2,"[[""Daily DM9 Bottom"", 0, 1.0]]",,,
2026-08-18,GO,Bearish,11.0600004196167,Consumer Defensive,Grocery Stores,1.0,1.2,1.2,"[[""Weekly DM9 Top"", 6, 1.0]]",,,
2026-08-18,UROY,Bullish,4.039999961853027,Energy,Uranium,1.0,1.2,1.2,"[[""Weekly DM9 Bottom"", 6, 1.0]]",,,
2026-08-18,UP,Bullish,4.829999923706055,Industrials,Airports & Air Services,1.0,1.2,1.2,"[[""Daily DM9 Bottom"", 0, 1.0]]",,,
2026-08-18,VIK,Bearish,98.29000091552734,Consumer Cyclical,Travel Services,1.2,1.0,1.2,"[[""Daily DM13 Top"", 8, 1.2]]",,,
2026-08-18,XHR,Bearish,19.270000457763672,Real Estate,REIT - Hotel & Motel,1.0,1.2,1.2,"[[""Weekly DM9 Top"", 6, 1.0]]",,,
2026-08-18,LFST,Bearish,12.359999656677246,Healthcare,Medical Care Facilities,1.0,1.2,1.2,"[[""Daily DM9 Top"", 0, 1.0]]",,,
2026-08-18,IOVA,Bearish,7.03000020980835,Healthcare,Biotechnology,1.0,1.2,1.2,"[[""Daily DM9 Top"", 0, 1.0]]",,,
2026-08-18,FINV,Bullish,4.380000114440918,Financial,Credit Services,1.0,1.2,1.2,"[[""Daily DM9 Bottom"", 0, 1.0]]",,,
2026-08-18,ITUB,Bullish,7.269999980926514,Financial,Banks - Regional,1.0,1.2,1.2,"[[""Daily DM9 Bottom"", 0, 1.0]]",,,
2026-08-18,NTAP,Bearish,204.7100067138672,Technology,Software - Infrastructure,1.2,1.0,1.2,"[[""Daily DM13 Top"", 8, 1.2]]",,,
2026-08-18,RPAY,Bullish,3.6700000762939453,Technology,Software - Infrastructure,1.0,1.2,1.2,"[[""Daily DM9 Bottom"", 0, 1.0]]",,,
2026-08-18,BORR,Bullish,4.429999828338623,Energy,Oil & Gas Drilling,1.0,1.2,1.2,"[[""Weekly DM9 Bottom"", 6, 1.0]]",,,
2026-08-18,VOD,Bearish,16.1299991607666,Communication Services,Telecom Services,1.0,1.2,1.2,"[[""Daily DM9 Top"", 0, 1.0]]",,,
2026-08-18,QDEL,Bearish,13.430000305175781,Healthcare,Medical Devices,1.0,1.2,1.2,"[[""Weekly DM9 Top"", 6, 1.0]]",,,
2026-08-18,NEO,Bearish,15.899999618530273,Healthcare,Diagnostics & Research,1.0,1.2,1.2,"[[""Weekly DM9 Top"", 6, 1.0]]",,,
2026-08-18,MLI,Bearish,64.4800033569336,Industrials,Metal Fabrication,1.2,1.0,1.2,"[[""Daily DM13 Top"", 8, 1.2]]",,,
2026-08-18,ZGN,Bullish,13.470000267028809,Consumer Cyclical,Apparel Manufacturing,1.0,1.2,1.2,"[[""Daily DM9 Bottom"", 0, 1.0]]",,,
2026-08-18,CMPX,Bearish,2.390000104904175,Healthcare,Biotechnology,1.0,1.2,1.2,"[[""Daily DM9 Top"", 0, 1.0]]",,,
2026-08-18,GOGO,Bullish,2.619999885559082,Communication Services,Telecom Services,1.0,1.2,1.2,"[[""Daily DM9 Bottom"", 0, 1.0]]",,,
2026-08-18,SOUN,Bullish,6.989999771118164,Technology,Software - Application,1.0,1.2,1.2,"[[""Weekly DM9 Bottom"", 6, 1.0]]",,,
2026-08-18,VLY,Bearish,14.859999656677246,Financial,Banks - Regional,1.0,1.2,1.2,"[[""Weekly DM9 Top"", 6, 1.0]]",,,
2026-08-18,VRRM,Bullish,4.449999809265137,Technology,Information Technology Services,1.0,1.2,1.2,"[[""Daily DM9 Bottom"", 0, 1.0]]",,,
2026-08-18,EVH,Bearish,4.579999923706055,Healthcare,Health Information Services,1.0,1.2,1.2,"[[""Daily DM9 Top"", 0, 1.0]]",,,
2026-08-18,HSIC,Bearish,89.2300033569336,Healthcare,Medical Distribution,1.17,1.0,1.17,"[[""Weekly DM9 Top"", 5, 1.1666666666666665]]",,,
2026-08-18,NTRA,Bearish,311.69000244140625,Healthcare,Diagnostics & Research,1.17,1.0,1.17,"[[""Weekly DM9 Top"", 5, 1.1666666666666665]]",,,
2026-08-18,PWR,Bullish,696.1500244140625,Industrials,Engineering & Construction,1.17,1.0,1.17,"[[""Weekly DM9 Bottom"", 5, 1.1666666666666665]]",,,
2026-08-18,DAVE,Bearish,333.1400146484375,Technology,Software - Application,1.17,1.0,1.17,"[[""Weekly DM9 Top"", 5, 1.1666666666666665]]",,,
2026-08-18,COST,Bullish,961.3499755859375,Consumer Defensive,Discount Stores,1.17,1.0,1.17,"[[""Weekly DM9 Bottom"", 5, 1.1666666666666665]]",,,
2026-08-18,RH,Bearish,171.0500030517578,Consumer Cyclical,Specialty Retail,1.17,1.0,1.17,"[[""Weekly DM9 Top"", 5, 1.1666666666666665]]",,,
2026-08-18,DBD,Bearish,68.58999633789062,Technology,Software - Application,1.17,1.0,1.17,"[[""Weekly DM9 Top"", 5, 1.1666666666666665]]",,,
2026-08-18,ETSY,Bearish,79.95999908447266,Consumer Cyclical,Internet Retail,1.17,1.0,1.17,"[[""Weekly DM9 Top"", 5, 1.1666666666666665]]",,,
2026-08-18,FCFS,Bullish,212.74000549316406,Financial,Credit Services,1.17,1.0,1.17,"[[""Weekly DM9 Bottom"", 5, 1.1666666666666665]]",,,
2026-08-18,GOOGL,Bullish,344.20001220703125,Communication Services,Internet Content & Information,1.17,1.0,1.17,"[[""Weekly DM9 Bottom"", 5, 1.1666666666666665]]",,,
2026-08-18,LITE,Bullish,873.3099975585938,Technology,Communication Equipment,1.17,1.0,1.17,"[[""Weekly DM9 Bottom"", 5, 1.1666666666666665]]",,,
2026-08-18,SNPS,Bullish,404.4100036621094,Technology,Software - Infrastructure,1.17,1.0,1.17,"[[""Weekly DM9 Bottom"", 5, 1.1666666666666665]]",,,
2026-08-18,SYY,Bearish,81.95999908447266,Consumer Defensive,Food Distribution,1.17,1.0,1.17,"[[""Weekly DM9 Top"", 5, 1.1666666666666665]]",,,
2026-08-18,DX,Bearish,13.180000305175781,Real Estate,REIT - Mortgage,0.95,1.2,1.14,"[[""Daily DM9 Top"", 1, 0.95]]",,,
2026-08-18,STNE,Bullish,9.119999885559082,Technology,Software - Infrastructure,0.95,1.2,1.14,"[[""Daily DM9 Bottom"", 1, 0.95]]",,,
2026-08-18,PLTK,Bullish,2.2300000190734863,Communication Services,Electronic Gaming & Multimedia,0.95,1.2,1.14,"[[""Daily DM9 Bottom"", 1, 0.95]]",,,
2026-08-18,SBS,Bullish,4.550000190734863,Utilities,Utilities - Regulated Water,0.95,1.2,1.14,"[[""Daily DM9 Bottom"", 1, 0.95]]",,,
2026-08-18,CSAN,Bullish,2.4000000953674316,Energy,Oil & Gas Refining & Marketing,0.95,1.2,1.14,"[[""Daily DM9 Bottom"", 1, 0.95]]",,,
2026-08-18,XRAY,Bullish,11.109999656677246,Healthcare,Medical Instruments & Supplies,0.95,1.2,1.14,"[[""Daily DM9 Bottom"", 1, 0.95]]",,,
2026-08-18,VTEX,Bullish,3.5399999618530273,Technology,Software - Application,0.95,1.2,1.14,"[[""Daily DM9 Bottom"", 1, 0.95]]",,,
2026-08-18,CAN,Bullish,0.21799999475479126,Technology,Computer Hardware,2.25,0.5,1.12,"[[""Weekly DM13 Bottom"", 3, 2.25]]",,,
2026-08-18,MVST,Bullish,0.7613999843597412,Consumer Cyclical,Auto Parts,2.25,0.5,1.12,"[[""Weekly DM13 Bottom"", 3, 2.25]]",,,
2026-08-18,CGC,Bullish,0.9897000193595886,Healthcare,Drug Manufacturers - Specialty & Generic,2.25,0.5,1.12,"[[""Weekly DM13 Bottom"", 3, 2.25]]",,,
2026-08-18,CENT,Bearish,44.279998779296875,Consumer Defensive,Packaged Foods,1.0,1.1,1.1,"[[""Weekly DM9 Top"", 6, 1.0]]",,,
2026-08-18,FULT,Bearish,24.299999237060547,Financial,Banks - Regional,1.0,1.1,1.1,"[[""Weekly DM9 Top"", 6, 1.0]]",,,
2026-08-18,WAFD,Bearish,37.459999084472656,Financial,Banks - Regional,1.0,1.1,1.1,"[[""Weekly DM9 Top"", 6, 1.0]]",,,
2026-08-18,LAUR,Bearish,38.20000076293945,Consumer Defensive,Education & Training Services,1.0,1.1,1.1,"[[""Weekly DM9 Top"", 6, 1.0]]",,,
2026-08-18,RCI,Bearish,35.90999984741211,Communication Services,Telecom Services,1.0,1.1,1.1,"[[""Daily DM9 Top"", 0, 1.0]]",,,
2026-08-18,KNF,Bullish,65.44999694824219,Basic Materials,Building Materials,1.1,1.0,1.1,"[[""Daily DM13 Bottom"", 9, 1.1]]",,,
2026-08-18,BCS,Bearish,27.3700008392334,Financial,Banks - Diversified,1.0,1.1,1.1,"[[""Weekly DM9 Top"", 6, 1.0]]",,,
2026-08-18,DOW,Bullish,31.190000534057617,Basic Materials,Chemicals,1.0,1.1,1.1,"[[""Weekly DM9 Bottom"", 6, 1.0]]",,,
2026-08-18,FFBC,Bearish,33.790000915527344,Financial,Banks - Regional,1.0,1.1,1.1,"[[""Weekly DM9 Top"", 6, 1.0]]",,,
2026-08-18,REYN,Bearish,25.760000228881836,Consumer Cyclical,Packaging & Containers,1.0,1.1,1.1,"[[""Weekly DM9 Top"", 6, 1.0]]",,,
2026-08-18,CDP,Bearish,36.86000061035156,Real Estate,REIT - Office,1.0,1.1,1.1,"[[""Weekly DM9 Top"", 6, 1.0]]",,,
2026-08-18,ROIV,Bearish,37.369998931884766,Healthcare,Biotechnology,1.0,1.1,1.1,"[[""Weekly DM9 Top"", 6, 1.0]]",,,
2026-08-18,HASI,Bullish,41.36000061035156,Financial,Asset Management,1.0,1.1,1.1,"[[""Weekly DM9 Bottom"", 6, 1.0]]",,,
2026-08-18,LEVI,Bullish,22.010000228881836,Consumer Cyclical,Apparel Manufacturing,1.0,1.1,1.1,"[[""Daily DM9 Bottom"", 0, 1.0]]",,,
2026-08-18,MOH,Bullish,203.61000061035156,Healthcare,Healthcare Plans,1.1,1.0,1.1,"[[""Daily DM13 Bottom"", 9, 1.1]]",,,
2026-08-18,ATAT,Bullish,35.099998474121094,Consumer Cyclical,Lodging,1.0,1.1,1.1,"[[""Weekly DM9 Bottom"", 6, 1.0]]",,,
2026-08-18,VVV,Bearish,33.630001068115234,Consumer Cyclical,Auto & Truck Dealerships,1.0,1.1,1.1,"[[""Weekly DM9 Top"", 6, 1.0]]",,,
2026-08-18,FFIN,Bearish,34.630001068115234,Financial,Banks - Regional,1.0,1.1,1.1,"[[""Weekly DM9 Top"", 6, 1.0]]",,,
2026-08-18,WD,Bullish,39.709999084472656,Financial,Mortgage Finance,1.0,1.1,1.1,"[[""Daily DM9 Bottom"", 0, 1.0]]",,,
2026-08-18,HP,Bearish,44.189998626708984,Energy,Oil & Gas Drilling,1.0,1.1,1.1,"[[""Daily DM9 Top"", 0, 1.0]]",,,
2026-08-18,MGNI,Bearish,24.530000686645508,Communication Services,Advertising Agencies,1.0,1.1,1.1,"[[""Weekly DM9 Top"", 6, 1.0]]",,,
2026-08-18,LUV,Bearish,42.4900016784668,Industrials,Airlines,1.0,1.1,1.1,"[[""Weekly DM9 Top"", 6, 1.0]]",,,
2026-08-18,T,Bearish,24.899999618530273,Communication Services,Telecom Services,1.0,1.1,1.1,"[[""Daily DM9 Top"", 0, 1.0]]",,,
2026-08-18,ETOR,Bullish,27.770000457763672,Financial,Capital Markets,1.0,1.1,1.1,"[[""Daily DM9 Bottom"", 0, 1.0]]",,,
2026-08-18,EXK,Bearish,9.65999984741211,Basic Materials,Silver,0.9,1.2,1.08,"[[""Daily DM9 Top"", 2, 0.9]]",,,
2026-08-18,HLX,Bearish,10.380000114440918,Energy,Oil & Gas Equipment & Services,0.9,1.2,1.08,"[[""Daily DM9 Top"", 2, 0.9]]",,,
2026-08-18,GROY,Bearish,3.130000114440918,Basic Materials,Gold,0.9,1.2,1.08,"[[""Daily DM9 Top"", 2, 0.9]]",,,
2026-08-18,INN,Bullish,6.03000020980835,Real Estate,REIT - Hotel & Motel,0.9,1.2,1.08,"[[""Daily DM9 Bottom"", 2, 0.9]]",,,
2026-08-18,ARR,Bearish,16.3799991607666,Real Estate,REIT - Mortgage,0.9,1.2,1.08,"[[""Daily DM9 Top"", 2, 0.9]]",,,
2026-08-18,DFDV,Bearish,3.0799999237060547,Technology,Software - Infrastructure,0.9,1.2,1.08,"[[""Daily DM9 Top"", 2, 0.9]]",,,
2026-08-18,ORIC,Bearish,13.920000076293945,Healthcare,Biotechnology,0.9,1.2,1.08,"[[""Daily DM9 Top"", 2, 0.9]]",,,
2026-08-18,OCUL,Bearish,11.010000228881836,Healthcare,Biotechnology,0.9,1.2,1.08,"[[""Daily DM9 Top"", 2, 0.9]]",,,
2026-08-18,OBDC,Bearish,11.40999984741211,Financial,Asset Management,0.9,1.2,1.08,"[[""Daily DM9 Top"", 2, 0.9]]",,,
2026-08-18,MBLY,Bearish,8.869999885559082,Consumer Cyclical,Auto Parts,0.9,1.2,1.08,"[[""Daily DM9 Top"", 2, 0.9]]",,,
2026-08-18,AESI,Bearish,12.649999618530273,Energy,Oil & Gas Equipment & Services,0.9,1.2,1.08,"[[""Daily DM9 Top"", 2, 0.9]]",,,
2026-08-18,HL,Bearish,17.950000762939453,Basic Materials,Other Precious Metals & Mining,0.9,1.2,1.08,"[[""Daily DM9 Top"", 2, 0.9]]",,,
2026-08-18,REAX,Bearish,2.6500000953674316,Real Estate,Real Estate Services,0.9,1.2,1.08,"[[""Daily DM9 Top"", 2, 0.9]]",,,
2026-08-18,BBD,Bullish,3.0399999618530273,Financial,Banks - Regional,0.9,1.2,1.08,"[[""Daily DM9 Bottom"", 2, 0.9]]",,,
2026-08-18,NN,Bearish,19.170000076293945,Technology,Software - Infrastructure,0.9,1.2,1.08,"[[""Daily DM9 Top"", 2, 0.9]]",,,
2026-08-18,KRC,Bullish,36.15999984741211,Real Estate,REIT - Office,0.95,1.1,1.04,"[[""Daily DM9 Bottom"", 1, 0.95]]",,,
2026-08-18,GRPN,Bullish,20.219999313354492,Communication Services,Internet Content & Information,0.95,1.1,1.04,"[[""Daily DM9 Bottom"", 1, 0.95]]",,,
2026-08-18,EGO,Bearish,38.709999084472656,Basic Materials,Gold,0.95,1.1,1.04,"[[""Daily DM9 Top"", 1, 0.95]]",,,
2026-08-18,YOU,Bullish,44.61000061035156,Technology,Software - Application,0.95,1.1,1.04,"[[""Daily DM9 Bottom"", 1, 0.95]]",,,
2026-08-18,CSGP,Bearish,31.3799991607666,Real Estate,Real Estate Services,0.95,1.1,1.04,"[[""Daily DM9 Top"", 1, 0.95]]",,,
2026-08-18,LKQ,Bearish,25.149999618530273,Consumer Cyclical,Auto Parts,0.95,1.1,1.04,"[[""Daily DM9 Top"", 1, 0.95]]",,,
2026-08-18,IAUX,Bearish,1.5800000429153442,Basic Materials,Gold,0.85,1.2,1.02,"[[""Daily DM9 Top"", 3, 0.85]]",,,
2026-08-18,ASM,Bearish,6.829999923706055,Basic Materials,Other Precious Metals & Mining,0.85,1.2,1.02,"[[""Daily DM9 Top"", 3, 0.85]]",,,
2026-08-18,FSK,Bearish,11.90999984741211,Financial,Asset Management,0.85,1.2,1.02,"[[""Daily DM9 Top"", 3, 0.85]]",,,
2026-08-18,CDE,Bearish,18.510000228881836,Basic Materials,Gold,0.85,1.2,1.02,"[[""Daily DM9 Top"", 3, 0.85]]",,,
2026-08-18,NVAX,Bearish,7.929999828338623,Healthcare,Biotechnology,0.85,1.2,1.02,"[[""Daily DM9 Top"", 3, 0.85]]",,,
2026-08-18,RCAT,Bearish,10.204999923706055,Industrials,Aerospace & Defense,0.85,1.2,1.02,"[[""Daily DM9 Top"", 3, 0.85]]",,,
2026-08-18,SLDP,Bearish,2.259999990463257,Consumer Cyclical,Auto Parts,0.85,1.2,1.02,"[[""Daily DM9 Top"", 3, 0.85]]",,,
2026-08-18,NRGV,Bearish,3.6500000953674316,Utilities,Utilities - Renewable,0.85,1.2,1.02,"[[""Daily DM9 Top"", 3, 0.85]]",,,
2026-08-18,PSKY,Bearish,10.430000305175781,Communication Services,Entertainment,0.85,1.2,1.02,"[[""Daily DM9 Top"", 3, 0.85]]",,,
2026-08-18,LION,Bullish,11.6899995803833,Financial,Shell Companies,0.85,1.2,1.02,"[[""Daily DM9 Bottom"", 3, 0.85]]",,,
2026-08-18,NNE,Bearish,18.25,Industrials,Specialty Industrial Machinery,0.85,1.2,1.02,"[[""Daily DM9 Top"", 3, 0.85]]",,,
2026-08-18,SMMT,Bearish,12.819999694824219,Healthcare,Biotechnology,0.85,1.2,1.02,"[[""Daily DM9 Top"", 3, 0.85]]",,,
2026-08-18,LAES,Bearish,2.740000009536743,Technology,Semiconductors,0.85,1.2,1.02,"[[""Daily DM9 Top"", 3, 0.85]]",,,
2026-08-18,INDI,Bearish,4.340000152587891,Technology,Semiconductor Equipment & Materials,0.85,1.2,1.02,"[[""Daily DM9 Top"", 3, 0.85]]",,,
2026-08-18,RC,Bearish,1.690000057220459,Real Estate,REIT - Mortgage,0.85,1.2,1.02,"[[""Daily DM9 Top"", 3, 0.85]]",,,
2026-08-18,AMPX,Bearish,10.710000038146973,Industrials,Electrical Equipment & Parts,0.85,1.2,1.02,"[[""Daily DM9 Top"", 3, 0.85]]",,,
2026-08-18,GRRR,Bearish,15.199999809265137,Technology,Software - Infrastructure,0.85,1.2,1.02,"[[""Daily DM9 Top"", 3, 0.85]]",,,
2026-08-18,GCMG,Bearish,13.65999984741211,Financial,Asset Management,0.85,1.2,1.02,"[[""Daily DM9 Top"", 3, 0.85]]",,,
2026-08-18,HBAN,Bearish,17.65999984741211,Financial,Banks - Regional,0.85,1.2,1.02,"[[""Daily DM9 Top"", 3, 0.85]]",,,
2026-08-18,LUNR,Bearish,19.309999465942383,Industrials,Aerospace & Defense,0.85,1.2,1.02,"[[""Daily DM9 Top"", 3, 0.85]]",,,
2026-08-18,UUUU,Bearish,14.09000015258789,Energy,Uranium,0.85,1.2,1.02,"[[""Daily DM9 Top"", 3, 0.85]]",,,
2026-08-18,DNN,Bearish,3.1500000953674316,Energy,Uranium,0.85,1.2,1.02,"[[""Daily DM9 Top"", 3, 0.85]]",,,
2026-08-18,KOPN,Bearish,5.039999961853027,Technology,Electronic Components,0.85,1.2,1.02,"[[""Daily DM9 Top"", 3, 0.85]]",,,
2026-08-18,ABEV,Bullish,2.7799999713897705,Consumer Defensive,Beverages - Brewers,0.85,1.2,1.02,"[[""Daily DM9 Bottom"", 3, 0.85]]",,,
2026-08-18,FDMT,Bearish,14.720000267028809,Healthcare,Biotechnology,0.85,1.2,1.02,"[[""Daily DM9 Top"", 3, 0.85]]",,,
2026-08-18,ABTC,Bearish,6.940000057220459,Financial,Capital Markets,0.85,1.2,1.02,"[[""Daily DM9 Top"", 3, 0.85]]",,,
2026-08-18,EVCM,Bullish,9.979999542236328,Technology,Software - Infrastructure,0.85,1.2,1.02,"[[""Daily DM9 Bottom"", 3, 0.85]]",,,
2026-08-18,AG,Bearish,18.479999542236328,Basic Materials,Silver,0.85,1.2,1.02,"[[""Daily DM9 Top"", 3, 0.85]]",,,
2026-08-18,TGB,Bearish,8.359999656677246,Basic Materials,Copper,0.85,1.2,1.02,"[[""Daily DM9 Top"", 3, 0.85]]",,,
2026-08-18,FSM,Bearish,10.449999809265137,Basic Materials,Gold,0.85,1.2,1.02,"[[""Daily DM9 Top"", 3, 0.85]]",,,
2026-08-18,AQST,Bearish,4.320000171661377,Healthcare,Drug Manufacturers - Specialty & Generic,0.85,1.2,1.02,"[[""Daily DM9 Top"", 3, 0.85]]",,,
2026-08-18,STLA,Bullish,5.050000190734863,Consumer Cyclical,Auto Manufacturers,0.85,1.2,1.02,"[[""Daily DM9 Bottom"", 3, 0.85]]",,,
2026-08-18,SRPT,Bearish,18.020000457763672,Healthcare,Biotechnology,0.85,1.2,1.02,"[[""Daily DM9 Top"", 3, 0.85]]",,,
2026-08-18,PAGS,Bullish,8.4399995803833,Technology,Software - Infrastructure,0.85,1.2,1.02,"[[""Daily DM9 Bottom"", 3, 0.85]]",,,
2026-08-18,NG,Bearish,7.409999847412109,Basic Materials,Gold,0.85,1.2,1.02,"[[""Daily DM9 Top"", 3, 0.85]]",,,
2026-08-18,ITRG,Bearish,2.5899999141693115,Basic Materials,Other Precious Metals & Mining,0.85,1.2,1.02,"[[""Daily DM9 Top"", 3, 0.85]]",,,
2026-08-18,RVMD,Bearish,216.0,Healthcare,Biotechnology,1.0,1.0,1.0,"[[""Weekly DM9 Top"", 6, 1.0]]",,,
2026-08-18,BKR,Bullish,64.44000244140625,Energy,Oil & Gas Equipment & Services,1.0,1.0,1.0,"[[""Weekly DM9 Bottom"", 6, 1.0]]",,,
2026-08-18,RRR,Bearish,61.5099983215332,Consumer Cyclical,Resorts & Casinos,1.0,1.0,1.0,"[[""Weekly DM9 Top"", 6, 1.0]]",,,
2026-08-18,FBNC,Bearish,66.08999633789062,Financial,Banks - Regional,1.0,1.0,1.0,"[[""Weekly DM9 Top"", 6, 1.0]]",,,
2026-08-18,WMT,Bullish,115.19999694824219,Consumer Defensive,Discount Stores,1.0,1.0,1.0,"[[""Weekly DM9 Bottom"", 6, 1.0]]",,,
2026-08-18,OGS,Bearish,81.05000305175781,Utilities,Utilities - Regulated Gas,1.0,1.0,1.0,"[[""Daily DM9 Top"", 0, 1.0]]",,,
2026-08-18,IMAX,Bearish,50.54999923706055,Communication Services,Entertainment,1.0,1.0,1.0,"[[""Daily DM13 Top"", 10, 1.0]]",,,
2026-08-18,MSTR,Bullish,92.5199966430664,Technology,Software - Application,1.0,1.0,1.0,"[[""Weekly DM9 Bottom"", 6, 1.0]]",,,
2026-08-18,DPZ,Bearish,336.25,Consumer Cyclical,Restaurants,1.0,1.0,1.0,"[[""Daily DM13 Top"", 10, 1.0]]",,,
2026-08-18,BMI,Bearish,125.88999938964844,Technology,Scientific & Technical Instruments,1.0,1.0,1.0,"[[""Weekly DM9 Top"", 6, 1.0]]",,,
2026-08-18,FOX,Bearish,61.22999954223633,Communication Services,Entertainment,1.0,1.0,1.0,"[[""Daily DM9 Top"", 0, 1.0]]",,,
2026-08-18,WLY,Bearish,51.11000061035156,Communication Services,Publishing,1.0,1.0,1.0,"[[""Weekly DM9 Top"", 6, 1.0]]",,,
2026-08-18,ICLR,Bearish,167.0500030517578,Healthcare,Diagnostics & Research,1.0,1.0,1.0,"[[""Weekly DM9 Top"", 6, 1.0]]",,,
2026-08-18,WTS,Bearish,375.79998779296875,Industrials,Specialty Industrial Machinery,1.0,1.0,1.0,"[[""Weekly DM9 Top"", 6, 1.0]]",,,
2026-08-18,CROX,Bearish,128.66000366210938,Consumer Cyclical,Footwear & Accessories,1.0,1.0,1.0,"[[""Weekly DM9 Top"", 6, 1.0]]",,,
2026-08-18,VRTX,Bearish,528.1900024414062,Healthcare,Biotechnology,1.0,1.0,1.0,"[[""Weekly DM9 Top"", 6, 1.0]]",,,
2026-08-18,DEFT,Bullish,0.43700000643730164,Financial,Capital Markets,2.0,0.5,1.0,"[[""Weekly DM13 Bottom"", 4, 2.0]]",,,
2026-08-18,FOXA,Bearish,69.02999877929688,Communication Services,Entertainment,1.0,1.0,1.0,"[[""Daily DM9 Top"", 0, 1.0]]",,,
2026-08-18,D,Bearish,68.61000061035156,Utilities,Utilities - Regulated Electric,1.0,1.0,1.0,"[[""Weekly DM9 Top"", 6, 1.0]]",,,
2026-08-18,EFSC,Bearish,65.44000244140625,Financial,Banks - Regional,1.0,1.0,1.0,"[[""Weekly DM9 Top"", 6, 1.0]]",,,
2026-08-18,NDAQ,Bearish,96.70999908447266,Financial,Financial Data & Stock Exchanges,1.0,1.0,1.0,"[[""Daily DM9 Top"", 0, 1.0]]",,,
2026-08-18,AGYS,Bearish,111.95999908447266,Technology,Software - Application,1.0,1.0,1.0,"[[""Weekly DM9 Top"", 6, 1.0]]",,,
2026-08-18,CAH,Bearish,234.97999572753906,Healthcare,Medical Distribution,1.0,1.0,1.0,"[[""Weekly DM9 Top"", 6, 1.0]]",,,
2026-08-18,VAC,Bearish,115.04000091552734,Consumer Cyclical,Resorts & Casinos,1.0,1.0,1.0,"[[""Weekly DM9 Top"", 6, 1.0]]",,,
2026-08-18,INDB,Bearish,85.33999633789062,Financial,Banks - Regional,1.0,1.0,1.0,"[[""Weekly DM9 Top"", 6, 1.0]]",,,
2026-08-18,FN,Bullish,482.5899963378906,Technology,Electronic Components,1.0,1.0,1.0,"[[""Weekly DM9 Bottom"", 6, 1.0]]",,,
2026-08-18,PNW,Bullish,100.1500015258789,Utilities,Utilities - Regulated Electric,1.0,1.0,1.0,"[[""Daily DM13 Bottom"", 10, 1.0]]",,,
2026-08-18,PSMT,Bearish,176.6999969482422,Consumer Defensive,Discount Stores,1.0,1.0,1.0,"[[""Weekly DM9 Top"", 6, 1.0]]",,,
2026-08-18,HON,Bullish,227.7100067138672,Industrials,Conglomerates,1.0,1.0,1.0,"[[""Daily DM9 Bottom"", 0, 1.0]]",,,
2026-08-18,PVH,Bullish,78.7300033569336,Consumer Cyclical,Apparel Manufacturing,1.0,1.0,1.0,"[[""Daily DM9 Bottom"", 0, 1.0]]",,,
2026-08-18,EIX,Bearish,73.69000244140625,Utilities,Utilities - Regulated Electric,1.0,1.0,1.0,"[[""Weekly DM9 Top"", 6, 1.0]]",,,
2026-08-18,GGAL,Bullish,42.119998931884766,Financial,Banks - Regional,0.9,1.1,0.99,"[[""Daily DM9 Bottom"", 2, 0.9]]",,,
2026-08-18,NOV,Bearish,20.989999771118164,Energy,Oil & Gas Equipment & Services,0.9,1.1,0.99,"[[""Daily DM9 Top"", 2, 0.9]]",,,
2026-08-18,HDB,Bullish,23.170000076293945,Financial,Banks - Regional,0.9,1.1,0.99,"[[""Daily DM9 Bottom"", 2, 0.9]]",,,
2026-08-18,HPQ,Bearish,29.959999084472656,Technology,Computer Hardware,0.9,1.1,0.99,"[[""Daily DM9 Top"", 2, 0.9]]",,,
2026-08-18,MNST,Bullish,47.380001068115234,Consumer Defensive,Beverages - Non-Alcoholic,0.9,1.1,0.99,"[[""Daily DM9 Bottom"", 2, 0.9]]",,,
2026-08-18,MIAX,Bullish,41.90999984741211,Financial,Capital Markets,0.9,1.1,0.99,"[[""Daily DM9 Bottom"", 2, 0.9]]",,,
2026-08-18,RHI,Bearish,43.7599983215332,Industrials,Staffing & Employment Services,0.9,1.1,0.99,"[[""Daily DM9 Top"", 2, 0.9]]",,,
2026-08-18,ARE,Bullish,45.84000015258789,Real Estate,REIT - Office,0.9,1.1,0.99,"[[""Daily DM9 Bottom"", 2, 0.9]]",,,
2026-08-18,BTU,Bearish,25.18000030517578,Energy,Thermal Coal,0.9,1.1,0.99,"[[""Daily DM9 Top"", 2, 0.9]]",,,
2026-08-18,VTRS,Bullish,16.170000076293945,Healthcare,Drug Manufacturers - Specialty & Generic,0.8,1.2,0.96,"[[""Daily DM9 Bottom"", 4, 0.8]]",,,
2026-08-18,XPRO,Bearish,18.3700008392334,Energy,Oil & Gas Equipment & Services,0.8,1.2,0.96,"[[""Daily DM9 Top"", 4, 0.8]]",,,
2026-08-18,SRTA,Bearish,5.699999809265137,Industrials,Airports & Air Services,0.8,1.2,0.96,"[[""Daily DM9 Top"", 4, 0.8]]",,,
2026-08-18,JBGS,Bullish,11.430000305175781,Real Estate,REIT - Office,0.8,1.2,0.96,"[[""Daily DM9 Bottom"", 4, 0.8]]",,,
2026-08-18,HR,Bullish,19.110000610351562,Real Estate,REIT - Healthcare Facilities,0.8,1.2,0.96,"[[""Daily DM9 Bottom"", 4, 0.8]]",,,
2026-08-18,ACDC,Bearish,5.090000152587891,Energy,Oil & Gas Equipment & Services,0.8,1.2,0.96,"[[""Daily DM9 Top"", 4, 0.8]]",,,
2026-08-18,TW,Bearish,105.47000122070312,Financial,Capital Markets,0.95,1.0,0.95,"[[""Daily DM9 Top"", 1, 0.95]]",,,
2026-08-18,DRI,Bearish,218.86000061035156,Consumer Cyclical,Restaurants,0.95,1.0,0.95,"[[""Daily DM9 Top"", 1, 0.95]]",,,
2026-08-18,WMK,Bullish,70.30999755859375,Consumer Defensive,Grocery Stores,0.95,1.0,0.95,"[[""Daily DM9 Bottom"", 1, 0.95]]",,,
2026-08-18,TD,Bearish,121.97000122070312,Financial,Banks - Diversified,0.95,1.0,0.95,"[[""Daily DM9 Top"", 1, 0.95]]",,,
2026-08-18,DOCU,Bearish,60.0099983215332,Technology,Software - Application,0.95,1.0,0.95,"[[""Daily DM9 Top"", 1, 0.95]]",,,
2026-08-18,BG,Bearish,114.36000061035156,Consumer Defensive,Farm Products,0.95,1.0,0.95,"[[""Daily DM9 Top"", 1, 0.95]]",,,
2026-08-18,AVNT,Bearish,43.459999084472656,Basic Materials,Specialty Chemicals,0.85,1.1,0.94,"[[""Daily DM9 Top"", 3, 0.85]]",,,
2026-08-18,SSRM,Bearish,31.690000534057617,Basic Materials,Gold,0.85,1.1,0.94,"[[""Daily DM9 Top"", 3, 0.85]]",,,
2026-08-18,KBR,Bearish,37.619998931884766,Industrials,Engineering & Construction,0.85,1.1,0.94,"[[""Daily DM9 Top"", 3, 0.85]]",,,
2026-08-18,TREX,Bearish,47.72999954223633,Industrials,Building Products & Equipment,0.85,1.1,0.94,"[[""Daily DM9 Top"", 3, 0.85]]",,,
2026-08-18,DAN,Bearish,30.790000915527344,Consumer Cyclical,Auto Parts,0.85,1.1,0.94,"[[""Daily DM9 Top"", 3, 0.85]]",,,
2026-08-18,VOYG,Bearish,42.2400016784668,Industrials,Aerospace & Defense,0.85,1.1,0.94,"[[""Daily DM9 Top"", 3, 0.85]]",,,
2026-08-18,JHX,Bearish,29.290000915527344,Basic Materials,Building Materials,0.85,1.1,0.94,"[[""Daily DM9 Top"", 3, 0.85]]",,,
2026-08-18,VCEL,Bullish,44.2599983215332,Healthcare,Biotechnology,0.85,1.1,0.94,"[[""Daily DM9 Bottom"", 3, 0.85]]",,,
2026-08-18,TSCO,Bearish,34.720001220703125,Consumer Cyclical,Specialty Retail,0.85,1.1,0.94,"[[""Daily DM9 Top"", 3, 0.85]]",,,
2026-08-18,PSLV,Bearish,20.700000762939453,Financial,Asset Management,0.85,1.1,0.94,"[[""Daily DM9 Top"", 3, 0.85]]",,,
2026-08-18,BLSH,Bearish,24.6200008392334,Technology,Software - Infrastructure,0.85,1.1,0.94,"[[""Daily DM9 Top"", 3, 0.85]]",,,
2026-08-18,APG,Bearish,42.779998779296875,Industrials,Engineering & Construction,0.85,1.1,0.94,"[[""Daily DM9 Top"", 3, 0.85]]",,,
2026-08-18,IOSP,Bearish,93.55999755859375,Basic Materials,Specialty Chemicals,0.9,1.0,0.9,"[[""Daily DM9 Top"", 2, 0.9]]",,,
2026-08-18,RDY,Bearish,12.149999618530273,Healthcare,Drug Manufacturers - Specialty & Generic,0.75,1.2,0.9,"[[""Daily DM9 Top"", 5, 0.75]]",,,
2026-08-18,SHO,Bullish,11.0600004196167,Real Estate,REIT - Hotel & Motel,0.75,1.2,0.9,"[[""Daily DM9 Bottom"", 5, 0.75]]",,,
2026-08-18,GT,Bullish,5.929999828338623,Consumer Cyclical,Auto Parts,0.75,1.2,0.9,"[[""Daily DM9 Bottom"", 5, 0.75]]",,,
2026-08-18,DEI,Bullish,11.569999694824219,Real Estate,REIT - Office,0.75,1.2,0.9,"[[""Daily DM9 Bottom"", 5, 0.75]]",,,
2026-08-18,ABSI,Bearish,8.850000381469727,Healthcare,Biotechnology,0.75,1.2,0.9,"[[""Daily DM9 Top"", 5, 0.75]]",,,
2026-08-18,RZLV,Bearish,2.450000047683716,Technology,Software - Infrastructure,0.75,1.2,0.9,"[[""Daily DM9 Top"", 5, 0.75]]",,,
2026-08-18,ORA,Bearish,109.68000030517578,Utilities,Utilities - Renewable,0.9,1.0,0.9,"[[""Daily DM9 Top"", 2, 0.9]]",,,
2026-08-18,CLVT,Bullish,1.8899999856948853,Technology,Information Technology Services,0.75,1.2,0.9,"[[""Daily DM9 Bottom"", 5, 0.75]]",,,
2026-08-18,RBRK,Bearish,100.55000305175781,Technology,Software - Infrastructure,0.9,1.0,0.9,"[[""Daily DM9 Top"", 2, 0.9]]",,,
2026-08-18,TSHA,Bearish,6.190000057220459,Healthcare,Biotechnology,0.75,1.2,0.9,"[[""Daily DM9 Top"", 5, 0.75]]",,,
2026-08-18,SLB,Bearish,53.209999084472656,Energy,Oil & Gas Equipment & Services,0.9,1.0,0.9,"[[""Daily DM9 Top"", 2, 0.9]]",,,
2026-08-18,BNS,Bearish,90.12999725341797,Financial,Banks - Diversified,0.9,1.0,0.9,"[[""Daily DM9 Top"", 2, 0.9]]",,,
2026-08-18,BUD,Bullish,77.43000030517578,Consumer Defensive,Beverages - Brewers,0.9,1.0,0.9,"[[""Daily DM9 Bottom"", 2, 0.9]]",,,
2026-08-18,HCC,Bearish,97.73999786376953,Basic Materials,Coking Coal,0.9,1.0,0.9,"[[""Daily DM9 Top"", 2, 0.9]]",,,
2026-08-18,DDD,Bearish,3.440000057220459,Technology,Computer Hardware,0.75,1.2,0.9,"[[""Daily DM9 Top"", 5, 0.75]]",,,
2026-08-18,NB,Bearish,4.53000020980835,Basic Materials,Other Industrial Metals & Mining,0.75,1.2,0.9,"[[""Daily DM9 Top"", 5, 0.75]]",,,
2026-08-18,AUTL,Bearish,2.2899999618530273,Healthcare,Biotechnology,0.75,1.2,0.9,"[[""Daily DM9 Top"", 5, 0.75]]",,,
2026-08-18,ESRT,Bullish,4.699999809265137,Real Estate,REIT - Diversified,0.75,1.2,0.9,"[[""Daily DM9 Bottom"", 5, 0.75]]",,,
2026-08-18,CNR,Bearish,92.02999877929688,Energy,Thermal Coal,0.9,1.0,0.9,"[[""Daily DM9 Top"", 2, 0.9]]",,,
2026-08-18,AHCO,Bullish,5.820000171661377,Healthcare,Medical Devices,0.75,1.2,0.9,"[[""Daily DM9 Bottom"", 5, 0.75]]",,,
2026-08-18,CVCO,Bearish,584.77001953125,Consumer Cyclical,Residential Construction,0.9,1.0,0.9,"[[""Daily DM9 Top"", 2, 0.9]]",,,
2026-08-18,FDX,Bearish,328.3800048828125,Industrials,Integrated Freight & Logistics,0.9,1.0,0.9,"[[""Daily DM9 Top"", 2, 0.9]]",,,
2026-08-18,SGHC,Bullish,12.819999694824219,Consumer Cyclical,Gambling,0.75,1.2,0.9,"[[""Daily DM9 Bottom"", 5, 0.75]]",,,
2026-08-18,VRT,Bearish,272.5400085449219,Industrials,Electrical Equipment & Parts,0.9,1.0,0.9,"[[""Daily DM9 Top"", 2, 0.9]]",,,
2026-08-18,HOOD,Bearish,91.52999877929688,Financial,Capital Markets,0.9,1.0,0.9,"[[""Daily DM9 Top"", 2, 0.9]]",,,
2026-08-18,SKY,Bearish,90.86000061035156,Consumer Cyclical,Residential Construction,0.9,1.0,0.9,"[[""Daily DM9 Top"", 2, 0.9]]",,,
2026-08-18,TDW,Bearish,94.12999725341797,Energy,Oil & Gas Equipment & Services,0.9,1.0,0.9,"[[""Daily DM9 Top"", 2, 0.9]]",,,
2026-08-18,CHA,Bullish,10.050000190734863,Consumer Cyclical,Restaurants,0.75,1.2,0.9,"[[""Daily DM9 Bottom"", 5, 0.75]]",,,
2026-08-18,MKC,Bearish,55.279998779296875,Consumer Defensive,Packaged Foods,0.9,1.0,0.9,"[[""Daily DM9 Top"", 2, 0.9]]",,,
2026-08-18,NOC,Bearish,589.1400146484375,Industrials,Aerospace & Defense,0.9,1.0,0.9,"[[""Daily DM9 Top"", 2, 0.9]]",,,
2026-08-18,HIW,Bullish,30.850000381469727,Real Estate,REIT - Office,0.8,1.1,0.88,"[[""Daily DM9 Bottom"", 4, 0.8]]",,,
2026-08-18,CUZ,Bullish,29.0,Real Estate,REIT - Office,0.8,1.1,0.88,"[[""Daily DM9 Bottom"", 4, 0.8]]",,,
2026-08-18,REXR,Bullish,37.040000915527344,Real Estate,REIT - Industrial,0.8,1.1,0.88,"[[""Daily DM9 Bottom"", 4, 0.8]]",,,
2026-08-18,BXSL,Bearish,24.350000381469727,Financial,Asset Management,0.8,1.1,0.88,"[[""Daily DM9 Top"", 4, 0.8]]",,,
2026-08-18,PECO,Bullish,39.7400016784668,Real Estate,REIT - Retail,0.8,1.1,0.88,"[[""Daily DM9 Bottom"", 4, 0.8]]",,,
2026-08-18,KHC,Bullish,24.81999969482422,Consumer Defensive,Packaged Foods,0.8,1.1,0.88,"[[""Daily DM9 Bottom"", 4, 0.8]]",,,
2026-08-18,NTST,Bullish,20.530000686645508,Real Estate,REIT - Retail,0.8,1.1,0.88,"[[""Daily DM9 Bottom"", 4, 0.8]]",,,
2026-08-18,CVNA,Bearish,65.0,Consumer Cyclical,Auto & Truck Dealerships,0.85,1.0,0.85,"[[""Daily DM9 Top"", 3, 0.85]]",,,
2026-08-18,BJ,Bullish,92.69000244140625,Consumer Defensive,Discount Stores,0.85,1.0,0.85,"[[""Daily DM9 Bottom"", 3, 0.85]]",,,
2026-08-18,PLTR,Bearish,171.5399932861328,Technology,Software - Infrastructure,0.85,1.0,0.85,"[[""Daily DM9 Top"", 3, 0.85]]",,,
2026-08-18,SXT,Bearish,130.13999938964844,Basic Materials,Specialty Chemicals,0.85,1.0,0.85,"[[""Daily DM9 Top"", 3, 0.85]]",,,
2026-08-18,ACIW,Bullish,52.16999816894531,Technology,Software - Infrastructure,0.85,1.0,0.85,"[[""Daily DM9 Bottom"", 3, 0.85]]",,,
2026-08-18,FROG,Bearish,91.5999984741211,Technology,Software - Application,0.85,1.0,0.85,"[[""Daily DM9 Top"", 3, 0.85]]",,,
2026-08-18,VSEC,Bearish,235.52999877929688,Industrials,Aerospace & Defense,0.85,1.0,0.85,"[[""Daily DM9 Top"", 3, 0.85]]",,,
2026-08-18,AFL,Bullish,121.7300033569336,Financial,Insurance - Life,0.85,1.0,0.85,"[[""Daily DM9 Bottom"", 3, 0.85]]",,,
2026-08-18,CCJ,Bearish,96.02999877929688,Energy,Uranium,0.85,1.0,0.85,"[[""Daily DM9 Top"", 3, 0.85]]",,,
2026-08-18,CRDO,Bearish,245.97000122070312,Technology,Semiconductors,0.85,1.0,0.85,"[[""Daily DM9 Top"", 3, 0.85]]",,,
2026-08-18,BTI,Bullish,56.380001068115234,Consumer Defensive,Tobacco,0.85,1.0,0.85,"[[""Daily DM9 Bottom"", 3, 0.85]]",,,
2026-08-18,CVLT,Bearish,142.80999755859375,Technology,Software - Application,0.85,1.0,0.85,"[[""Daily DM9 Top"", 3, 0.85]]",,,
2026-08-18,KRMN,Bearish,59.43000030517578,Industrials,Aerospace & Defense,0.85,1.0,0.85,"[[""Daily DM9 Top"", 3, 0.85]]",,,
2026-08-18,ATKR,Bearish,93.44000244140625,Industrials,Electrical Equipment & Parts,0.85,1.0,0.85,"[[""Daily DM9 Top"", 3, 0.85]]",,,
2026-08-18,SUI,Bullish,120.16999816894531,Real Estate,REIT - Residential,0.85,1.0,0.85,"[[""Daily DM9 Bottom"", 3, 0.85]]",,,
2026-08-18,HPE,Bearish,55.689998626708984,Technology,Communication Equipment,0.85,1.0,0.85,"[[""Daily DM9 Top"", 3, 0.85]]",,,
2026-08-18,SEI,Bearish,61.939998626708984,Energy,Oil & Gas Equipment & Services,0.85,1.0,0.85,"[[""Daily DM9 Top"", 3, 0.85]]",,,
2026-08-18,KTOS,Bearish,61.9900016784668,Industrials,Aerospace & Defense,0.85,1.0,0.85,"[[""Daily DM9 Top"", 3, 0.85]]",,,
2026-08-18,AVAV,Bearish,174.13999938964844,Industrials,Aerospace & Defense,0.85,1.0,0.85,"[[""Daily DM9 Top"", 3, 0.85]]",,,
2026-08-18,ISRG,Bearish,391.17999267578125,Healthcare,Medical Instruments & Supplies,0.85,1.0,0.85,"[[""Daily DM9 Top"", 3, 0.85]]",,,
2026-08-18,NTRS,Bearish,190.5800018310547,Financial,Asset Management,0.85,1.0,0.85,"[[""Daily DM9 Top"", 3, 0.85]]",,,
2026-08-18,GHC,Bullish,1173.27001953125,Consumer Defensive,Education & Training Services,0.85,1.0,0.85,"[[""Daily DM9 Bottom"", 3, 0.85]]",,,
2026-08-18,ONTO,Bearish,315.4200134277344,Technology,Semiconductor Equipment & Materials,0.85,1.0,0.85,"[[""Daily DM9 Top"", 3, 0.85]]",,,
2026-08-18,ASML,Bearish,1802.97998046875,Technology,Semiconductor Equipment & Materials,0.85,1.0,0.85,"[[""Daily DM9 Top"", 3, 0.85]]",,,
2026-08-18,STT,Bearish,191.8699951171875,Financial,Asset Management,0.85,1.0,0.85,"[[""Daily DM9 Top"", 3, 0.85]]",,,
2026-08-18,SBSW,Bearish,10.5600004196167,Basic Materials,Other Precious Metals & Mining,0.7,1.2,0.84,"[[""Daily DM9 Top"", 6, 0.7]]",,,
2026-08-18,CLM,Bearish,6.840000152587891,Financial,Closed-End Fund - Equity,0.7,1.2,0.84,"[[""Daily DM9 Top"", 6, 0.7]]",,,
2026-08-18,ADMA,Bearish,9.539999961853027,Healthcare,Biotechnology,0.7,1.2,0.84,"[[""Daily DM9 Top"", 6, 0.7]]",,,
2026-08-18,AEVA,Bearish,21.030000686645508,Technology,Software - Infrastructure,0.75,1.1,0.83,"[[""Daily DM9 Top"", 5, 0.75]]",,,
2026-08-18,OHI,Bullish,46.439998626708984,Real Estate,REIT - Healthcare Facilities,0.75,1.1,0.83,"[[""Daily DM9 Bottom"", 5, 0.75]]",,,
2026-08-18,SPNT,Bullish,23.549999237060547,Financial,Insurance - Reinsurance,0.75,1.1,0.83,"[[""Daily DM9 Bottom"", 5, 0.75]]",,,
2026-08-18,QSI,Bullish,0.7279999852180481,Healthcare,Medical Devices,1.67,0.5,0.83,"[[""Weekly DM9 Bottom"", 2, 1.6666666666666667]]",,,
2026-08-18,GLPI,Bullish,42.08000183105469,Real Estate,REIT - Specialty,0.75,1.1,0.83,"[[""Daily DM9 Bottom"", 5, 0.75]]",,,
2026-08-18,PPTA,Bearish,23.790000915527344,Basic Materials,Other Precious Metals & Mining,0.75,1.1,0.83,"[[""Daily DM9 Top"", 5, 0.75]]",,,
2026-08-18,MAC,Bullish,24.43000030517578,Real Estate,REIT - Retail,0.75,1.1,0.83,"[[""Daily DM9 Bottom"", 5, 0.75]]",,,
2026-08-18,UE,Bullish,21.709999084472656,Real Estate,REIT - Retail,0.75,1.1,0.83,"[[""Daily DM9 Bottom"", 5, 0.75]]",,,
2026-08-18,UGI,Bullish,38.38999938964844,Utilities,Utilities - Regulated Gas,0.75,1.1,0.83,"[[""Daily DM9 Bottom"", 5, 0.75]]",,,
2026-08-18,KIM,Bullish,24.219999313354492,Real Estate,REIT - Retail,0.75,1.1,0.83,"[[""Daily DM9 Bottom"", 5, 0.75]]",,,
2026-08-18,DOC,Bullish,20.440000534057617,Real Estate,REIT - Healthcare Facilities,0.75,1.1,0.83,"[[""Daily DM9 Bottom"", 5, 0.75]]",,,
2026-08-18,RLAY,Bearish,20.610000610351562,Healthcare,Biotechnology,0.75,1.1,0.83,"[[""Daily DM9 Top"", 5, 0.75]]",,,
2026-08-18,BZAI,Bullish,0.5582000017166138,Technology,Software - Application,1.67,0.5,0.83,"[[""Weekly DM9 Bottom"", 2, 1.6666666666666667]]",,,
2026-08-18,TEM,Bearish,49.36000061035156,Healthcare,Health Information Services,0.75,1.1,0.83,"[[""Daily DM9 Top"", 5, 0.75]]",,,
2026-08-18,HBM,Bearish,26.40999984741211,Basic Materials,Copper,0.75,1.1,0.83,"[[""Daily DM9 Top"", 5, 0.75]]",,,
2026-08-18,LMT,Bearish,607.1699829101562,Industrials,Aerospace & Defense,0.8,1.0,0.8,"[[""Daily DM9 Top"", 4, 0.8]]",,,
2026-08-18,NOVT,Bearish,157.11000061035156,Technology,Scientific & Technical Instruments,0.8,1.0,0.8,"[[""Daily DM9 Top"", 4, 0.8]]",,,
2026-08-18,SAH,Bullish,77.30999755859375,Consumer Cyclical,Auto & Truck Dealerships,0.8,1.0,0.8,"[[""Daily DM9 Bottom"", 4, 0.8]]",,,
2026-08-18,WST,Bearish,346.5899963378906,Healthcare,Medical Instruments & Supplies,0.8,1.0,0.8,"[[""Daily DM9 Top"", 4, 0.8]]",,,
2026-08-18,RHP,Bullish,126.08999633789062,Real Estate,REIT - Hotel & Motel,0.8,1.0,0.8,"[[""Daily DM9 Bottom"", 4, 0.8]]",,,
2026-08-18,ETN,Bearish,431.3299865722656,Industrials,Specialty Industrial Machinery,0.8,1.0,0.8,"[[""Daily DM9 Top"", 4, 0.8]]",,,
2026-08-18,TSM,Bearish,413.4100036621094,Technology,Semiconductors,0.8,1.0,0.8,"[[""Daily DM9 Top"", 4, 0.8]]",,,
2026-08-18,ANET,Bearish,193.17999267578125,Technology,Computer Hardware,0.8,1.0,0.8,"[[""Daily DM9 Top"", 4, 0.8]]",,,
2026-08-18,KR,Bullish,56.34000015258789,Consumer Defensive,Grocery Stores,0.8,1.0,0.8,"[[""Daily DM9 Bottom"", 4, 0.8]]",,,
2026-08-18,SPG,Bullish,220.61000061035156,Real Estate,REIT - Retail,0.8,1.0,0.8,"[[""Daily DM9 Bottom"", 4, 0.8]]",,,
2026-08-18,BYD,Bullish,82.4800033569336,Consumer Cyclical,Resorts & Casinos,0.8,1.0,0.8,"[[""Daily DM9 Bottom"", 4, 0.8]]",,,
2026-08-18,FAST,Bearish,51.27000045776367,Industrials,Industrial Distribution,0.8,1.0,0.8,"[[""Daily DM9 Top"", 4, 0.8]]",,,
2026-08-18,NVT,Bearish,164.6300048828125,Industrials,Electrical Equipment & Parts,0.8,1.0,0.8,"[[""Daily DM9 Top"", 4, 0.8]]",,,
2026-08-18,WAT,Bearish,401.25,Healthcare,Diagnostics & Research,0.8,1.0,0.8,"[[""Daily DM9 Top"", 4, 0.8]]",,,
2026-08-18,KC,Bearish,10.84000015258789,Technology,Software - Application,0.65,1.2,0.78,"[[""Daily DM9 Top"", 7, 0.65]]",,,
2026-08-18,LYFT,Bearish,16.93000030517578,Technology,Software - Application,0.65,1.2,0.78,"[[""Daily DM9 Top"", 7, 0.65]]",,,
2026-08-18,GTN,Bearish,4.860000133514404,Communication Services,Broadcasting,0.65,1.2,0.78,"[[""Daily DM9 Top"", 7, 0.65]]",,,
2026-08-18,ECC,Bearish,3.7799999713897705,Financial,Closed-End Fund - Debt,0.65,1.2,0.78,"[[""Daily DM9 Top"", 7, 0.65]]",,,
2026-08-18,CLBT,Bearish,11.0,Technology,Software - Infrastructure,0.65,1.2,0.78,"[[""Daily DM9 Top"", 7, 0.65]]",,,
2026-08-18,VIPS,Bearish,14.210000038146973,Consumer Cyclical,Internet Retail,0.65,1.2,0.78,"[[""Daily DM9 Top"", 7, 0.65]]",,,
2026-08-18,KLAR,Bearish,15.0600004196167,Technology,Software - Infrastructure,0.65,1.2,0.78,"[[""Daily DM9 Top"", 7, 0.65]]",,,
2026-08-18,EVLV,Bearish,5.440000057220459,Industrials,Security & Protection Services,0.65,1.2,0.78,"[[""Daily DM9 Top"", 7, 0.65]]",,,
2026-08-18,SHC,Bearish,18.510000228881836,Healthcare,Diagnostics & Research,0.65,1.2,0.78,"[[""Daily DM9 Top"", 7, 0.65]]",,,
2026-08-18,CGAU,Bearish,21.280000686645508,Basic Materials,Gold,0.7,1.1,0.77,"[[""Daily DM9 Top"", 6, 0.7]]",,,
2026-08-18,PEGA,Bearish,32.5,Technology,Software - Application,0.7,1.1,0.77,"[[""Daily DM9 Top"", 6, 0.7]]",,,
2026-08-18,OGE,Bullish,47.060001373291016,Utilities,Utilities - Regulated Electric,0.7,1.1,0.77,"[[""Daily DM9 Bottom"", 6, 0.7]]",,,
2026-08-18,TRN,Bullish,29.670000076293945,Industrials,Railroads,0.7,1.1,0.77,"[[""Daily DM9 Bottom"", 6, 0.7]]",,,
2026-08-18,SKYT,Bullish,32.459999084472656,Technology,Semiconductors,0.7,1.1,0.77,"[[""Daily DM9 Bottom"", 6, 0.7]]",,,
2026-08-18,CNP,Bullish,40.540000915527344,Utilities,Utilities - Regulated Electric,0.7,1.1,0.77,"[[""Daily DM9 Bottom"", 6, 0.7]]",,,
2026-08-18,FE,Bullish,47.2599983215332,Utilities,Utilities - Regulated Electric,0.7,1.1,0.77,"[[""Daily DM9 Bottom"", 6, 0.7]]",,,
2026-08-18,CURB,Bullish,30.0,Real Estate,REIT - Retail,0.7,1.1,0.77,"[[""Daily DM9 Bottom"", 6, 0.7]]",,,
2026-08-18,PANW,Bearish,374.1400146484375,Technology,Software - Infrastructure,0.75,1.0,0.75,"[[""Daily DM9 Top"", 5, 0.75]]",,,
2026-08-18,FRT,Bullish,117.4800033569336,Real Estate,REIT - Retail,0.75,1.0,0.75,"[[""Daily DM9 Bottom"", 5, 0.75]]",,,
2026-08-18,TWST,Bearish,116.0999984741211,Healthcare,Diagnostics & Research,0.75,1.0,0.75,"[[""Daily DM9 Top"", 5, 0.75]]",,,
2026-08-18,SES,Bullish,0.5311999917030334,Consumer Cyclical,Auto Parts,1.5,0.5,0.75,"[[""Weekly DM9 Bottom"", 3, 1.5]]",,,
2026-08-18,JOE,Bearish,67.31999969482422,Real Estate,Real Estate - Diversified,0.75,1.0,0.75,"[[""Daily DM9 Top"", 5, 0.75]]",,,
2026-08-18,SLAB,Bearish,219.0,Technology,Semiconductors,0.75,1.0,0.75,"[[""Daily DM9 Top"", 5, 0.75]]",,,
2026-08-18,CRWD,Bearish,212.9199981689453,Technology,Software - Infrastructure,0.75,1.0,0.75,"[[""Daily DM9 Top"", 5, 0.75]]",,,
2026-08-18,BWA,Bearish,67.94999694824219,Consumer Cyclical,Auto Parts,0.75,1.0,0.75,"[[""Daily DM9 Top"", 5, 0.75]]",,,
2026-08-18,LEU,Bearish,175.6999969482422,Energy,Uranium,0.75,1.0,0.75,"[[""Daily DM9 Top"", 5, 0.75]]",,,
2026-08-18,ORCL,Bearish,142.7899932861328,Technology,Software - Infrastructure,0.75,1.0,0.75,"[[""Daily DM9 Top"", 5, 0.75]]",,,
2026-08-18,PI,Bearish,168.07000732421875,Technology,Semiconductors,0.75,1.0,0.75,"[[""Daily DM9 Top"", 5, 0.75]]",,,
2026-08-18,ATO,Bullish,170.50999450683594,Utilities,Utilities - Regulated Gas,0.75,1.0,0.75,"[[""Daily DM9 Bottom"", 5, 0.75]]",,,
2026-08-18,NJR,Bullish,55.52000045776367,Utilities,Utilities - Regulated Gas,0.75,1.0,0.75,"[[""Daily DM9 Bottom"", 5, 0.75]]",,,
2026-08-18,AA,Bearish,50.02000045776367,Basic Materials,Aluminum,0.75,1.0,0.75,"[[""Daily DM9 Top"", 5, 0.75]]",,,
2026-08-18,IBOC,Bullish,72.61000061035156,Financial,Banks - Regional,0.75,1.0,0.75,"[[""Daily DM9 Bottom"", 5, 0.75]]",,,
2026-08-18,ADC,Bullish,74.20999908447266,Real Estate,REIT - Retail,0.75,1.0,0.75,"[[""Daily DM9 Bottom"", 5, 0.75]]",,,
2026-08-18,PLD,Bullish,140.02000427246094,Real Estate,REIT - Industrial,0.75,1.0,0.75,"[[""Daily DM9 Bottom"", 5, 0.75]]",,,
2026-08-18,O,Bullish,62.209999084472656,Real Estate,REIT - Retail,0.75,1.0,0.75,"[[""Daily DM9 Bottom"", 5, 0.75]]",,,
2026-08-18,TECK,Bearish,63.90999984741211,Basic Materials,Other Industrial Metals & Mining,0.75,1.0,0.75,"[[""Daily DM9 Top"", 5, 0.75]]",,,
2026-08-18,ACGL,Bullish,98.91000366210938,Financial,Insurance - Diversified,0.75,1.0,0.75,"[[""Daily DM9 Bottom"", 5, 0.75]]",,,
2026-08-18,CMS,Bullish,71.05999755859375,Utilities,Utilities - Regulated Electric,0.75,1.0,0.75,"[[""Daily DM9 Bottom"", 5, 0.75]]",,,
2026-08-18,PAR,Bearish,19.420000076293945,Technology,Software - Application,0.6,1.2,0.72,"[[""Daily DM9 Top"", 8, 0.6]]",,,
2026-08-18,EYE,Bearish,18.799999237060547,Consumer Cyclical,Specialty Retail,0.6,1.2,0.72,"[[""Daily DM9 Top"", 8, 0.6]]",,,
2026-08-18,RITM,Bearish,10.199999809265137,Real Estate,REIT - Mortgage,0.6,1.2,0.72,"[[""Daily DM9 Top"", 8, 0.6]]",,,
2026-08-18,ARLO,Bearish,13.380000114440918,Industrials,Building Products & Equipment,0.6,1.2,0.72,"[[""Daily DM9 Top"", 8, 0.6]]",,,
2026-08-18,SABR,Bearish,2.109999895095825,Technology,Software - Infrastructure,0.6,1.2,0.72,"[[""Daily DM9 Top"", 8, 0.6]]",,,
2026-08-18,BLMN,Bearish,10.65999984741211,Consumer Cyclical,Restaurants,0.6,1.2,0.72,"[[""Daily DM9 Top"", 8, 0.6]]",,,
2026-08-18,AXTA,Bearish,35.41999816894531,Basic Materials,Specialty Chemicals,0.65,1.1,0.72,"[[""Daily DM9 Top"", 7, 0.65]]",,,
2026-08-18,JACK,Bearish,16.729999542236328,Consumer Cyclical,Restaurants,0.6,1.2,0.72,"[[""Daily DM9 Top"", 8, 0.6]]",,,
2026-08-18,LBRDK,Bearish,35.0099983215332,Communication Services,Telecom Services,0.65,1.1,0.72,"[[""Daily DM9 Top"", 7, 0.65]]",,,
2026-08-18,LIF,Bearish,46.7400016784668,Technology,Software - Application,0.65,1.1,0.72,"[[""Daily DM9 Top"", 7, 0.65]]",,,
2026-08-18,RXST,Bearish,6.369999885559082,Healthcare,Medical Devices,0.6,1.2,0.72,"[[""Daily DM9 Top"", 8, 0.6]]",,,
2026-08-18,MH,Bearish,13.119999885559082,Consumer Defensive,Education & Training Services,0.6,1.2,0.72,"[[""Daily DM9 Top"", 8, 0.6]]",,,
2026-08-18,VYX,Bearish,7.579999923706055,Technology,Information Technology Services,0.6,1.2,0.72,"[[""Daily DM9 Top"", 8, 0.6]]",,,
2026-08-18,CWH,Bearish,6.300000190734863,Consumer Cyclical,Auto & Truck Dealerships,0.6,1.2,0.72,"[[""Daily DM9 Top"", 8, 0.6]]",,,
2026-08-18,JBLU,Bearish,5.039999961853027,Industrials,Airlines,0.6,1.2,0.72,"[[""Daily DM9 Top"", 8, 0.6]]",,,
2026-08-18,RELY,Bearish,25.440000534057617,Technology,Software - Infrastructure,0.65,1.1,0.72,"[[""Daily DM9 Top"", 7, 0.65]]",,,
2026-08-18,AIN,Bullish,62.720001220703125,Consumer Cyclical,Textile Manufacturing,0.7,1.0,0.7,"[[""Daily DM9 Bottom"", 6, 0.7]]",,,
2026-08-18,BABA,Bearish,128.14999389648438,Consumer Cyclical,Internet Retail,0.7,1.0,0.7,"[[""Daily DM9 Top"", 6, 0.7]]",,,
2026-08-18,WEC,Bullish,111.05000305175781,Utilities,Utilities - Regulated Electric,0.7,1.0,0.7,"[[""Daily DM9 Bottom"", 6, 0.7]]",,,
2026-08-18,AEP,Bullish,126.3499984741211,Utilities,Utilities - Regulated Electric,0.7,1.0,0.7,"[[""Daily DM9 Bottom"", 6, 0.7]]",,,
2026-08-18,SO,Bullish,92.06999969482422,Utilities,Utilities - Regulated Electric,0.7,1.0,0.7,"[[""Daily DM9 Bottom"", 6, 0.7]]",,,
2026-08-18,RIO,Bearish,96.69000244140625,Basic Materials,Other Industrial Metals & Mining,0.7,1.0,0.7,"[[""Daily DM9 Top"", 6, 0.7]]",,,
2026-08-18,CVS,Bullish,94.91000366210938,Healthcare,Healthcare Plans,0.7,1.0,0.7,"[[""Daily DM9 Bottom"", 6, 0.7]]",,,
2026-08-18,EW,Bearish,90.9800033569336,Healthcare,Medical Devices,0.7,1.0,0.7,"[[""Daily DM9 Top"", 6, 0.7]]",,,
2026-08-18,WPC,Bullish,71.04000091552734,Real Estate,REIT - Diversified,0.7,1.0,0.7,"[[""Daily DM9 Bottom"", 6, 0.7]]",,,
2026-08-18,GWW,Bullish,1314.1199951171875,Industrials,Industrial Distribution,0.7,1.0,0.7,"[[""Daily DM9 Bottom"", 6, 0.7]]",,,
2026-08-18,SLQT,Bullish,0.7556999921798706,Financial,Insurance Brokers,1.33,0.5,0.67,"[[""Weekly DM9 Bottom"", 4, 1.3333333333333335]]",,,
2026-08-18,ADT,Bearish,7.21999979019165,Industrials,Security & Protection Services,0.55,1.2,0.66,"[[""Daily DM9 Top"", 9, 0.55]]",,,
2026-08-18,DT,Bearish,49.2599983215332,Technology,Software - Application,0.6,1.1,0.66,"[[""Daily DM9 Top"", 8, 0.6]]",,,
2026-08-18,PBA,Bullish,49.36000061035156,Energy,Oil & Gas Midstream,0.6,1.1,0.66,"[[""Daily DM9 Bottom"", 8, 0.6]]",,,
2026-08-18,GAP,Bearish,20.079999923706055,Consumer Cyclical,Apparel Retail,0.6,1.1,0.66,"[[""Daily DM9 Top"", 8, 0.6]]",,,
2026-08-18,AVA,Bullish,38.43000030517578,Utilities,Utilities - Diversified,0.6,1.1,0.66,"[[""Daily DM9 Bottom"", 8, 0.6]]",,,
2026-08-18,OTEX,Bearish,24.170000076293945,Technology,Software - Application,0.6,1.1,0.66,"[[""Daily DM9 Top"", 8, 0.6]]",,,
2026-08-18,BKE,Bearish,43.11000061035156,Consumer Cyclical,Apparel Retail,0.6,1.1,0.66,"[[""Daily DM9 Top"", 8, 0.6]]",,,
2026-08-18,WRBY,Bearish,25.610000610351562,Healthcare,Medical Instruments & Supplies,0.6,1.1,0.66,"[[""Daily DM9 Top"", 8, 0.6]]",,,
2026-08-18,YUMC,Bearish,46.86000061035156,Consumer Cyclical,Restaurants,0.6,1.1,0.66,"[[""Daily DM9 Top"", 8, 0.6]]",,,
2026-08-18,GLBE,Bearish,41.310001373291016,Consumer Cyclical,Internet Retail,0.6,1.1,0.66,"[[""Daily DM9 Top"", 8, 0.6]]",,,
2026-08-18,WIT,Bearish,1.909999966621399,Technology,Information Technology Services,0.55,1.2,0.66,"[[""Daily DM9 Top"", 9, 0.55]]",,,
2026-08-18,BEN,Bearish,33.9900016784668,Financial,Asset Management,0.6,1.1,0.66,"[[""Daily DM9 Top"", 8, 0.6]]",,,
2026-08-18,BWIN,Bearish,30.200000762939453,Financial,Insurance Brokers,0.6,1.1,0.66,"[[""Daily DM9 Top"", 8, 0.6]]",,,
2026-08-18,ALK,Bearish,42.40999984741211,Industrials,Airlines,0.6,1.1,0.66,"[[""Daily DM9 Top"", 8, 0.6]]",,,
2026-08-18,SHOO,Bearish,46.75,Consumer Cyclical,Footwear & Accessories,0.6,1.1,0.66,"[[""Daily DM9 Top"", 8, 0.6]]",,,
2026-08-18,AS,Bearish,33.619998931884766,Consumer Cyclical,Leisure,0.6,1.1,0.66,"[[""Daily DM9 Top"", 8, 0.6]]",,,
2026-08-18,DASH,Bearish,216.35000610351562,Consumer Cyclical,Internet Retail,0.65,1.0,0.65,"[[""Daily DM9 Top"", 7, 0.65]]",,,
2026-08-18,NEE,Bullish,86.22000122070312,Utilities,Utilities - Regulated Electric,0.65,1.0,0.65,"[[""Daily DM9 Bottom"", 7, 0.65]]",,,
2026-08-18,IDCC,Bearish,335.7699890136719,Technology,Software - Application,0.65,1.0,0.65,"[[""Daily DM9 Top"", 7, 0.65]]",,,
2026-08-18,SRE,Bullish,87.18000030517578,Utilities,Utilities - Diversified,0.65,1.0,0.65,"[[""Daily DM9 Bottom"", 7, 0.65]]",,,
2026-08-18,BOOT,Bearish,158.08999633789062,Consumer Cyclical,Apparel Retail,0.65,1.0,0.65,"[[""Daily DM9 Top"", 7, 0.65]]",,,
2026-08-18,CBRL,Bearish,58.18000030517578,Consumer Cyclical,Restaurants,0.65,1.0,0.65,"[[""Daily DM9 Top"", 7, 0.65]]",,,
2026-08-18,IRTC,Bearish,115.23999786376953,Healthcare,Medical Devices,0.65,1.0,0.65,"[[""Daily DM9 Top"", 7, 0.65]]",,,
2026-08-18,CHTR,Bearish,148.35000610351562,Communication Services,Telecom Services,0.65,1.0,0.65,"[[""Daily DM9 Top"", 7, 0.65]]",,,
2026-08-18,FND,Bearish,56.04999923706055,Consumer Cyclical,Home Improvement Retail,0.65,1.0,0.65,"[[""Daily DM9 Top"", 7, 0.65]]",,,
2026-08-18,DLTR,Bearish,130.47999572753906,Consumer Defensive,Discount Stores,0.65,1.0,0.65,"[[""Daily DM9 Top"", 7, 0.65]]",,,
2026-08-18,FTDR,Bearish,82.91999816894531,Consumer Cyclical,Personal Services,0.65,1.0,0.65,"[[""Daily DM9 Top"", 7, 0.65]]",,,
2026-08-18,LNT,Bullish,69.9800033569336,Utilities,Utilities - Regulated Electric,0.65,1.0,0.65,"[[""Daily DM9 Bottom"", 7, 0.65]]",,,
2026-08-18,RYAAY,Bearish,55.40999984741211,Industrials,Airlines,0.65,1.0,0.65,"[[""Daily DM9 Top"", 7, 0.65]]",,,
2026-08-18,WSM,Bearish,241.38999938964844,Consumer Cyclical,Specialty Retail,0.65,1.0,0.65,"[[""Daily DM9 Top"", 7, 0.65]]",,,
2026-08-18,PEG,Bullish,75.5999984741211,Utilities,Utilities - Regulated Electric,0.65,1.0,0.65,"[[""Daily DM9 Bottom"", 7, 0.65]]",,,
2026-08-18,PNR,Bearish,63.54999923706055,Industrials,Specialty Industrial Machinery,0.65,1.0,0.65,"[[""Daily DM9 Top"", 7, 0.65]]",,,
2026-08-18,ULTA,Bearish,516.739990234375,Consumer Cyclical,Specialty Retail,0.65,1.0,0.65,"[[""Daily DM9 Top"", 7, 0.65]]",,,
2026-08-18,CCL,Bearish,27.270000457763672,Consumer Cyclical,Travel Services,0.55,1.1,0.61,"[[""Daily DM9 Top"", 9, 0.55]]",,,
2026-08-18,ENOV,Bearish,25.639999389648438,Healthcare,Medical Devices,0.55,1.1,0.61,"[[""Daily DM9 Top"", 9, 0.55]]",,,
2026-08-18,EPD,Bullish,38.63999938964844,Energy,Oil & Gas Midstream,0.55,1.1,0.61,"[[""Daily DM9 Bottom"", 9, 0.55]]",,,
2026-08-18,SARO,Bearish,26.989999771118164,Industrials,Aerospace & Defense,0.55,1.1,0.61,"[[""Daily DM9 Top"", 9, 0.55]]",,,
2026-08-18,WU,Bullish,7.210000038146973,Financial,Credit Services,0.5,1.2,0.6,"[[""Daily DM9 Bottom"", 10, 0.5]]",,,
2026-08-18,AVB,Bearish,192.52999877929688,Real Estate,REIT - Residential,0.6,1.0,0.6,"[[""Daily DM9 Top"", 8, 0.6]]",,,
2026-08-18,LTM,Bearish,50.540000915527344,Industrials,Airlines,0.6,1.0,0.6,"[[""Daily DM9 Top"", 8, 0.6]]",,,
2026-08-18,PONY,Bearish,7.744999885559082,Technology,Information Technology Services,0.5,1.2,0.6,"[[""Daily DM9 Top"", 10, 0.5]]",,,
2026-08-18,PFG,Bearish,113.13999938964844,Financial,Asset Management,0.6,1.0,0.6,"[[""Daily DM9 Top"", 8, 0.6]]",,,
2026-08-18,ALHC,Bullish,13.229999542236328,Healthcare,Healthcare Plans,0.5,1.2,0.6,"[[""Daily DM9 Bottom"", 10, 0.5]]",,,
2026-08-18,ADM,Bullish,82.44999694824219,Consumer Defensive,Farm Products,0.6,1.0,0.6,"[[""Daily DM9 Bottom"", 8, 0.6]]",,,
2026-08-18,SYF,Bearish,80.58000183105469,Financial,Credit Services,0.6,1.0,0.6,"[[""Daily DM9 Top"", 8, 0.6]]",,,
2026-08-18,IFF,Bearish,81.0,Basic Materials,Specialty Chemicals,0.6,1.0,0.6,"[[""Daily DM9 Top"", 8, 0.6]]",,,
2026-08-18,GLUE,Bullish,15.029999732971191,Healthcare,Biotechnology,0.5,1.2,0.6,"[[""Daily DM9 Bottom"", 10, 0.5]]",,,
2026-08-18,PDD,Bearish,87.2699966430664,Consumer Cyclical,Internet Retail,0.6,1.0,0.6,"[[""Daily DM9 Top"", 8, 0.6]]",,,
2026-08-18,COF,Bearish,221.47000122070312,Financial,Credit Services,0.6,1.0,0.6,"[[""Daily DM9 Top"", 8, 0.6]]",,,
2026-08-18,HAYW,Bearish,14.609999656677246,Industrials,Electrical Equipment & Parts,0.5,1.2,0.6,"[[""Daily DM9 Top"", 10, 0.5]]",,,
2026-08-18,CHD,Bearish,99.12999725341797,Consumer Defensive,Household & Personal Products,0.6,1.0,0.6,"[[""Daily DM9 Top"", 8, 0.6]]",,,
2026-08-18,LULU,Bearish,119.01000213623047,Consumer Cyclical,Apparel Retail,0.6,1.0,0.6,"[[""Daily DM9 Top"", 8, 0.6]]",,,
2026-08-18,SHAK,Bearish,70.98999786376953,Consumer Cyclical,Restaurants,0.55,1.0,0.55,"[[""Daily DM9 Top"", 9, 0.55]]",,,
2026-08-18,UAL,Bearish,118.72000122070312,Industrials,Airlines,0.55,1.0,0.55,"[[""Daily DM9 Top"", 9, 0.55]]",,,
2026-08-18,DAL,Bearish,85.69999694824219,Industrials,Airlines,0.55,1.0,0.55,"[[""Daily DM9 Top"", 9, 0.55]]",,,
2026-08-18,RAL,Bullish,69.48999786376953,Technology,Electronic Components,0.55,1.0,0.55,"[[""Daily DM9 Bottom"", 9, 0.55]]",,,
2026-08-18,EPAM,Bearish,100.25,Technology,Information Technology Services,0.55,1.0,0.55,"[[""Daily DM9 Top"", 9, 0.55]]",,,
2026-08-18,BA,Bearish,223.05999755859375,Industrials,Aerospace & Defense,0.55,1.0,0.55,"[[""Daily DM9 Top"", 9, 0.55]]",,,
2026-08-18,EQR,Bearish,63.65999984741211,Real Estate,REIT - Residential,0.55,1.0,0.55,"[[""Daily DM9 Top"", 9, 0.55]]",,,
2026-08-18,VKTX,Bullish,33.369998931884766,Healthcare,Biotechnology,0.5,1.1,0.55,"[[""Daily DM9 Bottom"", 10, 0.5]]",,,
2026-08-18,BRK-B,Bearish,502.9599914550781,Financial,Insurance - Diversified,0.55,1.0,0.55,"[[""Daily DM9 Top"", 9, 0.55]]",,,
2026-08-18,IEX,Bearish,234.16000366210938,Industrials,Specialty Industrial Machinery,0.55,1.0,0.55,"[[""Daily DM9 Top"", 9, 0.55]]",,,
2026-08-18,ZWS,Bearish,49.209999084472656,Industrials,Pollution & Treatment Controls,0.5,1.1,0.55,"[[""Daily DM9 Top"", 10, 0.5]]",,,
2026-08-18,MHK,Bearish,132.8699951171875,Consumer Cyclical,"Furnishings, Fixtures & Appliances",0.55,1.0,0.55,"[[""Daily DM9 Top"", 9, 0.55]]",,,
2026-08-18,CATY,Bearish,64.19999694824219,Financial,Banks - Regional,0.55,1.0,0.55,"[[""Daily DM9 Top"", 9, 0.55]]",,,
2026-08-18,RCL,Bearish,300.0,Consumer Cyclical,Travel Services,0.55,1.0,0.55,"[[""Daily DM9 Top"", 9, 0.55]]",,,
2026-08-18,AGL,Bullish,95.4000015258789,Healthcare,Medical Care Facilities,0.5,1.0,0.5,"[[""Daily DM9 Bottom"", 10, 0.5]]",,,
2026-08-18,KYMR,Bullish,121.37999725341797,Healthcare,Biotechnology,0.5,1.0,0.5,"[[""Daily DM9 Bottom"", 10, 0.5]]",,,
2026-08-18,MKTX,Bearish,162.57000732421875,Financial,Capital Markets,0.5,1.0,0.5,"[[""Daily DM9 Top"", 10, 0.5]]",,,
2026-08-18,XENE,Bullish,63.18000030517578,Healthcare,Biotechnology,0.5,1.0,0.5,"[[""Daily DM9 Bottom"", 10, 0.5]]",,,
2026-08-18,CHRW,Bullish,144.6699981689453,Industrials,Integrated Freight & Logistics,0.5,1.0,0.5,"[[""Daily DM9 Bottom"", 10, 0.5]]",,,
2026-08-18,HUM,Bullish,382.0,Healthcare,Healthcare Plans,0.5,1.0,0.5,"[[""Daily DM9 Bottom"", 10, 0.5]]",,,
2026-08-18,VERI,Bearish,0.9952999949455261,Technology,Software - Infrastructure,0.75,0.5,0.38,"[[""Daily DM9 Top"", 5, 0.75]]",,,
2026-08-20,ARI,Bullish,6.940000057220459,Real Estate,REIT - Mortgage,5.75,1.2,6.9,"[[""Weekly DM13 Bottom"", 3, 2.25], [""Wyckoff LPS"", 0, 2.0]]",,,
2026-08-20,IMVT,Bearish,44.349998474121094,Healthcare,Biotechnology,6.0,1.1,6.6,"[[""Weekly DM13 Top"", 2, 2.5], [""Daily DM13 Top"", 0, 2.0]]",,,
2026-08-20,KODK,Bullish,9.6899995803833,Industrials,Specialty Business Services,5.5,1.2,6.6,"[[""Weekly DM13 Bottom"", 4, 2.0], [""Wyckoff LPS"", 0, 2.0]]",,,
2026-08-20,ARRY,Bullish,4.710000038146973,Technology,Solar,5.45,1.2,6.54,"[[""Weekly DM13 Bottom"", 0, 3.0], [""Daily DM9 Bottom"", 1, 0.95]]",,,
2026-08-20,LX,Bullish,1.340000033378601,Financial,Credit Services,5.33,1.2,6.4,"[[""Weekly DM9 Bottom"", 1, 1.8333333333333333], [""Daily DM13 Bottom"", 0, 2.0]]",,,
2026-08-20,GMAB,Bearish,33.40999984741211,Healthcare,Biotechnology,5.5,1.1,6.05,"[[""Weekly DM9 Top"", 0, 2.0], [""Daily DM13 Top"", 0, 2.0]]",,,
2026-08-20,NTSK,Bearish,14.380000114440918,Technology,Software - Application,5.0,1.2,6.0,"[[""Weekly DM9 Top"", 0, 2.0], [""Daily DM13 Top"", 5, 1.5]]",,,
2026-08-20,PATH,Bearish,15.920000076293945,Technology,Software - Infrastructure,5.0,1.2,6.0,"[[""Weekly DM9 Top"", 0, 2.0], [""Daily DM13 Top"", 5, 1.5]]",,,
2026-08-20,ARDX,Bullish,3.9000000953674316,Healthcare,Biotechnology,5.0,1.2,6.0,"[[""Weekly DM13 Bottom"", 1, 2.75], [""Daily DM9 Bottom"", 5, 0.75]]",,,
2026-08-20,CXM,Bearish,7.199999809265137,Technology,Software - Application,4.9,1.2,5.88,"[[""Weekly DM9 Top"", 0, 2.0], [""Daily DM13 Top"", 6, 1.4]]",,,
2026-08-20,NPWR,Bullish,1.659999966621399,Industrials,Specialty Industrial Machinery,4.83,1.2,5.8,"[[""Weekly DM9 Bottom"", 4, 1.3333333333333335], [""Wyckoff LPS"", 0, 2.0]]",,,
2026-08-20,GAU,Bullish,2.2699999809265137,Basic Materials,Gold,4.83,1.2,5.8,"[[""Weekly DM9 Bottom"", 4, 1.3333333333333335], [""Wyckoff LPS"", 0, 2.0]]",,,
2026-08-20,MMSI,Bearish,90.2699966430664,Healthcare,Medical Instruments & Supplies,5.75,1.0,5.75,"[[""Weekly DM13 Top"", 1, 2.75], [""Daily DM13 Top"", 5, 1.5]]",,,
2026-08-20,BILL,Bearish,47.400001525878906,Technology,Software - Application,5.0,1.1,5.5,"[[""Weekly DM9 Top"", 0, 2.0], [""Daily DM13 Top"", 5, 1.5]]",,,
2026-08-20,GEN,Bearish,28.174999237060547,Technology,Software - Infrastructure,5.0,1.1,5.5,"[[""Weekly DM9 Top"", 0, 2.0], [""Daily DM13 Top"", 5, 1.5]]",,,
2026-08-20,EAT,Bearish,233.10000610351562,Consumer Cyclical,Restaurants,5.5,1.0,5.5,"[[""Weekly DM13 Top"", 0, 3.0], [""Daily DM13 Top"", 10, 1.0]]",,,
2026-08-20,S,Bearish,20.940000534057617,Technology,Software - Infrastructure,5.0,1.1,5.5,"[[""Weekly DM9 Top"", 0, 2.0], [""Daily DM13 Top"", 5, 1.5]]",,,
2026-08-20,STGW,Bearish,8.510000228881836,Communication Services,Advertising Agencies,4.5,1.2,5.4,"[[""Weekly DM9 Top"", 3, 1.5], [""Daily DM13 Top"", 5, 1.5]]",,,
2026-08-20,VFC,Bullish,13.949999809265137,Consumer Cyclical,Apparel Manufacturing,4.5,1.2,5.4,"[[""Weekly DM9 Bottom"", 0, 2.0], [""Daily DM9 Bottom"", 0, 1.0]]",,,
2026-08-20,SAN,Bearish,14.210000038146973,Financial,Banks - Diversified,4.5,1.2,5.4,"[[""Weekly DM9 Top"", 3, 1.5], [""Daily DM13 Top"", 5, 1.5]]",,,
2026-08-20,U,Bearish,46.540000915527344,Technology,Software - Application,4.9,1.1,5.39,"[[""Weekly DM9 Top"", 0, 2.0], [""Daily DM13 Top"", 6, 1.4]]",,,
2026-08-20,GTLB,Bearish,42.08000183105469,Technology,Software - Infrastructure,4.9,1.1,5.39,"[[""Weekly DM9 Top"", 0, 2.0], [""Daily DM13 Top"", 6, 1.4]]",,,
2026-08-20,ABT,Bearish,114.13999938964844,Healthcare,Medical Devices,5.35,1.0,5.35,"[[""Weekly DM13 Top"", 0, 3.0], [""Daily DM9 Top"", 3, 0.85]]",,,
2026-08-20,AGI,Bullish,36.689998626708984,Basic Materials,Gold,4.83,1.1,5.32,"[[""Weekly DM9 Bottom"", 4, 1.3333333333333335], [""Wyckoff LPS"", 0, 2.0]]",,,
2026-08-20,TTEK,Bearish,36.56999969482422,Industrials,Engineering & Construction,4.83,1.1,5.32,"[[""Weekly DM9 Top"", 1, 1.8333333333333333], [""Daily DM13 Top"", 5, 1.5]]",,,
2026-08-20,BXMT,Bullish,14.350000381469727,Real Estate,REIT - Mortgage,4.43,1.2,5.32,"[[""Weekly DM9 Bottom"", 1, 1.8333333333333333], [""Daily DM13 Bottom"", 9, 1.1]]",,,
2026-08-20,CHYM,Bearish,31.950000762939453,Technology,Software - Application,4.83,1.1,5.32,"[[""Weekly DM9 Top"", 1, 1.8333333333333333], [""Daily DM13 Top"", 5, 1.5]]",,,
2026-08-20,SITC,Bullish,3.0199999809265137,Real Estate,REIT - Retail,4.4,1.2,5.28,"[[""Weekly DM13 Bottom"", 3, 2.25], [""Daily DM9 Bottom"", 7, 0.65]]",,,
2026-08-20,BLK,Bearish,1139.8199462890625,Financial,Asset Management,5.1,1.0,5.1,"[[""Weekly DM9 Top"", 0, 2.0], [""Daily DM13 Top"", 4, 1.6]]",,,
2026-08-20,CRL,Bearish,291.45001220703125,Healthcare,Diagnostics & Research,5.1,1.0,5.1,"[[""Weekly DM13 Top"", 1, 2.75], [""Daily DM9 Top"", 3, 0.85]]",,,
2026-08-20,WK,Bearish,75.38999938964844,Technology,Software - Application,5.1,1.0,5.1,"[[""Weekly DM9 Top"", 0, 2.0], [""Daily DM13 Top"", 4, 1.6]]",,,
2026-08-20,TTAN,Bearish,92.56999969482422,Technology,Software - Application,5.1,1.0,5.1,"[[""Weekly DM9 Top"", 0, 2.0], [""Daily DM13 Top"", 4, 1.6]]",,,
2026-08-20,LFMD,Bullish,3.2799999713897705,Healthcare,Health Information Services,4.23,1.2,5.08,"[[""Weekly DM9 Bottom"", 1, 1.8333333333333333], [""Daily DM9 Bottom"", 2, 0.9]]",,,
2026-08-20,VCTR,Bearish,113.08000183105469,Financial,Asset Management,5.0,1.0,5.0,"[[""Weekly DM9 Top"", 0, 2.0], [""Daily DM13 Top"", 5, 1.5]]",,,
2026-08-20,ZS,Bearish,174.9499969482422,Technology,Software - Infrastructure,5.0,1.0,5.0,"[[""Weekly DM9 Top"", 0, 2.0], [""Daily DM13 Top"", 5, 1.5]]",,,
2026-08-20,WLK,Bullish,78.8499984741211,Basic Materials,Specialty Chemicals,5.0,1.0,5.0,"[[""Weekly DM13 Bottom"", 6, 1.5], [""Wyckoff LPS"", 0, 2.0]]",,,
2026-08-20,VEEV,Bearish,250.52999877929688,Healthcare,Health Information Services,5.0,1.0,5.0,"[[""Weekly DM9 Top"", 0, 2.0], [""Daily DM13 Top"", 5, 1.5]]",,,
2026-08-20,CLMT,Bearish,48.290000915527344,Basic Materials,Specialty Chemicals,4.5,1.1,4.95,"[[""Weekly DM9 Top"", 0, 2.0], [""Daily DM9 Top"", 0, 1.0]]",,,
2026-08-20,INTA,Bearish,40.16999816894531,Technology,Software - Application,4.5,1.1,4.95,"[[""Weekly DM9 Top"", 3, 1.5], [""Daily DM13 Top"", 5, 1.5]]",,,
2026-08-20,BAX,Bearish,26.40999984741211,Healthcare,Medical Instruments & Supplies,4.5,1.1,4.95,"[[""Weekly DM13 Top"", 2, 2.5], [""Daily DM9 Top"", 10, 0.5]]",,,
2026-08-20,GDRX,Bearish,3.559999942779541,Healthcare,Health Information Services,4.1,1.2,4.92,"[[""Weekly DM9 Top"", 0, 2.0], [""Daily DM9 Top"", 8, 0.6]]",,,
2026-08-20,SNOW,Bearish,321.2900085449219,Technology,Software - Application,4.9,1.0,4.9,"[[""Weekly DM9 Top"", 0, 2.0], [""Daily DM13 Top"", 6, 1.4]]",,,
2026-08-20,GKOS,Bearish,184.88999938964844,Healthcare,Medical Devices,4.87,1.0,4.87,"[[""Weekly DM9 Top"", 2, 1.6666666666666667], [""Daily DM13 Top"", 3, 1.7]]",,,
2026-08-20,GTM,Bearish,3.880000114440918,Technology,Software - Application,4.05,1.2,4.86,"[[""Weekly DM9 Top"", 0, 2.0], [""Daily DM9 Top"", 9, 0.55]]",,,
2026-08-20,SN,Bearish,179.97999572753906,Consumer Cyclical,"Furnishings, Fixtures & Appliances",4.85,1.0,4.85,"[[""Weekly DM13 Top"", 1, 2.75], [""Daily DM9 Top"", 8, 0.6]]",,,
2026-08-20,VIA,Bearish,26.56999969482422,Technology,Software - Application,4.4,1.1,4.84,"[[""Weekly DM9 Top"", 3, 1.5], [""Daily DM13 Top"", 6, 1.4]]",,,
2026-08-20,GTX,Bullish,26.399999618530273,Consumer Cyclical,Auto Parts,4.4,1.1,4.84,"[[""Weekly DM9 Bottom"", 0, 2.0], [""Daily DM9 Bottom"", 2, 0.9]]",,,
2026-08-20,BDX,Bearish,187.6199951171875,Healthcare,Medical Instruments & Supplies,4.83,1.0,4.83,"[[""Weekly DM9 Top"", 1, 1.8333333333333333], [""Daily DM13 Top"", 5, 1.5]]",,,
2026-08-20,HQY,Bearish,104.2699966430664,Healthcare,Health Information Services,4.83,1.0,4.83,"[[""Weekly DM9 Top"", 1, 1.8333333333333333], [""Daily DM13 Top"", 5, 1.5]]",,,
2026-08-20,NAT,Bearish,6.989999771118164,Energy,Oil & Gas Midstream,3.95,1.2,4.74,"[[""Weekly DM9 Top"", 3, 1.5], [""Daily DM9 Top"", 1, 0.95]]",,,
2026-08-20,UHS,Bearish,172.8699951171875,Healthcare,Medical Care Facilities,4.7,1.0,4.7,"[[""Weekly DM9 Top"", 0, 2.0], [""Daily DM13 Top"", 8, 1.2]]",,,
2026-08-20,MGM,Bullish,43.16999816894531,Consumer Cyclical,Resorts & Casinos,4.25,1.1,4.68,"[[""Weekly DM9 Bottom"", 0, 2.0], [""Daily DM9 Bottom"", 5, 0.75]]",,,
2026-08-20,SE,Bearish,117.23999786376953,Consumer Cyclical,Internet Retail,4.67,1.0,4.67,"[[""Weekly DM9 Top"", 2, 1.6666666666666667], [""Daily DM13 Top"", 5, 1.5]]",,,
2026-08-20,ACT,Bearish,49.119998931884766,Financial,Insurance - Specialty,4.23,1.1,4.66,"[[""Weekly DM9 Top"", 1, 1.8333333333333333], [""Daily DM9 Top"", 2, 0.9]]",,,
2026-08-20,WTW,Bearish,341.1499938964844,Financial,Insurance Brokers,4.53,1.0,4.53,"[[""Weekly DM9 Top"", 1, 1.8333333333333333], [""Daily DM13 Top"", 8, 1.2]]",,,
2026-08-20,CDNS,Bullish,313.5899963378906,Technology,Software - Application,4.5,1.0,4.5,"[[""Weekly DM9 Bottom"", 0, 2.0], [""Daily DM9 Bottom"", 0, 1.0]]",,,
2026-08-20,ITGR,Bearish,125.20999908447266,Healthcare,Medical Devices,4.5,1.0,4.5,"[[""Weekly DM13 Top"", 2, 2.5], [""Daily DM9 Top"", 10, 0.5]]",,,
2026-08-20,CHWY,Bearish,23.8799991607666,Consumer Cyclical,Internet Retail,4.05,1.1,4.46,"[[""Weekly DM9 Top"", 0, 2.0], [""Daily DM9 Top"", 9, 0.55]]",,,
2026-08-20,BLKB,Bearish,46.45000076293945,Technology,Software - Application,4.05,1.1,4.46,"[[""Weekly DM9 Top"", 0, 2.0], [""Daily DM9 Top"", 9, 0.55]]",,,
2026-08-20,DBX,Bearish,34.0,Technology,Software - Infrastructure,4.05,1.1,4.46,"[[""Weekly DM9 Top"", 0, 2.0], [""Daily DM9 Top"", 9, 0.55]]",,,
2026-08-20,RPRX,Bearish,60.58000183105469,Healthcare,Biotechnology,4.33,1.0,4.33,"[[""Weekly DM9 Top"", 1, 1.8333333333333333], [""Daily DM9 Top"", 0, 1.0]]",,,
2026-08-20,KNTK,Bearish,54.38999938964844,Energy,Oil & Gas Midstream,4.33,1.0,4.33,"[[""Weekly DM9 Top"", 1, 1.8333333333333333], [""Daily DM9 Top"", 0, 1.0]]",,,
2026-08-20,SPSC,Bearish,79.43000030517578,Technology,Software - Application,4.33,1.0,4.33,"[[""Weekly DM9 Top"", 1, 1.8333333333333333], [""Daily DM9 Top"", 0, 1.0]]",,,
2026-08-20,MPC,Bearish,358.2300109863281,Energy,Oil & Gas Refining & Marketing,4.33,1.0,4.33,"[[""Weekly DM9 Top"", 1, 1.8333333333333333], [""Daily DM9 Top"", 0, 1.0]]",,,
2026-08-20,MRK,Bearish,148.99000549316406,Healthcare,Drug Manufacturers - General,4.28,1.0,4.28,"[[""Weekly DM9 Top"", 1, 1.8333333333333333], [""Daily DM9 Top"", 1, 0.95]]",,,
2026-08-20,DECK,Bullish,88.86000061035156,Consumer Cyclical,Footwear & Accessories,4.28,1.0,4.28,"[[""Weekly DM9 Bottom"", 1, 1.8333333333333333], [""Daily DM9 Bottom"", 1, 0.95]]",,,
2026-08-20,SBH,Bearish,16.229999542236328,Consumer Cyclical,Specialty Retail,3.55,1.2,4.26,"[[""Weekly DM9 Top"", 3, 1.5], [""Daily DM9 Top"", 9, 0.55]]",,,
2026-08-20,BX,Bearish,141.35000610351562,Financial,Asset Management,4.25,1.0,4.25,"[[""Weekly DM9 Top"", 0, 2.0], [""Daily DM9 Top"", 5, 0.75]]",,,
2026-08-20,URGN,Bearish,46.79999923706055,Healthcare,Biotechnology,3.85,1.1,4.24,"[[""Weekly DM9 Top"", 3, 1.5], [""Daily DM9 Top"", 3, 0.85]]",,,
2026-08-20,WAT,Bearish,404.69000244140625,Healthcare,Diagnostics & Research,4.2,1.0,4.2,"[[""Weekly DM9 Top"", 0, 2.0], [""Daily DM9 Top"", 6, 0.7]]",,,
2026-08-20,CLDX,Bearish,39.939998626708984,Healthcare,Biotechnology,3.82,1.1,4.2,"[[""Weekly DM9 Top"", 2, 1.6666666666666667], [""Daily DM9 Top"", 7, 0.65]]",,,
2026-08-20,CRNX,Bearish,84.69000244140625,Healthcare,Biotechnology,4.18,1.0,4.18,"[[""Weekly DM9 Top"", 1, 1.8333333333333333], [""Daily DM9 Top"", 3, 0.85]]",,,
2026-08-20,OKTA,Bearish,134.16000366210938,Technology,Software - Infrastructure,4.1,1.0,4.1,"[[""Weekly DM13 Top"", 4, 2.0], [""Daily DM9 Top"", 8, 0.6]]",,,
2026-08-20,TENB,Bearish,34.11000061035156,Technology,Software - Infrastructure,3.7,1.1,4.07,"[[""Weekly DM13 Top"", 6, 1.5], [""Daily DM9 Top"", 6, 0.7]]",,,
2026-08-20,PAYC,Bearish,226.72000122070312,Technology,Software - Application,4.05,1.0,4.05,"[[""Weekly DM9 Top"", 0, 2.0], [""Daily DM9 Top"", 9, 0.55]]",,,
2026-08-20,MSI,Bearish,473.6300048828125,Technology,Communication Equipment,4.0,1.0,4.0,"[[""Weekly DM9 Top"", 0, 2.0], [""Daily DM9 Top"", 10, 0.5]]",,,
2026-08-20,REGN,Bearish,826.6400146484375,Healthcare,Biotechnology,3.93,1.0,3.93,"[[""Weekly DM9 Top"", 1, 1.8333333333333333], [""Daily DM9 Top"", 8, 0.6]]",,,
2026-08-20,ZBRA,Bearish,360.5199890136719,Technology,Communication Equipment,3.93,1.0,3.93,"[[""Weekly DM9 Top"", 1, 1.8333333333333333], [""Daily DM9 Top"", 8, 0.6]]",,,
2026-08-20,HNI,Bearish,47.79999923706055,Consumer Cyclical,"Furnishings, Fixtures & Appliances",3.55,1.1,3.91,"[[""Weekly DM9 Top"", 3, 1.5], [""Daily DM9 Top"", 9, 0.55]]",,,
2026-08-20,QLYS,Bearish,182.2100067138672,Technology,Software - Infrastructure,3.9,1.0,3.9,"[[""Weekly DM13 Top"", 5, 1.7499999999999998], [""Daily DM9 Top"", 7, 0.65]]",,,
2026-08-20,LI,Bullish,12.920000076293945,Consumer Cyclical,Auto Manufacturers,3.25,1.2,3.9,"[[""Weekly DM9 Bottom"", 6, 1.0], [""Daily DM9 Bottom"", 5, 0.75]]",,,
2026-08-20,QTWO,Bearish,63.81999969482422,Technology,Software - Application,3.88,1.0,3.88,"[[""Weekly DM9 Top"", 1, 1.8333333333333333], [""Daily DM9 Top"", 9, 0.55]]",,,
2026-08-20,PBH,Bearish,50.52000045776367,Healthcare,Drug Manufacturers - Specialty & Generic,3.88,1.0,3.88,"[[""Weekly DM9 Top"", 1, 1.8333333333333333], [""Daily DM9 Top"", 9, 0.55]]",,,
2026-08-20,BBVA,Bearish,28.6299991607666,Financial,Banks - Diversified,3.5,1.1,3.85,"[[""Weekly DM9 Top"", 3, 1.5], [""Daily DM9 Top"", 10, 0.5]]",,,
2026-08-20,MFC,Bearish,42.470001220703125,Financial,Insurance - Life,3.5,1.1,3.85,"[[""Weekly DM9 Top"", 3, 1.5], [""Daily DM9 Top"", 10, 0.5]]",,,
2026-08-20,AMLX,Bearish,39.65999984741211,Healthcare,Biotechnology,3.5,1.1,3.85,"[[""Weekly DM9 Top"", 3, 1.5], [""Daily DM9 Top"", 10, 0.5]]",,,
2026-08-20,TOST,Bearish,35.31999969482422,Technology,Software - Infrastructure,3.5,1.1,3.85,"[[""Weekly DM9 Top"", 3, 1.5], [""Daily DM9 Top"", 10, 0.5]]",,,
2026-08-20,PTGX,Bearish,150.69000244140625,Healthcare,Biotechnology,3.85,1.0,3.85,"[[""Weekly DM9 Top"", 3, 1.5], [""Daily DM9 Top"", 3, 0.85]]",,,
2026-08-20,PSNL,Bearish,16.8799991607666,Healthcare,Diagnostics & Research,3.2,1.2,3.84,"[[""Weekly DM9 Top"", 6, 1.0], [""Daily DM9 Top"", 6, 0.7]]",,,
2026-08-20,AGIO,Bearish,33.630001068115234,Healthcare,Biotechnology,3.45,1.1,3.8,"[[""Weekly DM9 Top"", 6, 1.0], [""Daily DM9 Top"", 1, 0.95]]",,,
2026-08-20,OLN,Bullish,18.6299991607666,Basic Materials,Chemicals,3.05,1.2,3.66,"[[""Weekly DM9 Bottom"", 6, 1.0], [""Daily DM9 Bottom"", 9, 0.55]]",,,
2026-08-20,BAC,Bearish,61.86000061035156,Financial,Banks - Diversified,3.63,1.0,3.63,"[[""Weekly DM9 Top"", 4, 1.3333333333333335], [""Daily DM9 Top"", 4, 0.8]]",,,
2026-08-20,JPM,Bearish,351.54998779296875,Financial,Banks - Diversified,3.63,1.0,3.63,"[[""Weekly DM9 Top"", 4, 1.3333333333333335], [""Daily DM9 Top"", 4, 0.8]]",,,
2026-08-20,AWR,Bearish,89.30999755859375,Utilities,Utilities - Regulated Water,3.62,1.0,3.62,"[[""Weekly DM9 Top"", 5, 1.1666666666666665], [""Daily DM9 Top"", 1, 0.95]]",,,
2026-08-20,WBS,Bearish,77.56999969482422,Financial,Banks - Regional,3.6,1.0,3.6,"[[""Weekly DM9 Top"", 3, 1.5], [""Daily DM9 Top"", 8, 0.6]]",,,
2026-08-20,RUN,Bullish,9.359999656677246,Technology,Solar,3.0,1.2,3.6,"[[""Weekly DM13 Bottom"", 0, 3.0]]",,,
2026-08-20,GOOG,Bullish,338.20001220703125,Communication Services,Internet Content & Information,3.57,1.0,3.57,"[[""Weekly DM9 Bottom"", 5, 1.1666666666666665], [""Daily DM9 Bottom"", 2, 0.9]]",,,
2026-08-20,ANF,Bearish,105.0199966430664,Consumer Cyclical,Apparel Retail,3.55,1.0,3.55,"[[""Weekly DM9 Top"", 3, 1.5], [""Daily DM9 Top"", 9, 0.55]]",,,
2026-08-20,ALRM,Bearish,57.060001373291016,Technology,Software - Application,3.55,1.0,3.55,"[[""Weekly DM9 Top"", 3, 1.5], [""Daily DM9 Top"", 9, 0.55]]",,,
2026-08-20,CCK,Bearish,117.1500015258789,Consumer Cyclical,Packaging & Containers,3.5,1.0,3.5,"[[""Weekly DM9 Top"", 3, 1.5], [""Daily DM9 Top"", 10, 0.5]]",,,
2026-08-20,ENVA,Bearish,237.38999938964844,Financial,Credit Services,3.5,1.0,3.5,"[[""Weekly DM9 Top"", 3, 1.5], [""Daily DM9 Top"", 10, 0.5]]",,,
2026-08-20,SKYW,Bearish,100.78500366210938,Industrials,Airlines,3.5,1.0,3.5,"[[""Weekly DM9 Top"", 3, 1.5], [""Daily DM9 Top"", 10, 0.5]]",,,
2026-08-20,CBRE,Bearish,151.7899932861328,Real Estate,Real Estate Services,3.5,1.0,3.5,"[[""Weekly DM9 Top"", 3, 1.5], [""Daily DM9 Top"", 10, 0.5]]",,,
2026-08-20,MGNI,Bearish,23.350000381469727,Communication Services,Advertising Agencies,3.05,1.1,3.35,"[[""Weekly DM9 Top"", 6, 1.0], [""Daily DM9 Top"", 9, 0.55]]",,,
2026-08-20,NUVB,Bearish,6.829999923706055,Healthcare,Biotechnology,2.75,1.2,3.3,"[[""Weekly DM13 Top"", 1, 2.75]]",,,
2026-08-20,AIV,Bullish,2.609999895095825,Real Estate,REIT - Residential,2.75,1.2,3.3,"[[""Weekly DM13 Bottom"", 1, 2.75]]",,,
2026-08-20,AMRX,Bearish,17.899999618530273,Healthcare,Drug Manufacturers - Specialty & Generic,2.75,1.2,3.3,"[[""Weekly DM13 Top"", 1, 2.75]]",,,
2026-08-20,QGEN,Bearish,44.900001525878906,Healthcare,Diagnostics & Research,2.75,1.1,3.03,"[[""Weekly DM13 Top"", 1, 2.75]]",,,
2026-08-20,ADPT,Bearish,25.440000534057617,Healthcare,Biotechnology,2.75,1.1,3.03,"[[""Weekly DM13 Top"", 1, 2.75]]",,,
2026-08-20,INCY,Bearish,127.22000122070312,Healthcare,Biotechnology,3.0,1.0,3.0,"[[""Weekly DM13 Top"", 0, 3.0]]",,,
2026-08-20,MPLX,Bearish,58.599998474121094,Energy,Oil & Gas Midstream,3.0,1.0,3.0,"[[""Weekly DM13 Top"", 0, 3.0]]",,,
2026-08-20,BRO,Bearish,72.08000183105469,Financial,Insurance Brokers,3.0,1.0,3.0,"[[""Weekly DM13 Top"", 0, 3.0]]",,,
2026-08-20,TECH,Bearish,72.27999877929688,Healthcare,Biotechnology,3.0,1.0,3.0,"[[""Weekly DM13 Top"", 0, 3.0]]",,,
2026-08-20,AVTR,Bearish,14.25,Healthcare,Medical Instruments & Supplies,2.5,1.2,3.0,"[[""Weekly DM13 Top"", 2, 2.5]]",,,
2026-08-20,PUMP,Bullish,11.329999923706055,Energy,Oil & Gas Equipment & Services,2.5,1.2,3.0,"[[""Weekly DM13 Bottom"", 2, 2.5]]",,,
2026-08-20,SCHW,Bearish,109.79000091552734,Financial,Capital Markets,3.0,1.0,3.0,"[[""Weekly DM13 Top"", 0, 3.0]]",,,
2026-08-20,LBRT,Bullish,19.239999771118164,Energy,Oil & Gas Equipment & Services,2.5,1.2,3.0,"[[""Weekly DM13 Bottom"", 2, 2.5]]",,,
2026-08-20,MDT,Bearish,92.30000305175781,Healthcare,Medical Devices,3.0,1.0,3.0,"[[""Weekly DM13 Top"", 0, 3.0]]",,,
2026-08-20,MTD,Bearish,1393.22998046875,Healthcare,Diagnostics & Research,3.0,1.0,3.0,"[[""Weekly DM13 Top"", 0, 3.0]]",,,
2026-08-20,WSBC,Bearish,40.880001068115234,Financial,Banks - Regional,2.5,1.1,2.75,"[[""Weekly DM13 Top"", 2, 2.5]]",,,
2026-08-20,CDNA,Bearish,46.9900016784668,Healthcare,Diagnostics & Research,2.5,1.1,2.75,"[[""Weekly DM13 Top"", 2, 2.5]]",,,
2026-08-20,SFNC,Bearish,22.979999542236328,Financial,Banks - Regional,2.5,1.1,2.75,"[[""Weekly DM13 Top"", 2, 2.5]]",,,
2026-08-20,BUSE,Bearish,30.209999084472656,Financial,Banks - Regional,2.5,1.1,2.75,"[[""Weekly DM13 Top"", 2, 2.5]]",,,
2026-08-20,APGE,Bearish,134.75,Healthcare,Biotechnology,2.75,1.0,2.75,"[[""Weekly DM13 Top"", 1, 2.75]]",,,
2026-08-20,EVTL,Bullish,0.7498999834060669,Industrials,Aerospace & Defense,5.5,0.5,2.75,"[[""Weekly DM13 Bottom"", 0, 3.0], [""Daily DM9 Bottom"", 0, 1.0]]",,,
2026-08-20,CAKE,Bearish,106.52999877929688,Consumer Cyclical,Restaurants,2.75,1.0,2.75,"[[""Weekly DM13 Top"", 1, 2.75]]",,,
2026-08-20,HOMB,Bearish,30.190000534057617,Financial,Banks - Regional,2.5,1.1,2.75,"[[""Weekly DM13 Top"", 2, 2.5]]",,,
2026-08-20,TMO,Bearish,627.5499877929688,Healthcare,Diagnostics & Research,2.75,1.0,2.75,"[[""Weekly DM13 Top"", 1, 2.75]]",,,
2026-08-20,NSP,Bearish,52.13999938964844,Industrials,Staffing & Employment Services,2.75,1.0,2.75,"[[""Weekly DM13 Top"", 1, 2.75]]",,,
2026-08-20,SERV,Bullish,4.739999771118164,Industrials,Specialty Industrial Machinery,2.25,1.2,2.7,"[[""Weekly DM13 Bottom"", 3, 2.25]]",,,
2026-08-20,CRML,Bullish,5.800000190734863,Basic Materials,Other Industrial Metals & Mining,2.25,1.2,2.7,"[[""Weekly DM13 Bottom"", 3, 2.25]]",,,
2026-08-20,CGC,Bullish,1.0499999523162842,Healthcare,Drug Manufacturers - Specialty & Generic,2.25,1.2,2.7,"[[""Weekly DM13 Bottom"", 3, 2.25]]",,,
2026-08-20,SGML,Bullish,10.729999542236328,Basic Materials,Other Industrial Metals & Mining,2.25,1.2,2.7,"[[""Weekly DM13 Bottom"", 3, 2.25]]",,,
2026-08-20,TUYA,Bullish,1.75,Technology,Software - Infrastructure,2.25,1.2,2.7,"[[""Weekly DM13 Bottom"", 3, 2.25]]",,,
2026-08-20,RGC,Bullish,5.440000057220459,Healthcare,Drug Manufacturers - Specialty & Generic,2.25,1.2,2.7,"[[""Weekly DM13 Bottom"", 3, 2.25]]",,,
2026-08-20,RVMD,Bearish,211.73500061035156,Healthcare,Biotechnology,2.5,1.0,2.5,"[[""Weekly DM13 Top"", 2, 2.5]]",,,
2026-08-20,HALO,Bearish,106.12000274658203,Healthcare,Biotechnology,2.5,1.0,2.5,"[[""Weekly DM13 Top"", 2, 2.5]]",,,
2026-08-20,NBTB,Bearish,51.880001068115234,Financial,Banks - Regional,2.5,1.0,2.5,"[[""Weekly DM13 Top"", 2, 2.5]]",,,
2026-08-20,HSBC,Bearish,102.33000183105469,Financial,Banks - Diversified,2.5,1.0,2.5,"[[""Weekly DM13 Top"", 2, 2.5]]",,,
2026-08-20,TXG,Bearish,63.869998931884766,Healthcare,Health Information Services,2.5,1.0,2.5,"[[""Weekly DM13 Top"", 2, 2.5]]",,,
2026-08-20,PAYX,Bearish,122.91000366210938,Technology,Software - Application,2.5,1.0,2.5,"[[""Weekly DM13 Top"", 2, 2.5]]",,,
2026-08-20,HWC,Bearish,75.66000366210938,Financial,Banks - Regional,2.5,1.0,2.5,"[[""Weekly DM13 Top"", 2, 2.5]]",,,
2026-08-20,ICUI,Bearish,182.52999877929688,Healthcare,Medical Instruments & Supplies,2.5,1.0,2.5,"[[""Weekly DM13 Top"", 2, 2.5]]",,,
2026-08-20,BMRN,Bearish,67.68000030517578,Healthcare,Biotechnology,2.5,1.0,2.5,"[[""Weekly DM13 Top"", 2, 2.5]]",,,
2026-08-20,KMX,Bearish,61.04999923706055,Consumer Cyclical,Auto & Truck Dealerships,2.5,1.0,2.5,"[[""Weekly DM13 Top"", 2, 2.5]]",,,
2026-08-20,RTX,Bearish,212.2899932861328,Industrials,Aerospace & Defense,2.5,1.0,2.5,"[[""Weekly DM13 Top"", 2, 2.5]]",,,
2026-08-20,CTRI,Bullish,21.780000686645508,Utilities,Utilities - Regulated Gas,2.25,1.1,2.48,"[[""Weekly DM13 Bottom"", 3, 2.25]]",,,
2026-08-20,MUFG,Bearish,21.559999465942383,Financial,Banks - Diversified,2.25,1.1,2.48,"[[""Weekly DM13 Top"", 3, 2.25]]",,,
2026-08-20,OKLO,Bullish,41.65999984741211,Utilities,Utilities - Regulated Electric,2.25,1.1,2.48,"[[""Weekly DM13 Bottom"", 3, 2.25]]",,,
2026-08-20,QFIN,Bullish,11.449999809265137,Financial,Credit Services,2.0,1.2,2.4,"[[""Daily DM13 Bottom"", 0, 2.0]]",,,
2026-08-20,DFDV,Bearish,3.7699999809265137,Technology,Software - Infrastructure,2.0,1.2,2.4,"[[""Daily DM13 Top"", 0, 2.0]]",,,
2026-08-20,TAK,Bearish,18.1299991607666,Healthcare,Drug Manufacturers - Specialty & Generic,2.0,1.2,2.4,"[[""Weekly DM9 Top"", 0, 2.0]]",,,
2026-08-20,CORZ,Bullish,18.389999389648438,Technology,Software - Infrastructure,2.0,1.2,2.4,"[[""Weekly DM9 Bottom"", 0, 2.0]]",,,
2026-08-20,GPK,Bullish,11.630000114440918,Consumer Cyclical,Packaging & Containers,2.0,1.2,2.4,"[[""Wyckoff LPS"", 0, 2.0]]",,,
2026-08-20,FLNC,Bullish,11.390000343322754,Utilities,Utilities - Renewable,2.0,1.2,2.4,"[[""Weekly DM9 Bottom"", 0, 2.0]]",,,
2026-08-20,AESI,Bearish,12.989999771118164,Energy,Oil & Gas Equipment & Services,2.0,1.2,2.4,"[[""Daily DM13 Top"", 0, 2.0]]",,,
2026-08-20,BFLY,Bullish,9.170000076293945,Healthcare,Medical Devices,2.0,1.2,2.4,"[[""Wyckoff LPS"", 0, 2.0]]",,,
2026-08-20,HSAI,Bullish,18.6200008392334,Consumer Cyclical,Auto Parts,2.0,1.2,2.4,"[[""Weekly DM13 Bottom"", 4, 2.0]]",,,
2026-08-20,KOPN,Bullish,4.889999866485596,Technology,Electronic Components,2.0,1.2,2.4,"[[""Wyckoff LPS"", 0, 2.0]]",,,
2026-08-20,PAGS,Bullish,8.4399995803833,Technology,Software - Infrastructure,2.0,1.2,2.4,"[[""Daily DM13 Bottom"", 0, 2.0]]",,,
2026-08-20,NAGE,Bullish,3.1500000953674316,Healthcare,Biotechnology,2.0,1.2,2.4,"[[""Weekly DM13 Bottom"", 4, 2.0]]",,,
2026-08-20,GO,Bullish,11.109999656677246,Consumer Defensive,Grocery Stores,2.0,1.2,2.4,"[[""Wyckoff LPS"", 0, 2.0]]",,,
2026-08-20,REAX,Bearish,2.75,Real Estate,Real Estate Services,2.0,1.2,2.4,"[[""Daily DM13 Top"", 0, 2.0]]",,,
2026-08-20,ARX,Bullish,19.56999969482422,Financial,Insurance Brokers,2.0,1.2,2.4,"[[""Wyckoff LPS"", 0, 2.0]]",,,
2026-08-20,RIG,Bullish,6.010000228881836,Energy,Oil & Gas Drilling,2.0,1.2,2.4,"[[""Wyckoff LPS"", 0, 2.0]]",,,
2026-08-20,LYFT,Bullish,17.399999618530273,Technology,Software - Application,2.0,1.2,2.4,"[[""Wyckoff LPS"", 0, 2.0]]",,,
2026-08-20,VSTM,Bearish,6.820000171661377,Healthcare,Biotechnology,2.0,1.2,2.4,"[[""Weekly DM9 Top"", 0, 2.0]]",,,
2026-08-20,HTZ,Bullish,2.0899999141693115,Industrials,Rental & Leasing Services,2.0,1.2,2.4,"[[""Weekly DM13 Bottom"", 4, 2.0]]",,,
2026-08-20,OCUL,Bearish,11.09000015258789,Healthcare,Biotechnology,2.0,1.2,2.4,"[[""Daily DM13 Top"", 0, 2.0]]",,,
2026-08-20,DV,Bullish,13.3100004196167,Technology,Software - Application,2.0,1.2,2.4,"[[""Wyckoff LPS"", 0, 2.0]]",,,
2026-08-20,AMPL,Bullish,12.930000305175781,Technology,Software - Application,2.0,1.2,2.4,"[[""Wyckoff LPS"", 0, 2.0]]",,,
2026-08-20,HLX,Bearish,10.460000038146973,Energy,Oil & Gas Equipment & Services,2.0,1.2,2.4,"[[""Daily DM13 Top"", 0, 2.0]]",,,
2026-08-20,JELD,Bullish,2.0799999237060547,Industrials,Building Products & Equipment,2.0,1.2,2.4,"[[""Wyckoff LPS"", 0, 2.0]]",,,
2026-08-20,WULF,Bullish,16.450000762939453,Financial,Capital Markets,2.0,1.2,2.4,"[[""Weekly DM9 Bottom"", 0, 2.0]]",,,
2026-08-20,AVPT,Bearish,13.130000114440918,Technology,Software - Infrastructure,2.0,1.2,2.4,"[[""Weekly DM9 Top"", 0, 2.0]]",,,
2026-08-20,JMIA,Bullish,6.639999866485596,Consumer Cyclical,Internet Retail,2.0,1.2,2.4,"[[""Wyckoff LPS"", 0, 2.0]]",,,
2026-08-20,FIGS,Bullish,14.40999984741211,Consumer Cyclical,Apparel Manufacturing,2.0,1.2,2.4,"[[""Wyckoff LPS"", 0, 2.0]]",,,
2026-08-20,ASAN,Bullish,9.5,Technology,Software - Application,2.0,1.2,2.4,"[[""Wyckoff LPS"", 0, 2.0]]",,,
2026-08-20,BBD,Bullish,2.9800000190734863,Financial,Banks - Regional,2.0,1.2,2.4,"[[""Daily DM13 Bottom"", 0, 2.0]]",,,
2026-08-20,ABTC,Bearish,8.470000267028809,Financial,Capital Markets,1.9,1.2,2.28,"[[""Daily DM13 Top"", 1, 1.9]]",,,
2026-08-20,ABEV,Bullish,2.8299999237060547,Consumer Defensive,Beverages - Brewers,1.9,1.2,2.28,"[[""Daily DM13 Bottom"", 1, 1.9]]",,,
2026-08-20,LUNR,Bearish,17.93000030517578,Industrials,Aerospace & Defense,1.9,1.2,2.28,"[[""Daily DM13 Top"", 1, 1.9]]",,,
2026-08-20,FDMT,Bearish,16.100000381469727,Healthcare,Biotechnology,1.9,1.2,2.28,"[[""Daily DM13 Top"", 1, 1.9]]",,,
2026-08-20,SUPV,Bullish,7.650000095367432,Financial,Banks - Regional,1.9,1.2,2.28,"[[""Daily DM13 Bottom"", 1, 1.9]]",,,
2026-08-20,PSKY,Bearish,10.289999961853027,Communication Services,Entertainment,1.9,1.2,2.28,"[[""Daily DM13 Top"", 1, 1.9]]",,,
2026-08-20,SQM,Bullish,78.44999694824219,Basic Materials,Specialty Chemicals,2.25,1.0,2.25,"[[""Weekly DM13 Bottom"", 3, 2.25]]",,,
2026-08-20,NOMD,Bearish,11.609999656677246,Consumer Defensive,Packaged Foods,1.83,1.2,2.2,"[[""Weekly DM9 Top"", 1, 1.8333333333333333]]",,,
2026-08-20,CAG,Bearish,16.270000457763672,Consumer Defensive,Packaged Foods,1.83,1.2,2.2,"[[""Weekly DM9 Top"", 1, 1.8333333333333333]]",,,
2026-08-20,UNIT,Bullish,10.0600004196167,Real Estate,REIT - Specialty,1.83,1.2,2.2,"[[""Weekly DM9 Bottom"", 1, 1.8333333333333333]]",,,
2026-08-20,NU,Bearish,14.210000038146973,Financial,Banks - Regional,1.83,1.2,2.2,"[[""Weekly DM9 Top"", 1, 1.8333333333333333]]",,,
2026-08-20,AVNT,Bullish,43.72999954223633,Basic Materials,Specialty Chemicals,2.0,1.1,2.2,"[[""Wyckoff LPS"", 0, 2.0]]",,,
2026-08-20,EPD,Bullish,38.43000030517578,Energy,Oil & Gas Midstream,2.0,1.1,2.2,"[[""Wyckoff LPS"", 0, 2.0]]",,,
2026-08-20,BWIN,Bullish,31.450000762939453,Financial,Insurance Brokers,2.0,1.1,2.2,"[[""Wyckoff LPS"", 0, 2.0]]",,,
2026-08-20,NCNO,Bearish,20.360000610351562,Technology,Software - Application,2.0,1.1,2.2,"[[""Weekly DM9 Top"", 0, 2.0]]",,,
2026-08-20,BTDR,Bullish,10.430000305175781,Technology,Software - Application,1.83,1.2,2.2,"[[""Weekly DM9 Bottom"", 1, 1.8333333333333333]]",,,
2026-08-20,GGAL,Bullish,41.0,Financial,Banks - Regional,2.0,1.1,2.2,"[[""Daily DM13 Bottom"", 0, 2.0]]",,,
2026-08-20,TREX,Bullish,47.29999923706055,Industrials,Building Products & Equipment,2.0,1.1,2.2,"[[""Wyckoff LPS"", 0, 2.0]]",,,
2026-08-20,LTH,Bearish,44.720001220703125,Consumer Cyclical,Leisure,2.0,1.1,2.2,"[[""Weekly DM13 Top"", 4, 2.0]]",,,
2026-08-20,HOG,Bullish,27.6299991607666,Consumer Cyclical,Recreational Vehicles,2.0,1.1,2.2,"[[""Wyckoff LPS"", 0, 2.0]]",,,
2026-08-20,BTU,Bullish,26.860000610351562,Energy,Thermal Coal,2.0,1.1,2.2,"[[""Wyckoff LPS"", 0, 2.0]]",,,
2026-08-20,CE,Bullish,46.97999954223633,Basic Materials,Chemicals,2.0,1.1,2.2,"[[""Weekly DM13 Bottom"", 4, 2.0]]",,,
2026-08-20,BL,Bearish,31.920000076293945,Technology,Software - Application,2.0,1.1,2.2,"[[""Weekly DM9 Top"", 0, 2.0]]",,,
2026-08-20,STM,Bullish,49.91999816894531,Technology,Semiconductors,2.0,1.1,2.2,"[[""Weekly DM9 Bottom"", 0, 2.0]]",,,
2026-08-20,VSH,Bullish,31.829999923706055,Technology,Semiconductors,2.0,1.1,2.2,"[[""Weekly DM9 Bottom"", 0, 2.0]]",,,
2026-08-20,TE,Bullish,4.360000133514404,Industrials,Electrical Equipment & Parts,1.83,1.2,2.2,"[[""Weekly DM9 Bottom"", 1, 1.8333333333333333]]",,,
2026-08-20,CDE,Bullish,21.110000610351562,Basic Materials,Gold,2.0,1.1,2.2,"[[""Wyckoff LPS"", 0, 2.0]]",,,
2026-08-20,BRZE,Bearish,30.709999084472656,Technology,Software - Application,2.0,1.1,2.2,"[[""Weekly DM9 Top"", 0, 2.0]]",,,
2026-08-20,ATAI,Bearish,7.420000076293945,Healthcare,Biotechnology,1.83,1.2,2.2,"[[""Weekly DM9 Top"", 1, 1.8333333333333333]]",,,
2026-08-20,DAN,Bullish,30.75,Consumer Cyclical,Auto Parts,2.0,1.1,2.2,"[[""Wyckoff LPS"", 0, 2.0]]",,,
2026-08-20,ENVX,Bullish,3.2699999809265137,Industrials,Electrical Equipment & Parts,1.83,1.2,2.2,"[[""Weekly DM9 Bottom"", 1, 1.8333333333333333]]",,,
2026-08-20,DVN,Bullish,49.29999923706055,Energy,Oil & Gas E&P,2.0,1.1,2.2,"[[""Wyckoff LPS"", 0, 2.0]]",,,
2026-08-20,NIQ,Bearish,18.149999618530273,Financial,Closed-End Fund - Debt,1.83,1.2,2.2,"[[""Weekly DM9 Top"", 1, 1.8333333333333333]]",,,
2026-08-20,HIVE,Bullish,3.130000114440918,Financial,Capital Markets,1.83,1.2,2.2,"[[""Weekly DM9 Bottom"", 1, 1.8333333333333333]]",,,
2026-08-20,CC,Bullish,15.6899995803833,Basic Materials,Specialty Chemicals,1.83,1.2,2.2,"[[""Weekly DM9 Bottom"", 1, 1.8333333333333333]]",,,
2026-08-20,LILAK,Bearish,8.210000038146973,Communication Services,Telecom Services,1.83,1.2,2.2,"[[""Weekly DM9 Top"", 1, 1.8333333333333333]]",,,
2026-08-20,TSSI,Bullish,8.789999961853027,Technology,Information Technology Services,1.83,1.2,2.2,"[[""Weekly DM9 Bottom"", 1, 1.8333333333333333]]",,,
2026-08-20,HL,Bullish,20.81999969482422,Basic Materials,Other Precious Metals & Mining,2.0,1.1,2.2,"[[""Wyckoff LPS"", 0, 2.0]]",,,
2026-08-20,UTZ,Bearish,14.130000114440918,Consumer Defensive,Packaged Foods,1.83,1.2,2.2,"[[""Weekly DM9 Top"", 1, 1.8333333333333333]]",,,
2026-08-20,FSLY,Bearish,22.709999084472656,Technology,Software - Application,2.0,1.1,2.2,"[[""Weekly DM9 Top"", 0, 2.0]]",,,
2026-08-20,BOX,Bearish,32.900001525878906,Technology,Software - Infrastructure,2.0,1.1,2.2,"[[""Weekly DM9 Top"", 0, 2.0]]",,,
2026-08-20,FRSH,Bearish,13.010000228881836,Technology,Software - Application,1.83,1.2,2.2,"[[""Weekly DM9 Top"", 1, 1.8333333333333333]]",,,
2026-08-20,CMBT,Bearish,17.6200008392334,Energy,Oil & Gas Midstream,1.8,1.2,2.16,"[[""Daily DM13 Top"", 2, 1.8]]",,,
2026-08-20,BKD,Bullish,11.8100004196167,Healthcare,Medical Care Facilities,1.8,1.2,2.16,"[[""Daily DM13 Bottom"", 2, 1.8]]",,,
2026-08-20,ALIT,Bullish,13.40999984741211,Technology,Software - Application,1.8,1.2,2.16,"[[""Daily DM13 Bottom"", 2, 1.8]]",,,
2026-08-20,RES,Bearish,6.360000133514404,Energy,Oil & Gas Equipment & Services,1.8,1.2,2.16,"[[""Daily DM13 Top"", 2, 1.8]]",,,
2026-08-20,BRBR,Bullish,10.449999809265137,Consumer Defensive,Packaged Foods,1.8,1.2,2.16,"[[""Daily DM13 Bottom"", 2, 1.8]]",,,
2026-08-20,UWMC,Bullish,1.4199999570846558,Financial,Mortgage Finance,1.75,1.2,2.1,"[[""Weekly DM13 Bottom"", 5, 1.7499999999999998]]",,,
2026-08-20,TLRY,Bullish,4.670000076293945,Healthcare,Drug Manufacturers - Specialty & Generic,1.75,1.2,2.1,"[[""Weekly DM13 Bottom"", 5, 1.7499999999999998]]",,,
2026-08-20,EQX,Bullish,12.880000114440918,Basic Materials,Gold,1.75,1.2,2.1,"[[""Weekly DM13 Bottom"", 5, 1.7499999999999998]]",,,
2026-08-20,CAPR,Bullish,6.835000038146973,Healthcare,Biotechnology,1.75,1.2,2.1,"[[""Weekly DM13 Bottom"", 5, 1.7499999999999998]]",,,
2026-08-20,DQ,Bullish,14.979999542236328,Technology,Solar,1.75,1.2,2.1,"[[""Weekly DM13 Bottom"", 5, 1.7499999999999998]]",,,
2026-08-20,NIO,Bullish,4.53000020980835,Consumer Cyclical,Auto Manufacturers,1.75,1.2,2.1,"[[""Weekly DM13 Bottom"", 5, 1.7499999999999998]]",,,
2026-08-20,HRL,Bullish,24.079999923706055,Consumer Defensive,Packaged Foods,1.9,1.1,2.09,"[[""Daily DM13 Bottom"", 1, 1.9]]",,,
2026-08-20,OI,Bullish,6.380000114440918,Consumer Cyclical,Packaging & Containers,1.7,1.2,2.04,"[[""Daily DM13 Bottom"", 3, 1.7]]",,,
2026-08-20,UAA,Bullish,5.300000190734863,Consumer Cyclical,Apparel Manufacturing,1.7,1.2,2.04,"[[""Daily DM13 Bottom"", 3, 1.7]]",,,
2026-08-20,UA,Bullish,5.150000095367432,Consumer Cyclical,Apparel Manufacturing,1.7,1.2,2.04,"[[""Daily DM13 Bottom"", 3, 1.7]]",,,
2026-08-20,PDYN,Bearish,6.099999904632568,Technology,Software - Infrastructure,1.7,1.2,2.04,"[[""Daily DM13 Top"", 3, 1.7]]",,,
2026-08-20,ABCL,Bearish,11.569999694824219,Healthcare,Biotechnology,1.7,1.2,2.04,"[[""Daily DM13 Top"", 3, 1.7]]",,,
2026-08-20,SENS,Bearish,8.819999694824219,Healthcare,Medical Devices,1.7,1.2,2.04,"[[""Daily DM13 Top"", 3, 1.7]]",,,
2026-08-20,GFS,Bullish,47.33000183105469,Technology,Semiconductors,1.83,1.1,2.02,"[[""Weekly DM9 Bottom"", 1, 1.8333333333333333]]",,,
2026-08-20,WTRG,Bearish,40.40999984741211,Utilities,Utilities - Regulated Water,1.83,1.1,2.02,"[[""Weekly DM9 Top"", 1, 1.8333333333333333]]",,,
2026-08-20,PRGS,Bearish,43.209999084472656,Technology,Software - Infrastructure,1.83,1.1,2.02,"[[""Weekly DM9 Top"", 1, 1.8333333333333333]]",,,
2026-08-20,GFL,Bearish,41.16999816894531,Industrials,Waste Management,1.83,1.1,2.02,"[[""Weekly DM9 Top"", 1, 1.8333333333333333]]",,,
2026-08-20,APTV,Bullish,47.029998779296875,Consumer Cyclical,Auto Parts,1.83,1.1,2.02,"[[""Weekly DM9 Bottom"", 1, 1.8333333333333333]]",,,
2026-08-20,IOSP,Bullish,92.91999816894531,Basic Materials,Specialty Chemicals,2.0,1.0,2.0,"[[""Wyckoff LPS"", 0, 2.0]]",,,
2026-08-20,CRC,Bullish,53.40999984741211,Energy,Oil & Gas E&P,2.0,1.0,2.0,"[[""Weekly DM13 Bottom"", 4, 2.0]]",,,
2026-08-20,SHOP,Bullish,147.17999267578125,Technology,Software - Application,2.0,1.0,2.0,"[[""Wyckoff LPS"", 0, 2.0]]",,,
2026-08-20,TRU,Bearish,85.11000061035156,Financial,Financial Data & Stock Exchanges,2.0,1.0,2.0,"[[""Weekly DM9 Top"", 0, 2.0]]",,,
2026-08-20,TYL,Bearish,348.1400146484375,Technology,Software - Application,2.0,1.0,2.0,"[[""Weekly DM9 Top"", 0, 2.0]]",,,
2026-08-20,DINO,Bearish,92.72000122070312,Energy,Oil & Gas Refining & Marketing,2.0,1.0,2.0,"[[""Weekly DM9 Top"", 0, 2.0]]",,,
2026-08-20,NSC,Bullish,346.6199951171875,Industrials,Railroads,2.0,1.0,2.0,"[[""Wyckoff LPS"", 0, 2.0]]",,,
2026-08-20,HWKN,Bullish,119.38999938964844,Basic Materials,Specialty Chemicals,2.0,1.0,2.0,"[[""Weekly DM9 Bottom"", 0, 2.0]]",,,
2026-08-20,VAL,Bearish,89.0,Energy,Oil & Gas Equipment & Services,2.0,1.0,2.0,"[[""Daily DM13 Top"", 0, 2.0]]",,,
2026-08-20,GD,Bearish,386.07000732421875,Industrials,Aerospace & Defense,2.0,1.0,2.0,"[[""Weekly DM9 Top"", 0, 2.0]]",,,
2026-08-20,PTC,Bullish,153.52000427246094,Technology,Software - Application,2.0,1.0,2.0,"[[""Wyckoff LPS"", 0, 2.0]]",,,
2026-08-20,EXEL,Bearish,53.689998626708984,Healthcare,Biotechnology,2.0,1.0,2.0,"[[""Weekly DM13 Top"", 4, 2.0]]",,,
2026-08-20,MGA,Bullish,70.38999938964844,Consumer Cyclical,Auto Parts,2.0,1.0,2.0,"[[""Wyckoff LPS"", 0, 2.0]]",,,
2026-08-20,KKR,Bearish,107.0199966430664,Financial,Asset Management,2.0,1.0,2.0,"[[""Weekly DM9 Top"", 0, 2.0]]",,,
2026-08-20,CNR,Bullish,93.7699966430664,Energy,Thermal Coal,2.0,1.0,2.0,"[[""Wyckoff LPS"", 0, 2.0]]",,,
2026-08-20,ADTN,Bullish,7.860000133514404,Technology,Communication Equipment,1.67,1.2,2.0,"[[""Weekly DM9 Bottom"", 2, 1.6666666666666667]]",,,
2026-08-20,TRI,Bearish,105.87999725341797,Industrials,Specialty Business Services,2.0,1.0,2.0,"[[""Weekly DM9 Top"", 0, 2.0]]",,,
2026-08-20,RDNT,Bullish,77.05000305175781,Healthcare,Diagnostics & Research,2.0,1.0,2.0,"[[""Wyckoff LPS"", 0, 2.0]]",,,
2026-08-20,DIS,Bullish,107.31999969482422,Communication Services,Entertainment,2.0,1.0,2.0,"[[""Wyckoff LPS"", 0, 2.0]]",,,
2026-08-20,MKC,Bearish,55.220001220703125,Consumer Defensive,Packaged Foods,2.0,1.0,2.0,"[[""Daily DM13 Top"", 0, 2.0]]",,,
2026-08-20,MAR,Bullish,356.6000061035156,Consumer Cyclical,Lodging,2.0,1.0,2.0,"[[""Weekly DM9 Bottom"", 0, 2.0]]",,,
2026-08-20,CRM,Bullish,205.42999267578125,Technology,Software - Application,2.0,1.0,2.0,"[[""Wyckoff LPS"", 0, 2.0]]",,,
2026-08-20,ESNT,Bullish,68.52999877929688,Financial,Insurance - Specialty,2.0,1.0,2.0,"[[""Wyckoff LPS"", 0, 2.0]]",,,
2026-08-20,PHIN,Bullish,71.62999725341797,Consumer Cyclical,Auto Parts,2.0,1.0,2.0,"[[""Weekly DM9 Bottom"", 0, 2.0]]",,,
2026-08-20,JKHY,Bearish,165.0800018310547,Technology,Information Technology Services,2.0,1.0,2.0,"[[""Weekly DM9 Top"", 0, 2.0]]",,,
2026-08-20,IBP,Bullish,244.61000061035156,Consumer Cyclical,Residential Construction,2.0,1.0,2.0,"[[""Wyckoff LPS"", 0, 2.0]]",,,
2026-08-20,ROKU,Bullish,157.1199951171875,Communication Services,Entertainment,2.0,1.0,2.0,"[[""Wyckoff LPS"", 0, 2.0]]",,,
2026-08-20,DUOL,Bullish,147.02999877929688,Technology,Software - Application,2.0,1.0,2.0,"[[""Wyckoff LPS"", 0, 2.0]]",,,
2026-08-20,ALB,Bullish,134.19000244140625,Basic Materials,Specialty Chemicals,2.0,1.0,2.0,"[[""Wyckoff LPS"", 0, 2.0]]",,,
2026-08-20,HCC,Bearish,103.36000061035156,Basic Materials,Coking Coal,2.0,1.0,2.0,"[[""Daily DM13 Top"", 0, 2.0]]",,,
2026-08-20,CAVA,Bullish,72.02999877929688,Consumer Cyclical,Restaurants,2.0,1.0,2.0,"[[""Wyckoff LPS"", 0, 2.0]]",,,
2026-08-20,NSIT,Bullish,146.27000427246094,Technology,Electronics & Computer Distribution,2.0,1.0,2.0,"[[""Wyckoff LPS"", 0, 2.0]]",,,
2026-08-20,JBTM,Bullish,116.16000366210938,Industrials,Specialty Industrial Machinery,2.0,1.0,2.0,"[[""Daily DM13 Bottom"", 0, 2.0]]",,,
2026-08-20,TDW,Bearish,96.48999786376953,Energy,Oil & Gas Equipment & Services,2.0,1.0,2.0,"[[""Daily DM13 Top"", 0, 2.0]]",,,
2026-08-20,MYRG,Bullish,318.0,Industrials,Engineering & Construction,2.0,1.0,2.0,"[[""Weekly DM9 Bottom"", 0, 2.0]]",,,
2026-08-20,SSNC,Bullish,82.12000274658203,Technology,Software - Application,2.0,1.0,2.0,"[[""Wyckoff LPS"", 0, 2.0]]",,,
2026-08-20,NKTR,Bearish,74.52999877929688,Healthcare,Biotechnology,2.0,1.0,2.0,"[[""Weekly DM9 Top"", 0, 2.0]]",,,
2026-08-20,PJT,Bearish,170.7899932861328,Financial,Capital Markets,2.0,1.0,2.0,"[[""Weekly DM9 Top"", 0, 2.0]]",,,
2026-08-20,PYPL,Bearish,62.29999923706055,Financial,Credit Services,2.0,1.0,2.0,"[[""Weekly DM9 Top"", 0, 2.0]]",,,
2026-08-20,HRB,Bearish,53.040000915527344,Consumer Cyclical,Personal Services,2.0,1.0,2.0,"[[""Weekly DM9 Top"", 0, 2.0]]",,,
2026-08-20,GRND,Bearish,15.65999984741211,Technology,Software - Application,1.67,1.2,2.0,"[[""Weekly DM9 Top"", 2, 1.6666666666666667]]",,,
2026-08-20,CPAY,Bullish,412.0,Technology,Software - Infrastructure,2.0,1.0,2.0,"[[""Wyckoff LPS"", 0, 2.0]]",,,
2026-08-20,BR,Bullish,178.5,Technology,Information Technology Services,2.0,1.0,2.0,"[[""Wyckoff LPS"", 0, 2.0]]",,,
2026-08-20,ENTG,Bullish,144.6300048828125,Technology,Semiconductor Equipment & Materials,2.0,1.0,2.0,"[[""Wyckoff LPS"", 0, 2.0]]",,,
2026-08-20,DOCU,Bullish,62.279998779296875,Technology,Software - Application,2.0,1.0,2.0,"[[""Wyckoff LPS"", 0, 2.0]]",,,
2026-08-20,GPN,Bearish,92.27999877929688,Technology,Software - Infrastructure,2.0,1.0,2.0,"[[""Weekly DM9 Top"", 0, 2.0]]",,,
2026-08-20,WBD,Bearish,28.229999542236328,Communication Services,Entertainment,1.8,1.1,1.98,"[[""Daily DM13 Top"", 2, 1.8]]",,,
2026-08-20,HTHT,Bullish,49.540000915527344,Consumer Cyclical,Lodging,1.75,1.1,1.92,"[[""Weekly DM13 Bottom"", 5, 1.7499999999999998]]",,,
2026-08-20,LVS,Bullish,45.970001220703125,Consumer Cyclical,Resorts & Casinos,1.75,1.1,1.92,"[[""Weekly DM13 Bottom"", 5, 1.7499999999999998]]",,,
2026-08-20,GFI,Bullish,45.45000076293945,Basic Materials,Gold,1.75,1.1,1.92,"[[""Weekly DM13 Bottom"", 5, 1.7499999999999998]]",,,
2026-08-20,NN,Bearish,17.329999923706055,Technology,Software - Infrastructure,1.6,1.2,1.92,"[[""Daily DM13 Top"", 4, 1.6]]",,,
2026-08-20,VIV,Bullish,11.229999542236328,Communication Services,Telecom Services,1.6,1.2,1.92,"[[""Daily DM13 Bottom"", 4, 1.6]]",,,
2026-08-20,OBDC,Bearish,11.279999732971191,Financial,Asset Management,1.6,1.2,1.92,"[[""Daily DM13 Top"", 4, 1.6]]",,,
2026-08-20,PHYS,Bullish,34.31999969482422,Financial,Asset Management,1.75,1.1,1.92,"[[""Weekly DM13 Bottom"", 5, 1.7499999999999998]]",,,
2026-08-20,AEM,Bearish,212.0399932861328,Basic Materials,Gold,1.9,1.0,1.9,"[[""Daily DM13 Top"", 1, 1.9]]",,,
2026-08-20,BKR,Bearish,62.779998779296875,Energy,Oil & Gas Equipment & Services,1.9,1.0,1.9,"[[""Daily DM13 Top"", 1, 1.9]]",,,
2026-08-20,MP,Bearish,55.040000915527344,Basic Materials,Other Industrial Metals & Mining,1.9,1.0,1.9,"[[""Daily DM13 Top"", 1, 1.9]]",,,
2026-08-20,GLNG,Bearish,52.13999938964844,Energy,Oil & Gas Midstream,1.9,1.0,1.9,"[[""Daily DM13 Top"", 1, 1.9]]",,,
2026-08-20,UMAC,Bearish,25.979999542236328,Technology,Computer Hardware,1.7,1.1,1.87,"[[""Daily DM13 Top"", 3, 1.7]]",,,
2026-08-20,FLY,Bearish,23.6299991607666,Industrials,Aerospace & Defense,1.7,1.1,1.87,"[[""Daily DM13 Top"", 3, 1.7]]",,,
2026-08-20,IONQ,Bearish,41.529998779296875,Technology,Computer Hardware,1.7,1.1,1.87,"[[""Daily DM13 Top"", 3, 1.7]]",,,
2026-08-20,AAON,Bullish,80.83999633789062,Industrials,Building Products & Equipment,1.83,1.0,1.83,"[[""Weekly DM9 Bottom"", 1, 1.8333333333333333]]",,,
2026-08-20,EDU,Bearish,54.90999984741211,Consumer Defensive,Education & Training Services,1.83,1.0,1.83,"[[""Weekly DM9 Top"", 1, 1.8333333333333333]]",,,
2026-08-20,LH,Bearish,332.80999755859375,Healthcare,Diagnostics & Research,1.83,1.0,1.83,"[[""Weekly DM9 Top"", 1, 1.8333333333333333]]",,,
2026-08-20,NMIH,Bearish,45.38999938964844,Financial,Insurance - Specialty,1.67,1.1,1.83,"[[""Weekly DM9 Top"", 2, 1.6666666666666667]]",,,
2026-08-20,OMC,Bearish,87.06999969482422,Communication Services,Advertising Agencies,1.83,1.0,1.83,"[[""Weekly DM9 Top"", 1, 1.8333333333333333]]",,,
2026-08-20,MCHP,Bullish,75.80999755859375,Technology,Semiconductors,1.83,1.0,1.83,"[[""Weekly DM9 Bottom"", 1, 1.8333333333333333]]",,,
2026-08-20,ADP,Bearish,279.2099914550781,Technology,Software - Application,1.83,1.0,1.83,"[[""Weekly DM9 Top"", 1, 1.8333333333333333]]",,,
2026-08-20,ITRI,Bearish,98.43000030517578,Technology,Scientific & Technical Instruments,1.83,1.0,1.83,"[[""Weekly DM9 Top"", 1, 1.8333333333333333]]",,,
2026-08-20,CM,Bearish,115.69000244140625,Financial,Banks - Diversified,1.83,1.0,1.83,"[[""Weekly DM9 Top"", 1, 1.8333333333333333]]",,,
2026-08-20,VLTO,Bearish,99.45999908447266,Industrials,Pollution & Treatment Controls,1.83,1.0,1.83,"[[""Weekly DM9 Top"", 1, 1.8333333333333333]]",,,
2026-08-20,LGN,Bullish,60.08000183105469,Industrials,Engineering & Construction,1.83,1.0,1.83,"[[""Weekly DM9 Bottom"", 1, 1.8333333333333333]]",,,
2026-08-20,PBF,Bearish,69.55999755859375,Energy,Oil & Gas Refining & Marketing,1.83,1.0,1.83,"[[""Weekly DM9 Top"", 1, 1.8333333333333333]]",,,
2026-08-20,MTG,Bearish,30.709999084472656,Financial,Insurance - Specialty,1.67,1.1,1.83,"[[""Weekly DM9 Top"", 2, 1.6666666666666667]]",,,
2026-08-20,THC,Bearish,272.6000061035156,Healthcare,Medical Care Facilities,1.83,1.0,1.83,"[[""Weekly DM9 Top"", 1, 1.8333333333333333]]",,,
2026-08-20,COR,Bearish,314.69000244140625,Healthcare,Medical Distribution,1.83,1.0,1.83,"[[""Weekly DM9 Top"", 1, 1.8333333333333333]]",,,
2026-08-20,POWI,Bullish,54.84000015258789,Technology,Semiconductors,1.83,1.0,1.83,"[[""Weekly DM9 Bottom"", 1, 1.8333333333333333]]",,,
2026-08-20,STRL,Bullish,520.530029296875,Industrials,Engineering & Construction,1.83,1.0,1.83,"[[""Weekly DM9 Bottom"", 1, 1.8333333333333333]]",,,
2026-08-20,DGX,Bearish,241.3000030517578,Healthcare,Diagnostics & Research,1.83,1.0,1.83,"[[""Weekly DM9 Top"", 1, 1.8333333333333333]]",,,
2026-08-20,IQV,Bearish,256.04998779296875,Healthcare,Diagnostics & Research,1.83,1.0,1.83,"[[""Weekly DM9 Top"", 1, 1.8333333333333333]]",,,
2026-08-20,DK,Bearish,64.04000091552734,Energy,Oil & Gas Refining & Marketing,1.83,1.0,1.83,"[[""Weekly DM9 Top"", 1, 1.8333333333333333]]",,,
2026-08-20,ENPH,Bullish,38.36000061035156,Technology,Solar,1.67,1.1,1.83,"[[""Weekly DM9 Bottom"", 2, 1.6666666666666667]]",,,
2026-08-20,V,Bearish,365.7300109863281,Financial,Credit Services,1.83,1.0,1.83,"[[""Weekly DM9 Top"", 1, 1.8333333333333333]]",,,
2026-08-20,EXPO,Bearish,69.37999725341797,Industrials,Engineering & Construction,1.83,1.0,1.83,"[[""Weekly DM9 Top"", 1, 1.8333333333333333]]",,,
2026-08-20,INSP,Bearish,61.27000045776367,Healthcare,Medical Devices,1.83,1.0,1.83,"[[""Weekly DM9 Top"", 1, 1.8333333333333333]]",,,
2026-08-20,ON,Bullish,74.70999908447266,Technology,Semiconductors,1.83,1.0,1.83,"[[""Weekly DM9 Bottom"", 1, 1.8333333333333333]]",,,
2026-08-20,AMGN,Bearish,433.7300109863281,Healthcare,Drug Manufacturers - General,1.83,1.0,1.83,"[[""Weekly DM9 Top"", 1, 1.8333333333333333]]",,,
2026-08-20,CPK,Bearish,137.5800018310547,Utilities,Utilities - Regulated Gas,1.83,1.0,1.83,"[[""Weekly DM9 Top"", 1, 1.8333333333333333]]",,,
2026-08-20,BMY,Bearish,65.47000122070312,Healthcare,Drug Manufacturers - General,1.83,1.0,1.83,"[[""Weekly DM9 Top"", 1, 1.8333333333333333]]",,,
2026-08-20,CAR,Bullish,143.97999572753906,Industrials,Rental & Leasing Services,1.83,1.0,1.83,"[[""Weekly DM9 Bottom"", 1, 1.8333333333333333]]",,,
2026-08-20,MA,Bearish,573.8499755859375,Financial,Credit Services,1.83,1.0,1.83,"[[""Weekly DM9 Top"", 1, 1.8333333333333333]]",,,
2026-08-20,GSHD,Bearish,70.69999694824219,Financial,Insurance Brokers,1.83,1.0,1.83,"[[""Weekly DM9 Top"", 1, 1.8333333333333333]]",,,
2026-08-20,VLO,Bearish,341.510009765625,Energy,Oil & Gas Refining & Marketing,1.83,1.0,1.83,"[[""Weekly DM9 Top"", 1, 1.8333333333333333]]",,,
2026-08-20,MOD,Bullish,190.74000549316406,Consumer Cyclical,Auto Parts,1.83,1.0,1.83,"[[""Weekly DM9 Bottom"", 1, 1.8333333333333333]]",,,
2026-08-20,POWL,Bullish,197.39999389648438,Industrials,Electrical Equipment & Parts,1.83,1.0,1.83,"[[""Weekly DM9 Bottom"", 1, 1.8333333333333333]]",,,
2026-08-20,MCK,Bearish,838.75,Healthcare,Medical Distribution,1.83,1.0,1.83,"[[""Weekly DM9 Top"", 1, 1.8333333333333333]]",,,
2026-08-20,L,Bullish,110.69999694824219,Financial,Insurance - Property & Casualty,1.8,1.0,1.8,"[[""Daily DM13 Bottom"", 2, 1.8]]",,,
2026-08-20,PLUG,Bullish,2.200000047683716,Industrials,Electrical Equipment & Parts,1.5,1.2,1.8,"[[""Weekly DM9 Bottom"", 3, 1.5]]",,,
2026-08-20,BW,Bullish,8.430000305175781,Industrials,Specialty Industrial Machinery,1.5,1.2,1.8,"[[""Weekly DM9 Bottom"", 3, 1.5]]",,,
2026-08-20,GDYN,Bearish,7.909999847412109,Technology,Information Technology Services,1.5,1.2,1.8,"[[""Daily DM13 Top"", 5, 1.5]]",,,
2026-08-20,LUMN,Bullish,6.010000228881836,Communication Services,Telecom Services,1.5,1.2,1.8,"[[""Weekly DM9 Bottom"", 3, 1.5]]",,,
2026-08-20,WHD,Bearish,68.8499984741211,Energy,Oil & Gas Equipment & Services,1.8,1.0,1.8,"[[""Daily DM13 Top"", 2, 1.8]]",,,
2026-08-20,NNDM,Bearish,1.5199999809265137,Technology,Computer Hardware,1.5,1.2,1.8,"[[""Daily DM13 Top"", 5, 1.5]]",,,
2026-08-20,IQ,Bearish,1.0299999713897705,Communication Services,Entertainment,1.5,1.2,1.8,"[[""Daily DM13 Top"", 5, 1.5]]",,,
2026-08-20,SAIL,Bearish,18.510000228881836,Technology,Software - Infrastructure,1.5,1.2,1.8,"[[""Daily DM13 Top"", 5, 1.5]]",,,
2026-08-20,FMC,Bullish,10.880000114440918,Basic Materials,Agricultural Inputs,1.5,1.2,1.8,"[[""Weekly DM13 Bottom"", 6, 1.5]]",,,
2026-08-20,ACVA,Bearish,7.670000076293945,Consumer Cyclical,Auto & Truck Dealerships,1.5,1.2,1.8,"[[""Weekly DM9 Top"", 3, 1.5]]",,,
2026-08-20,TSLA,Bearish,345.1300048828125,Consumer Cyclical,Auto Manufacturers,1.8,1.0,1.8,"[[""Daily DM13 Top"", 2, 1.8]]",,,
2026-08-20,CALM,Bullish,82.43000030517578,Consumer Defensive,Farm Products,1.8,1.0,1.8,"[[""Daily DM13 Bottom"", 2, 1.8]]",,,
2026-08-20,HIMX,Bullish,13.670000076293945,Technology,Semiconductors,1.5,1.2,1.8,"[[""Weekly DM9 Bottom"", 3, 1.5]]",,,
2026-08-20,LYG,Bearish,5.900000095367432,Financial,Banks - Regional,1.5,1.2,1.8,"[[""Weekly DM9 Top"", 3, 1.5]]",,,
2026-08-20,ERIC,Bullish,10.109999656677246,Technology,Communication Equipment,1.5,1.2,1.8,"[[""Weekly DM9 Bottom"", 3, 1.5]]",,,
2026-08-20,NEGG,Bullish,18.559999465942383,Consumer Cyclical,Internet Retail,1.5,1.2,1.8,"[[""Weekly DM13 Bottom"", 6, 1.5]]",,,
2026-08-20,NAKA,Bullish,6.300000190734863,Healthcare,Medical Care Facilities,1.5,1.2,1.8,"[[""Weekly DM13 Bottom"", 6, 1.5]]",,,
2026-08-20,QS,Bullish,5.699999809265137,Consumer Cyclical,Auto Parts,1.5,1.2,1.8,"[[""Weekly DM9 Bottom"", 3, 1.5]]",,,
2026-08-20,CERT,Bearish,8.729999542236328,Healthcare,Health Information Services,1.5,1.2,1.8,"[[""Weekly DM9 Top"", 3, 1.5]]",,,
2026-08-20,GPI,Bullish,263.82000732421875,Consumer Cyclical,Auto & Truck Dealerships,1.8,1.0,1.8,"[[""Daily DM13 Bottom"", 2, 1.8]]",,,
2026-08-20,NWG,Bearish,18.309999465942383,Financial,Banks - Regional,1.5,1.2,1.8,"[[""Weekly DM9 Top"", 3, 1.5]]",,,
2026-08-20,PD,Bearish,12.119999885559082,Technology,Software - Application,1.5,1.2,1.8,"[[""Daily DM13 Top"", 5, 1.5]]",,,
2026-08-20,BLDP,Bullish,2.369999885559082,Industrials,Specialty Industrial Machinery,1.5,1.2,1.8,"[[""Weekly DM9 Bottom"", 3, 1.5]]",,,
2026-08-20,PCT,Bullish,6.75,Industrials,Pollution & Treatment Controls,1.5,1.2,1.8,"[[""Weekly DM9 Bottom"", 3, 1.5]]",,,
2026-08-20,ALKT,Bearish,19.90999984741211,Technology,Software - Application,1.5,1.2,1.8,"[[""Daily DM13 Top"", 5, 1.5]]",,,
2026-08-20,ESTC,Bearish,85.9000015258789,Technology,Software - Application,1.7,1.0,1.7,"[[""Daily DM13 Top"", 3, 1.7]]",,,
2026-08-20,WRB,Bullish,69.18000030517578,Financial,Insurance - Property & Casualty,1.7,1.0,1.7,"[[""Daily DM13 Bottom"", 3, 1.7]]",,,
2026-08-20,NEM,Bearish,127.63999938964844,Basic Materials,Gold,1.7,1.0,1.7,"[[""Daily DM13 Top"", 3, 1.7]]",,,
2026-08-20,AI,Bearish,10.3100004196167,Technology,Software - Infrastructure,1.4,1.2,1.68,"[[""Daily DM13 Top"", 6, 1.4]]",,,
2026-08-20,ECVT,Bullish,10.319999694824219,Basic Materials,Specialty Chemicals,1.4,1.2,1.68,"[[""Daily DM13 Bottom"", 6, 1.4]]",,,
2026-08-20,AVXL,Bearish,3.130000114440918,Healthcare,Biotechnology,1.4,1.2,1.68,"[[""Daily DM13 Top"", 6, 1.4]]",,,
2026-08-20,MRVI,Bullish,8.289999961853027,Healthcare,Biotechnology,1.4,1.2,1.68,"[[""Daily DM13 Bottom"", 6, 1.4]]",,,
2026-08-20,TIC,Bearish,9.020000457763672,Industrials,Specialty Business Services,1.4,1.2,1.68,"[[""Daily DM13 Top"", 6, 1.4]]",,,
2026-08-20,QCOM,Bullish,160.74000549316406,Technology,Semiconductors,1.67,1.0,1.67,"[[""Weekly DM9 Bottom"", 2, 1.6666666666666667]]",,,
2026-08-20,FAF,Bearish,71.98999786376953,Financial,Insurance - Specialty,1.67,1.0,1.67,"[[""Weekly DM9 Top"", 2, 1.6666666666666667]]",,,
2026-08-20,CCI,Bullish,75.38999938964844,Real Estate,REIT - Specialty,1.67,1.0,1.67,"[[""Weekly DM9 Bottom"", 2, 1.6666666666666667]]",,,
2026-08-20,AMP,Bearish,547.0900268554688,Financial,Asset Management,1.67,1.0,1.67,"[[""Weekly DM9 Top"", 2, 1.6666666666666667]]",,,
2026-08-20,FWONK,Bearish,104.16000366210938,Communication Services,Entertainment,1.67,1.0,1.67,"[[""Weekly DM9 Top"", 2, 1.6666666666666667]]",,,
2026-08-20,SYNA,Bullish,98.0,Technology,Semiconductors,1.67,1.0,1.67,"[[""Weekly DM9 Bottom"", 2, 1.6666666666666667]]",,,
2026-08-20,TPC,Bearish,90.36000061035156,Industrials,Engineering & Construction,1.67,1.0,1.67,"[[""Weekly DM9 Top"", 2, 1.6666666666666667]]",,,
2026-08-20,RMBS,Bullish,92.1500015258789,Technology,Semiconductors,1.67,1.0,1.67,"[[""Weekly DM9 Bottom"", 2, 1.6666666666666667]]",,,
2026-08-20,NXPI,Bullish,222.97000122070312,Technology,Semiconductors,1.67,1.0,1.67,"[[""Weekly DM9 Bottom"", 2, 1.6666666666666667]]",,,
2026-08-20,SBAC,Bullish,180.5399932861328,Real Estate,REIT - Specialty,1.67,1.0,1.67,"[[""Weekly DM9 Bottom"", 2, 1.6666666666666667]]",,,
2026-08-20,PGNY,Bearish,25.959999084472656,Healthcare,Healthcare Plans,1.5,1.1,1.65,"[[""Weekly DM13 Top"", 6, 1.5]]",,,
2026-08-20,LNC,Bearish,41.97999954223633,Financial,Insurance - Life,1.5,1.1,1.65,"[[""Weekly DM9 Top"", 3, 1.5]]",,,
2026-08-20,TRMK,Bearish,46.58000183105469,Financial,Banks - Regional,1.5,1.1,1.65,"[[""Weekly DM9 Top"", 3, 1.5]]",,,
2026-08-20,BRX,Bullish,29.479999542236328,Real Estate,REIT - Retail,1.5,1.1,1.65,"[[""Daily DM13 Bottom"", 5, 1.5]]",,,
2026-08-20,ZETA,Bearish,27.850000381469727,Technology,Software - Infrastructure,1.5,1.1,1.65,"[[""Daily DM13 Top"", 5, 1.5]]",,,
2026-08-20,SBCF,Bearish,34.7400016784668,Financial,Banks - Regional,1.5,1.1,1.65,"[[""Weekly DM9 Top"", 3, 1.5]]",,,
2026-08-20,ONB,Bearish,25.829999923706055,Financial,Banks - Regional,1.5,1.1,1.65,"[[""Weekly DM9 Top"", 3, 1.5]]",,,
2026-08-20,SEDG,Bullish,30.899999618530273,Technology,Solar,1.5,1.1,1.65,"[[""Weekly DM9 Bottom"", 3, 1.5]]",,,
2026-08-20,EBC,Bearish,22.739999771118164,Financial,Banks - Regional,1.5,1.1,1.65,"[[""Weekly DM9 Top"", 3, 1.5]]",,,
2026-08-20,SW,Bearish,48.189998626708984,Consumer Cyclical,Packaging & Containers,1.5,1.1,1.65,"[[""Weekly DM9 Top"", 3, 1.5]]",,,
2026-08-20,GLOB,Bearish,39.630001068115234,Technology,Information Technology Services,1.5,1.1,1.65,"[[""Daily DM13 Top"", 5, 1.5]]",,,
2026-08-20,TOWN,Bearish,37.4900016784668,Financial,Banks - Regional,1.5,1.1,1.65,"[[""Weekly DM9 Top"", 3, 1.5]]",,,
2026-08-20,EVTC,Bearish,29.729999542236328,Technology,Software - Infrastructure,1.5,1.1,1.65,"[[""Weekly DM9 Top"", 3, 1.5]]",,,
2026-08-20,DB,Bearish,37.560001373291016,Financial,Banks - Regional,1.5,1.1,1.65,"[[""Daily DM13 Top"", 5, 1.5]]",,,
2026-08-20,PRCT,Bullish,20.729999542236328,Healthcare,Medical Devices,1.5,1.1,1.65,"[[""Weekly DM9 Bottom"", 3, 1.5]]",,,
2026-08-20,CRBG,Bearish,31.809999465942383,Financial,Asset Management,1.5,1.1,1.65,"[[""Weekly DM9 Top"", 3, 1.5]]",,,
2026-08-20,STAA,Bullish,23.06999969482422,Healthcare,Medical Instruments & Supplies,1.5,1.1,1.65,"[[""Weekly DM9 Bottom"", 3, 1.5]]",,,
2026-08-20,AXGN,Bearish,46.439998626708984,Healthcare,Medical Devices,1.5,1.1,1.65,"[[""Daily DM13 Top"", 5, 1.5]]",,,
2026-08-20,WOLF,Bullish,26.350000381469727,Technology,Semiconductors,1.5,1.1,1.65,"[[""Weekly DM9 Bottom"", 3, 1.5]]",,,
2026-08-20,DYN,Bearish,25.979999542236328,Healthcare,Biotechnology,1.5,1.1,1.65,"[[""Weekly DM9 Top"", 3, 1.5]]",,,
2026-08-20,CMCSA,Bearish,26.420000076293945,Communication Services,Telecom Services,1.5,1.1,1.65,"[[""Daily DM13 Top"", 5, 1.5]]",,,
2026-08-20,COGT,Bearish,35.310001373291016,Healthcare,Biotechnology,1.5,1.1,1.65,"[[""Weekly DM9 Top"", 3, 1.5]]",,,
2026-08-20,RVLV,Bearish,24.149999618530273,Consumer Cyclical,Internet Retail,1.5,1.1,1.65,"[[""Weekly DM9 Top"", 3, 1.5]]",,,
2026-08-20,PGY,Bearish,20.239999771118164,Technology,Software - Infrastructure,1.5,1.1,1.65,"[[""Weekly DM9 Top"", 3, 1.5]]",,,
2026-08-20,EQH,Bearish,48.75,Financial,Asset Management,1.5,1.1,1.65,"[[""Weekly DM9 Top"", 3, 1.5]]",,,
2026-08-20,SVM,Bullish,12.640000343322754,Basic Materials,Silver,1.33,1.2,1.6,"[[""Weekly DM9 Bottom"", 4, 1.3333333333333335]]",,,
2026-08-20,USAR,Bullish,17.110000610351562,Basic Materials,Other Industrial Metals & Mining,1.33,1.2,1.6,"[[""Weekly DM9 Bottom"", 4, 1.3333333333333335]]",,,
2026-08-20,EH,Bullish,5.5,Industrials,Aerospace & Defense,1.33,1.2,1.6,"[[""Weekly DM9 Bottom"", 4, 1.3333333333333335]]",,,
2026-08-20,SLI,Bullish,2.2699999809265137,Basic Materials,Other Industrial Metals & Mining,1.33,1.2,1.6,"[[""Weekly DM9 Bottom"", 4, 1.3333333333333335]]",,,
2026-08-20,EVEX,Bullish,2.5399999618530273,Industrials,Aerospace & Defense,1.33,1.2,1.6,"[[""Weekly DM9 Bottom"", 4, 1.3333333333333335]]",,,
2026-08-20,IE,Bullish,10.289999961853027,Basic Materials,Copper,1.33,1.2,1.6,"[[""Weekly DM9 Bottom"", 4, 1.3333333333333335]]",,,
2026-08-20,JOBY,Bullish,7.579999923706055,Industrials,Airports & Air Services,1.33,1.2,1.6,"[[""Weekly DM9 Bottom"", 4, 1.3333333333333335]]",,,
2026-08-20,EOSE,Bullish,3.4600000381469727,Industrials,Electrical Equipment & Parts,1.33,1.2,1.6,"[[""Weekly DM9 Bottom"", 4, 1.3333333333333335]]",,,
2026-08-20,VNET,Bullish,6.650000095367432,Technology,Information Technology Services,1.33,1.2,1.6,"[[""Weekly DM9 Bottom"", 4, 1.3333333333333335]]",,,
2026-08-20,NET,Bearish,278.9100036621094,Technology,Software - Infrastructure,1.6,1.0,1.6,"[[""Daily DM13 Top"", 4, 1.6]]",,,
2026-08-20,RR,Bullish,1.600000023841858,Industrials,Specialty Industrial Machinery,1.33,1.2,1.6,"[[""Weekly DM9 Bottom"", 4, 1.3333333333333335]]",,,
2026-08-20,BTG,Bullish,5.380000114440918,Basic Materials,Gold,1.33,1.2,1.6,"[[""Weekly DM9 Bottom"", 4, 1.3333333333333335]]",,,
2026-08-20,USAS,Bullish,5.25,Basic Materials,Other Industrial Metals & Mining,1.33,1.2,1.6,"[[""Weekly DM9 Bottom"", 4, 1.3333333333333335]]",,,
2026-08-20,TU,Bullish,10.020000457763672,Communication Services,Telecom Services,1.33,1.2,1.6,"[[""Weekly DM9 Bottom"", 4, 1.3333333333333335]]",,,
2026-08-20,LAR,Bullish,5.980000019073486,Basic Materials,Other Industrial Metals & Mining,1.33,1.2,1.6,"[[""Weekly DM9 Bottom"", 4, 1.3333333333333335]]",,,
2026-08-20,RUM,Bullish,8.430000305175781,Communication Services,Internet Content & Information,1.33,1.2,1.6,"[[""Weekly DM9 Bottom"", 4, 1.3333333333333335]]",,,
2026-08-20,WGS,Bearish,82.55000305175781,Healthcare,Diagnostics & Research,1.6,1.0,1.6,"[[""Daily DM13 Top"", 4, 1.6]]",,,
2026-08-20,SATL,Bullish,5.300000190734863,Industrials,Aerospace & Defense,1.33,1.2,1.6,"[[""Weekly DM9 Bottom"", 4, 1.3333333333333335]]",,,
2026-08-20,SNDL,Bullish,1.3300000429153442,Consumer Defensive,Beverages - Wineries & Distilleries,1.33,1.2,1.6,"[[""Weekly DM9 Bottom"", 4, 1.3333333333333335]]",,,
2026-08-20,ACHR,Bullish,6.090000152587891,Industrials,Aerospace & Defense,1.33,1.2,1.6,"[[""Weekly DM9 Bottom"", 4, 1.3333333333333335]]",,,
2026-08-20,OWL,Bearish,11.399999618530273,Financial,Asset Management,1.3,1.2,1.56,"[[""Daily DM13 Top"", 7, 1.3]]",,,
2026-08-20,IVT,Bullish,33.189998626708984,Real Estate,REIT - Retail,1.4,1.1,1.54,"[[""Daily DM13 Bottom"", 6, 1.4]]",,,
2026-08-20,FIVN,Bearish,32.29999923706055,Technology,Software - Infrastructure,1.4,1.1,1.54,"[[""Daily DM13 Top"", 6, 1.4]]",,,
2026-08-20,BNL,Bullish,21.209999084472656,Real Estate,REIT - Diversified,1.4,1.1,1.54,"[[""Daily DM13 Bottom"", 6, 1.4]]",,,
2026-08-20,KRG,Bullish,26.270000457763672,Real Estate,REIT - Retail,1.4,1.1,1.54,"[[""Daily DM13 Bottom"", 6, 1.4]]",,,
2026-08-20,NFLX,Bullish,80.13999938964844,Communication Services,Entertainment,1.5,1.0,1.5,"[[""Weekly DM13 Bottom"", 6, 1.5]]",,,
2026-08-20,NXT,Bullish,87.86000061035156,Technology,Solar,1.5,1.0,1.5,"[[""Weekly DM9 Bottom"", 3, 1.5]]",,,
2026-08-20,EXPE,Bearish,324.1700134277344,Consumer Cyclical,Travel Services,1.5,1.0,1.5,"[[""Daily DM13 Top"", 5, 1.5]]",,,
2026-08-20,IPAR,Bearish,114.75,Consumer Defensive,Household & Personal Products,1.5,1.0,1.5,"[[""Weekly DM9 Top"", 3, 1.5]]",,,
2026-08-20,GEF,Bearish,86.43000030517578,Consumer Cyclical,Packaging & Containers,1.5,1.0,1.5,"[[""Weekly DM9 Top"", 3, 1.5]]",,,
2026-08-20,BAM,Bearish,51.52000045776367,Financial,Asset Management,1.5,1.0,1.5,"[[""Daily DM13 Top"", 5, 1.5]]",,,
2026-08-20,HXL,Bearish,94.11000061035156,Industrials,Aerospace & Defense,1.5,1.0,1.5,"[[""Weekly DM9 Top"", 3, 1.5]]",,,
2026-08-20,ITW,Bearish,282.739990234375,Industrials,Specialty Industrial Machinery,1.5,1.0,1.5,"[[""Weekly DM9 Top"", 3, 1.5]]",,,
2026-08-20,ASTS,Bullish,65.05999755859375,Technology,Communication Equipment,1.5,1.0,1.5,"[[""Weekly DM9 Bottom"", 3, 1.5]]",,,
2026-08-20,ERIE,Bearish,262.2900085449219,Financial,Insurance Brokers,1.5,1.0,1.5,"[[""Daily DM13 Top"", 5, 1.5]]",,,
2026-08-20,NHI,Bullish,73.91000366210938,Real Estate,REIT - Healthcare Facilities,1.5,1.0,1.5,"[[""Daily DM13 Bottom"", 5, 1.5]]",,,
2026-08-20,AER,Bearish,146.7899932861328,Industrials,Rental & Leasing Services,1.5,1.0,1.5,"[[""Weekly DM9 Top"", 3, 1.5]]",,,
2026-08-20,FRPT,Bearish,74.12999725341797,Consumer Defensive,Packaged Foods,1.5,1.0,1.5,"[[""Weekly DM9 Top"", 3, 1.5]]",,,
2026-08-20,SSB,Bearish,105.77999877929688,Financial,Banks - Regional,1.5,1.0,1.5,"[[""Weekly DM9 Top"", 3, 1.5]]",,,
2026-08-20,RJF,Bearish,172.35000610351562,Financial,Asset Management,1.5,1.0,1.5,"[[""Weekly DM9 Top"", 3, 1.5]]",,,
2026-08-20,NIC,Bearish,171.69000244140625,Financial,Banks - Regional,1.5,1.0,1.5,"[[""Weekly DM9 Top"", 3, 1.5]]",,,
2026-08-20,ABG,Bearish,215.3699951171875,Consumer Cyclical,Auto & Truck Dealerships,1.5,1.0,1.5,"[[""Weekly DM9 Top"", 3, 1.5]]",,,
2026-08-20,UL,Bearish,63.400001525878906,Consumer Defensive,Household & Personal Products,1.5,1.0,1.5,"[[""Weekly DM9 Top"", 3, 1.5]]",,,
2026-08-20,ELF,Bearish,98.45999908447266,Consumer Defensive,Household & Personal Products,1.5,1.0,1.5,"[[""Weekly DM9 Top"", 3, 1.5]]",,,
2026-08-20,ALLE,Bearish,161.72000122070312,Industrials,Security & Protection Services,1.5,1.0,1.5,"[[""Weekly DM9 Top"", 3, 1.5]]",,,
2026-08-20,PRK,Bearish,202.13999938964844,Financial,Banks - Regional,1.5,1.0,1.5,"[[""Weekly DM9 Top"", 3, 1.5]]",,,
2026-08-20,RUSHA,Bearish,77.11000061035156,Consumer Cyclical,Auto & Truck Dealerships,1.5,1.0,1.5,"[[""Weekly DM9 Top"", 3, 1.5]]",,,
2026-08-20,ADUS,Bearish,120.55000305175781,Healthcare,Medical Care Facilities,1.5,1.0,1.5,"[[""Weekly DM9 Top"", 3, 1.5]]",,,
2026-08-20,LXP,Bearish,60.880001068115234,Real Estate,REIT - Industrial,1.5,1.0,1.5,"[[""Weekly DM9 Top"", 3, 1.5]]",,,
2026-08-20,PKG,Bearish,249.55999755859375,Consumer Cyclical,Packaging & Containers,1.5,1.0,1.5,"[[""Weekly DM9 Top"", 3, 1.5]]",,,
2026-08-20,FBK,Bearish,58.540000915527344,Financial,Banks - Regional,1.5,1.0,1.5,"[[""Weekly DM9 Top"", 3, 1.5]]",,,
2026-08-20,BANR,Bearish,71.66000366210938,Financial,Banks - Regional,1.5,1.0,1.5,"[[""Weekly DM9 Top"", 3, 1.5]]",,,
2026-08-20,PRIM,Bullish,79.23999786376953,Industrials,Engineering & Construction,1.5,1.0,1.5,"[[""Weekly DM9 Bottom"", 3, 1.5]]",,,
2026-08-20,IR,Bearish,79.33000183105469,Industrials,Specialty Industrial Machinery,1.5,1.0,1.5,"[[""Weekly DM9 Top"", 3, 1.5]]",,,
2026-08-20,TBBK,Bearish,66.91000366210938,Financial,Banks - Regional,1.5,1.0,1.5,"[[""Weekly DM9 Top"", 3, 1.5]]",,,
2026-08-20,ROP,Bearish,410.45001220703125,Technology,Software - Application,1.5,1.0,1.5,"[[""Weekly DM9 Top"", 3, 1.5]]",,,
2026-08-20,CRSP,Bearish,58.119998931884766,Healthcare,Biotechnology,1.5,1.0,1.5,"[[""Daily DM13 Top"", 5, 1.5]]",,,
2026-08-20,PCOR,Bearish,63.279998779296875,Technology,Software - Application,1.5,1.0,1.5,"[[""Daily DM13 Top"", 5, 1.5]]",,,
2026-08-20,BALL,Bearish,62.61000061035156,Consumer Cyclical,Packaging & Containers,1.5,1.0,1.5,"[[""Weekly DM9 Top"", 3, 1.5]]",,,
2026-08-20,NTNX,Bearish,66.33000183105469,Technology,Software - Infrastructure,1.5,1.0,1.5,"[[""Daily DM13 Top"", 5, 1.5]]",,,
2026-08-20,SYBT,Bearish,82.05000305175781,Financial,Banks - Regional,1.5,1.0,1.5,"[[""Weekly DM9 Top"", 3, 1.5]]",,,
2026-08-20,TRP,Bullish,63.029998779296875,Energy,Oil & Gas Midstream,1.5,1.0,1.5,"[[""Daily DM13 Bottom"", 5, 1.5]]",,,
2026-08-20,PL,Bullish,22.170000076293945,Industrials,Aerospace & Defense,1.33,1.1,1.47,"[[""Weekly DM9 Bottom"", 4, 1.3333333333333335]]",,,
2026-08-20,BKSY,Bullish,26.729999542236328,Industrials,Specialty Business Services,1.33,1.1,1.47,"[[""Weekly DM9 Bottom"", 4, 1.3333333333333335]]",,,
2026-08-20,KGC,Bullish,31.43000030517578,Basic Materials,Gold,1.33,1.1,1.47,"[[""Weekly DM9 Bottom"", 4, 1.3333333333333335]]",,,
2026-08-20,RF,Bearish,30.219999313354492,Financial,Banks - Regional,1.33,1.1,1.47,"[[""Weekly DM9 Top"", 4, 1.3333333333333335]]",,,
2026-08-20,PFS,Bearish,23.690000534057617,Financial,Banks - Regional,1.33,1.1,1.47,"[[""Weekly DM9 Top"", 4, 1.3333333333333335]]",,,
2026-08-20,PINS,Bearish,23.229999542236328,Communication Services,Internet Content & Information,1.33,1.1,1.47,"[[""Weekly DM9 Top"", 4, 1.3333333333333335]]",,,
2026-08-20,ARQT,Bearish,25.350000381469727,Healthcare,Biotechnology,1.33,1.1,1.47,"[[""Weekly DM9 Top"", 4, 1.3333333333333335]]",,,
2026-08-20,BN,Bullish,41.369998931884766,Financial,Asset Management,1.33,1.1,1.47,"[[""Weekly DM9 Bottom"", 4, 1.3333333333333335]]",,,
2026-08-20,UBSI,Bearish,47.70000076293945,Financial,Banks - Regional,1.33,1.1,1.47,"[[""Weekly DM9 Top"", 4, 1.3333333333333335]]",,,
2026-08-20,B,Bullish,46.27000045776367,Basic Materials,Gold,1.33,1.1,1.47,"[[""Weekly DM9 Bottom"", 4, 1.3333333333333335]]",,,
2026-08-20,FBP,Bearish,28.219999313354492,Financial,Banks - Regional,1.33,1.1,1.47,"[[""Weekly DM9 Top"", 4, 1.3333333333333335]]",,,
2026-08-20,CX,Bullish,10.600000381469727,Basic Materials,Building Materials,1.2,1.2,1.44,"[[""Daily DM13 Bottom"", 8, 1.2]]",,,
2026-08-20,BSX,Bearish,49.369998931884766,Healthcare,Medical Devices,1.3,1.1,1.43,"[[""Daily DM13 Top"", 7, 1.3]]",,,
2026-08-20,EPRT,Bullish,31.170000076293945,Real Estate,REIT - Retail,1.3,1.1,1.43,"[[""Daily DM13 Bottom"", 7, 1.3]]",,,
2026-08-20,FR,Bullish,62.619998931884766,Real Estate,REIT - Industrial,1.4,1.0,1.4,"[[""Daily DM13 Bottom"", 6, 1.4]]",,,
2026-08-20,WDAY,Bearish,197.32000732421875,Technology,Software - Application,1.4,1.0,1.4,"[[""Daily DM13 Top"", 6, 1.4]]",,,
2026-08-20,SAP,Bearish,217.08999633789062,Technology,Software - Application,1.4,1.0,1.4,"[[""Daily DM13 Top"", 6, 1.4]]",,,
2026-08-20,ENB,Bullish,50.9900016784668,Energy,Oil & Gas Midstream,1.4,1.0,1.4,"[[""Daily DM13 Bottom"", 6, 1.4]]",,,
2026-08-20,LAC,Bullish,2.9700000286102295,Basic Materials,Other Industrial Metals & Mining,1.17,1.2,1.4,"[[""Weekly DM9 Bottom"", 5, 1.1666666666666665]]",,,
2026-08-20,TEAM,Bearish,174.91000366210938,Technology,Software - Application,1.4,1.0,1.4,"[[""Daily DM13 Top"", 6, 1.4]]",,,
2026-08-20,REG,Bullish,76.51000213623047,Real Estate,REIT - Retail,1.4,1.0,1.4,"[[""Daily DM13 Bottom"", 6, 1.4]]",,,
2026-08-20,NOW,Bearish,129.75,Technology,Software - Application,1.4,1.0,1.4,"[[""Daily DM13 Top"", 6, 1.4]]",,,
2026-08-20,ZM,Bearish,106.30000305175781,Technology,Software - Application,1.4,1.0,1.4,"[[""Daily DM13 Top"", 6, 1.4]]",,,
2026-08-20,LWLG,Bullish,6.099999904632568,Basic Materials,Specialty Chemicals,1.17,1.2,1.4,"[[""Weekly DM9 Bottom"", 5, 1.1666666666666665]]",,,
2026-08-20,SNAP,Bullish,5.210000038146973,Communication Services,Internet Content & Information,1.17,1.2,1.4,"[[""Weekly DM9 Bottom"", 5, 1.1666666666666665]]",,,
2026-08-20,TGT,Bearish,158.25,Consumer Defensive,Discount Stores,1.4,1.0,1.4,"[[""Daily DM13 Top"", 6, 1.4]]",,,
2026-08-20,MDB,Bearish,420.3699951171875,Technology,Software - Infrastructure,1.4,1.0,1.4,"[[""Daily DM13 Top"", 6, 1.4]]",,,
2026-08-20,USB,Bearish,61.779998779296875,Financial,Banks - Regional,1.33,1.0,1.33,"[[""Weekly DM9 Top"", 4, 1.3333333333333335]]",,,
2026-08-20,TRV,Bearish,364.489990234375,Financial,Insurance - Property & Casualty,1.33,1.0,1.33,"[[""Weekly DM9 Top"", 4, 1.3333333333333335]]",,,
2026-08-20,WFC,Bearish,83.69999694824219,Financial,Banks - Diversified,1.33,1.0,1.33,"[[""Weekly DM9 Top"", 4, 1.3333333333333335]]",,,
2026-08-20,LW,Bearish,53.470001220703125,Consumer Defensive,Packaged Foods,1.33,1.0,1.33,"[[""Weekly DM9 Top"", 4, 1.3333333333333335]]",,,
2026-08-20,PAAS,Bullish,51.91999816894531,Basic Materials,Gold,1.33,1.0,1.33,"[[""Weekly DM9 Bottom"", 4, 1.3333333333333335]]",,,
2026-08-20,ENS,Bullish,189.97000122070312,Industrials,Electrical Equipment & Parts,1.33,1.0,1.33,"[[""Weekly DM9 Bottom"", 4, 1.3333333333333335]]",,,
2026-08-20,CCEP,Bearish,106.8499984741211,Consumer Defensive,Beverages - Non-Alcoholic,1.33,1.0,1.33,"[[""Weekly DM9 Top"", 4, 1.3333333333333335]]",,,
2026-08-20,WPM,Bullish,150.25,Basic Materials,Gold,1.33,1.0,1.33,"[[""Weekly DM9 Bottom"", 4, 1.3333333333333335]]",,,
2026-08-20,WSFS,Bearish,79.9000015258789,Financial,Banks - Regional,1.33,1.0,1.33,"[[""Weekly DM9 Top"", 4, 1.3333333333333335]]",,,
2026-08-20,VRSK,Bearish,187.67999267578125,Industrials,Consulting Services,1.33,1.0,1.33,"[[""Weekly DM9 Top"", 4, 1.3333333333333335]]",,,
2026-08-20,HSY,Bullish,188.30999755859375,Consumer Defensive,Confectioners,1.33,1.0,1.33,"[[""Weekly DM9 Bottom"", 4, 1.3333333333333335]]",,,
2026-08-20,CDW,Bearish,133.5399932861328,Technology,Information Technology Services,1.33,1.0,1.33,"[[""Weekly DM9 Top"", 4, 1.3333333333333335]]",,,
2026-08-20,PCAR,Bearish,128.94000244140625,Industrials,Farm & Heavy Construction Machinery,1.33,1.0,1.33,"[[""Weekly DM9 Top"", 4, 1.3333333333333335]]",,,
2026-08-20,CRCL,Bullish,83.66000366210938,Financial,Capital Markets,1.33,1.0,1.33,"[[""Weekly DM9 Bottom"", 4, 1.3333333333333335]]",,,
2026-08-20,GSAT,Bullish,82.0,Communication Services,Telecom Services,1.33,1.0,1.33,"[[""Weekly DM9 Bottom"", 4, 1.3333333333333335]]",,,
2026-08-20,ALL,Bearish,254.5399932861328,Financial,Insurance - Property & Casualty,1.33,1.0,1.33,"[[""Weekly DM9 Top"", 4, 1.3333333333333335]]",,,
2026-08-20,ZION,Bearish,67.88999938964844,Financial,Banks - Regional,1.33,1.0,1.33,"[[""Weekly DM9 Top"", 4, 1.3333333333333335]]",,,
2026-08-20,MTB,Bearish,238.25,Financial,Banks - Regional,1.33,1.0,1.33,"[[""Weekly DM9 Top"", 4, 1.3333333333333335]]",,,
2026-08-20,CFG,Bearish,69.70999908447266,Financial,Banks - Regional,1.33,1.0,1.33,"[[""Weekly DM9 Top"", 4, 1.3333333333333335]]",,,
2026-08-20,HMY,Bearish,22.020000457763672,Basic Materials,Gold,1.2,1.1,1.32,"[[""Daily DM13 Top"", 8, 1.2]]",,,
2026-08-20,RSI,Bullish,25.610000610351562,Consumer Cyclical,Gambling,1.2,1.1,1.32,"[[""Daily DM13 Bottom"", 8, 1.2]]",,,
2026-08-20,AMX,Bullish,23.389999389648438,Communication Services,Telecom Services,1.2,1.1,1.32,"[[""Daily DM13 Bottom"", 8, 1.2]]",,,
2026-08-20,CLNE,Bullish,1.6100000143051147,Energy,Oil & Gas Refining & Marketing,1.1,1.2,1.32,"[[""Daily DM13 Bottom"", 9, 1.1]]",,,
2026-08-20,CGAU,Bearish,23.489999771118164,Basic Materials,Gold,1.2,1.1,1.32,"[[""Daily DM13 Top"", 8, 1.2]]",,,
2026-08-20,RNG,Bearish,65.58000183105469,Technology,Software - Application,1.3,1.0,1.3,"[[""Daily DM13 Top"", 7, 1.3]]",,,
2026-08-20,CTSH,Bearish,60.91999816894531,Technology,Information Technology Services,1.3,1.0,1.3,"[[""Daily DM13 Top"", 7, 1.3]]",,,
2026-08-20,RYAN,Bearish,43.040000915527344,Financial,Insurance - Specialty,1.17,1.1,1.28,"[[""Weekly DM9 Top"", 5, 1.1666666666666665]]",,,
2026-08-20,IP,Bearish,40.36000061035156,Consumer Cyclical,Packaging & Containers,1.17,1.1,1.28,"[[""Weekly DM9 Top"", 5, 1.1666666666666665]]",,,
2026-08-20,AMSC,Bullish,30.049999237060547,Industrials,Specialty Industrial Machinery,1.17,1.1,1.28,"[[""Weekly DM9 Bottom"", 5, 1.1666666666666665]]",,,
2026-08-20,CPRT,Bullish,34.33000183105469,Industrials,Specialty Business Services,1.17,1.1,1.28,"[[""Weekly DM9 Bottom"", 5, 1.1666666666666665]]",,,
2026-08-20,TGLS,Bearish,40.58000183105469,Basic Materials,Building Materials,1.17,1.1,1.28,"[[""Weekly DM9 Top"", 5, 1.1666666666666665]]",,,
2026-08-20,ROL,Bullish,36.380001068115234,Consumer Cyclical,Personal Services,1.1,1.1,1.21,"[[""Daily DM13 Bottom"", 9, 1.1]]",,,
2026-08-20,QDEL,Bearish,14.850000381469727,Healthcare,Medical Devices,1.0,1.2,1.2,"[[""Weekly DM9 Top"", 6, 1.0]]",,,
2026-08-20,ARLO,Bullish,13.039999961853027,Industrials,Building Products & Equipment,1.0,1.2,1.2,"[[""Daily DM9 Bottom"", 0, 1.0]]",,,
2026-08-20,HLMN,Bullish,8.3100004196167,Industrials,Tools & Accessories,1.0,1.2,1.2,"[[""Daily DM9 Bottom"", 0, 1.0]]",,,
2026-08-20,SSL,Bearish,12.270000457763672,Basic Materials,Specialty Chemicals,1.0,1.2,1.2,"[[""Daily DM9 Top"", 0, 1.0]]",,,
2026-08-20,KOS,Bearish,3.0199999809265137,Energy,Oil & Gas E&P,1.0,1.2,1.2,"[[""Daily DM9 Top"", 0, 1.0]]",,,
2026-08-20,PENN,Bullish,18.440000534057617,Consumer Cyclical,Resorts & Casinos,1.0,1.2,1.2,"[[""Daily DM9 Bottom"", 0, 1.0]]",,,
2026-08-20,NEO,Bearish,16.530000686645508,Healthcare,Diagnostics & Research,1.0,1.2,1.2,"[[""Weekly DM9 Top"", 6, 1.0]]",,,
2026-08-20,SOUN,Bullish,6.96999979019165,Technology,Software - Application,1.0,1.2,1.2,"[[""Weekly DM9 Bottom"", 6, 1.0]]",,,
2026-08-20,SFIX,Bullish,3.3399999141693115,Consumer Cyclical,Apparel Retail,1.0,1.2,1.2,"[[""Daily DM9 Bottom"", 0, 1.0]]",,,
2026-08-20,NTAP,Bearish,192.80999755859375,Technology,Software - Infrastructure,1.2,1.0,1.2,"[[""Daily DM13 Top"", 8, 1.2]]",,,
2026-08-20,KD,Bullish,12.3100004196167,Technology,Information Technology Services,1.0,1.2,1.2,"[[""Daily DM9 Bottom"", 0, 1.0]]",,,
2026-08-20,XHR,Bearish,19.389999389648438,Real Estate,REIT - Hotel & Motel,1.0,1.2,1.2,"[[""Weekly DM9 Top"", 6, 1.0]]",,,
2026-08-20,GME,Bullish,18.040000915527344,Consumer Cyclical,Specialty Retail,1.0,1.2,1.2,"[[""Daily DM9 Bottom"", 0, 1.0]]",,,
2026-08-20,URG,Bullish,1.3300000429153442,Energy,Uranium,1.0,1.2,1.2,"[[""Weekly DM9 Bottom"", 6, 1.0]]",,,
2026-08-20,EYE,Bullish,18.389999389648438,Consumer Cyclical,Specialty Retail,1.0,1.2,1.2,"[[""Daily DM9 Bottom"", 0, 1.0]]",,,
2026-08-20,BANC,Bearish,18.649999618530273,Financial,Banks - Regional,1.0,1.2,1.2,"[[""Weekly DM9 Top"", 6, 1.0]]",,,
2026-08-20,UROY,Bullish,4.150000095367432,Energy,Uranium,1.0,1.2,1.2,"[[""Weekly DM9 Bottom"", 6, 1.0]]",,,
2026-08-20,VLY,Bearish,14.119999885559082,Financial,Banks - Regional,1.0,1.2,1.2,"[[""Weekly DM9 Top"", 6, 1.0]]",,,
2026-08-20,SPGI,Bullish,432.1600036621094,Financial,Financial Data & Stock Exchanges,1.2,1.0,1.2,"[[""Daily DM13 Bottom"", 8, 1.2]]",,,
2026-08-20,TALO,Bearish,17.75,Energy,Oil & Gas E&P,1.0,1.2,1.2,"[[""Daily DM9 Top"", 0, 1.0]]",,,
2026-08-20,BORR,Bullish,4.429999828338623,Energy,Oil & Gas Drilling,1.0,1.2,1.2,"[[""Weekly DM9 Bottom"", 6, 1.0]]",,,
2026-08-20,HAYW,Bullish,14.720000267028809,Industrials,Electrical Equipment & Parts,1.0,1.2,1.2,"[[""Daily DM9 Bottom"", 0, 1.0]]",,,
2026-08-20,PTEN,Bearish,12.180000305175781,Energy,Oil & Gas Drilling,1.0,1.2,1.2,"[[""Daily DM9 Top"", 0, 1.0]]",,,
2026-08-20,PNC,Bearish,241.6199951171875,Financial,Banks - Regional,1.17,1.0,1.17,"[[""Weekly DM9 Top"", 5, 1.1666666666666665]]",,,
2026-08-20,PWR,Bullish,662.469970703125,Industrials,Engineering & Construction,1.17,1.0,1.17,"[[""Weekly DM9 Bottom"", 5, 1.1666666666666665]]",,,
2026-08-20,CWT,Bearish,50.02000045776367,Utilities,Utilities - Regulated Water,1.17,1.0,1.17,"[[""Weekly DM9 Top"", 5, 1.1666666666666665]]",,,
2026-08-20,LITE,Bullish,879.280029296875,Technology,Communication Equipment,1.17,1.0,1.17,"[[""Weekly DM9 Bottom"", 5, 1.1666666666666665]]",,,
2026-08-20,SYY,Bearish,83.05999755859375,Consumer Defensive,Food Distribution,1.17,1.0,1.17,"[[""Weekly DM9 Top"", 5, 1.1666666666666665]]",,,
2026-08-20,GOOGL,Bullish,340.6700134277344,Communication Services,Internet Content & Information,1.17,1.0,1.17,"[[""Weekly DM9 Bottom"", 5, 1.1666666666666665]]",,,
2026-08-20,RH,Bearish,156.41000366210938,Consumer Cyclical,Specialty Retail,1.17,1.0,1.17,"[[""Weekly DM9 Top"", 5, 1.1666666666666665]]",,,
2026-08-20,DAVE,Bearish,335.010009765625,Technology,Software - Application,1.17,1.0,1.17,"[[""Weekly DM9 Top"", 5, 1.1666666666666665]]",,,
2026-08-20,AXON,Bearish,614.260009765625,Industrials,Aerospace & Defense,1.17,1.0,1.17,"[[""Weekly DM9 Top"", 5, 1.1666666666666665]]",,,
2026-08-20,NTRA,Bearish,324.8399963378906,Healthcare,Diagnostics & Research,1.17,1.0,1.17,"[[""Weekly DM9 Top"", 5, 1.1666666666666665]]",,,
2026-08-20,ETSY,Bearish,81.20999908447266,Consumer Cyclical,Internet Retail,1.17,1.0,1.17,"[[""Weekly DM9 Top"", 5, 1.1666666666666665]]",,,
2026-08-20,DBD,Bearish,67.80999755859375,Technology,Software - Application,1.17,1.0,1.17,"[[""Weekly DM9 Top"", 5, 1.1666666666666665]]",,,
2026-08-20,SNPS,Bullish,397.9200134277344,Technology,Software - Infrastructure,1.17,1.0,1.17,"[[""Weekly DM9 Bottom"", 5, 1.1666666666666665]]",,,
2026-08-20,COST,Bullish,933.510009765625,Consumer Defensive,Discount Stores,1.17,1.0,1.17,"[[""Weekly DM9 Bottom"", 5, 1.1666666666666665]]",,,
2026-08-20,HSIC,Bearish,88.45999908447266,Healthcare,Medical Distribution,1.17,1.0,1.17,"[[""Weekly DM9 Top"", 5, 1.1666666666666665]]",,,
2026-08-20,FCFS,Bullish,205.91000366210938,Financial,Credit Services,1.17,1.0,1.17,"[[""Weekly DM9 Bottom"", 5, 1.1666666666666665]]",,,
2026-08-20,ORC,Bearish,6.710000038146973,Real Estate,REIT - Mortgage,0.95,1.2,1.14,"[[""Daily DM9 Top"", 1, 0.95]]",,,
2026-08-20,LFST,Bearish,12.649999618530273,Healthcare,Medical Care Facilities,0.95,1.2,1.14,"[[""Daily DM9 Top"", 1, 0.95]]",,,
2026-08-20,DHT,Bearish,19.799999237060547,Energy,Oil & Gas Midstream,0.95,1.2,1.14,"[[""Daily DM9 Top"", 1, 0.95]]",,,
2026-08-20,OGN,Bearish,13.739999771118164,Healthcare,Drug Manufacturers - General,0.95,1.2,1.14,"[[""Daily DM9 Top"", 1, 0.95]]",,,
2026-08-20,CNDT,Bullish,1.5499999523162842,Technology,Information Technology Services,0.95,1.2,1.14,"[[""Daily DM9 Bottom"", 1, 0.95]]",,,
2026-08-20,AGNC,Bearish,10.920000076293945,Real Estate,REIT - Mortgage,0.95,1.2,1.14,"[[""Daily DM9 Top"", 1, 0.95]]",,,
2026-08-20,AAL,Bullish,13.520000457763672,Industrials,Airlines,0.95,1.2,1.14,"[[""Daily DM9 Bottom"", 1, 0.95]]",,,
2026-08-20,ULCC,Bullish,5.760000228881836,Industrials,Airlines,0.95,1.2,1.14,"[[""Daily DM9 Bottom"", 1, 0.95]]",,,
2026-08-20,METC,Bearish,11.149999618530273,Basic Materials,Coking Coal,0.95,1.2,1.14,"[[""Daily DM9 Top"", 1, 0.95]]",,,
2026-08-20,ADT,Bullish,7.369999885559082,Industrials,Security & Protection Services,0.95,1.2,1.14,"[[""Daily DM9 Bottom"", 1, 0.95]]",,,
2026-08-20,ARCO,Bullish,7.800000190734863,Consumer Cyclical,Restaurants,0.95,1.2,1.14,"[[""Daily DM9 Bottom"", 1, 0.95]]",,,
2026-08-20,RPAY,Bullish,3.859999895095825,Technology,Software - Infrastructure,0.95,1.2,1.14,"[[""Daily DM9 Bottom"", 1, 0.95]]",,,
2026-08-20,STUB,Bullish,6.829999923706055,Consumer Cyclical,Internet Retail,0.95,1.2,1.14,"[[""Daily DM9 Bottom"", 1, 0.95]]",,,
2026-08-20,KURA,Bearish,11.710000038146973,Healthcare,Biotechnology,0.95,1.2,1.14,"[[""Daily DM9 Top"", 1, 0.95]]",,,
2026-08-20,WIT,Bullish,1.909999966621399,Technology,Information Technology Services,0.95,1.2,1.14,"[[""Daily DM9 Bottom"", 1, 0.95]]",,,
2026-08-20,CAN,Bullish,0.27889999747276306,Technology,Computer Hardware,2.25,0.5,1.12,"[[""Weekly DM13 Bottom"", 3, 2.25]]",,,
2026-08-20,MVST,Bullish,0.7838000059127808,Consumer Cyclical,Auto Parts,2.25,0.5,1.12,"[[""Weekly DM13 Bottom"", 3, 2.25]]",,,
2026-08-20,FFIN,Bearish,34.22999954223633,Financial,Banks - Regional,1.0,1.1,1.1,"[[""Weekly DM9 Top"", 6, 1.0]]",,,
2026-08-20,DD,Bearish,138.4600067138672,Basic Materials,Specialty Chemicals,1.1,1.0,1.1,"[[""Daily DM13 Top"", 9, 1.1]]",,,
2026-08-20,LAUR,Bearish,37.560001373291016,Consumer Defensive,Education & Training Services,1.0,1.1,1.1,"[[""Weekly DM9 Top"", 6, 1.0]]",,,
2026-08-20,BCS,Bearish,26.489999771118164,Financial,Banks - Diversified,1.0,1.1,1.1,"[[""Weekly DM9 Top"", 6, 1.0]]",,,
2026-08-20,MGY,Bearish,28.219999313354492,Energy,Oil & Gas E&P,1.0,1.1,1.1,"[[""Daily DM9 Top"", 0, 1.0]]",,,
2026-08-20,DOW,Bullish,32.900001525878906,Basic Materials,Chemicals,1.0,1.1,1.1,"[[""Weekly DM9 Bottom"", 6, 1.0]]",,,
2026-08-20,WAFD,Bearish,36.650001525878906,Financial,Banks - Regional,1.0,1.1,1.1,"[[""Weekly DM9 Top"", 6, 1.0]]",,,
2026-08-20,AXTA,Bullish,35.5,Basic Materials,Specialty Chemicals,1.0,1.1,1.1,"[[""Daily DM9 Bottom"", 0, 1.0]]",,,
2026-08-20,REYN,Bearish,25.5,Consumer Cyclical,Packaging & Containers,1.0,1.1,1.1,"[[""Weekly DM9 Top"", 6, 1.0]]",,,
2026-08-20,ZWS,Bullish,48.81999969482422,Industrials,Pollution & Treatment Controls,1.0,1.1,1.1,"[[""Daily DM9 Bottom"", 0, 1.0]]",,,
2026-08-20,ATAT,Bullish,34.25,Consumer Cyclical,Lodging,1.0,1.1,1.1,"[[""Weekly DM9 Bottom"", 6, 1.0]]",,,
2026-08-20,VERA,Bullish,31.260000228881836,Healthcare,Biotechnology,1.0,1.1,1.1,"[[""Daily DM13 Bottom"", 10, 1.0]]",,,
2026-08-20,VVV,Bearish,33.810001373291016,Consumer Cyclical,Auto & Truck Dealerships,1.0,1.1,1.1,"[[""Weekly DM9 Top"", 6, 1.0]]",,,
2026-08-20,ROIV,Bearish,36.84000015258789,Healthcare,Biotechnology,1.0,1.1,1.1,"[[""Weekly DM9 Top"", 6, 1.0]]",,,
2026-08-20,ET,Bearish,21.209999084472656,Energy,Oil & Gas Midstream,1.0,1.1,1.1,"[[""Daily DM9 Top"", 0, 1.0]]",,,
2026-08-20,WHR,Bullish,40.470001220703125,Consumer Cyclical,"Furnishings, Fixtures & Appliances",1.0,1.1,1.1,"[[""Daily DM9 Bottom"", 0, 1.0]]",,,
2026-08-20,SM,Bearish,37.63999938964844,Energy,Oil & Gas E&P,1.0,1.1,1.1,"[[""Daily DM9 Top"", 0, 1.0]]",,,
2026-08-20,HASI,Bullish,40.619998931884766,Financial,Asset Management,1.0,1.1,1.1,"[[""Weekly DM9 Bottom"", 6, 1.0]]",,,
2026-08-20,CVE,Bearish,32.47999954223633,Energy,Oil & Gas Integrated,1.0,1.1,1.1,"[[""Daily DM9 Top"", 0, 1.0]]",,,
2026-08-20,FULT,Bearish,23.6200008392334,Financial,Banks - Regional,1.0,1.1,1.1,"[[""Weekly DM9 Top"", 6, 1.0]]",,,
2026-08-20,CENT,Bearish,43.970001220703125,Consumer Defensive,Packaged Foods,1.0,1.1,1.1,"[[""Weekly DM9 Top"", 6, 1.0]]",,,
2026-08-20,PRVA,Bullish,21.200000762939453,Healthcare,Health Information Services,1.0,1.1,1.1,"[[""Daily DM13 Bottom"", 10, 1.0]]",,,
2026-08-20,MWA,Bullish,25.1299991607666,Industrials,Specialty Industrial Machinery,1.0,1.1,1.1,"[[""Daily DM9 Bottom"", 0, 1.0]]",,,
2026-08-20,LDOS,Bearish,141.3699951171875,Technology,Information Technology Services,1.1,1.0,1.1,"[[""Daily DM13 Top"", 9, 1.1]]",,,
2026-08-20,HAL,Bearish,35.689998626708984,Energy,Oil & Gas Equipment & Services,1.0,1.1,1.1,"[[""Daily DM9 Top"", 0, 1.0]]",,,
2026-08-20,LUV,Bearish,39.88999938964844,Industrials,Airlines,1.0,1.1,1.1,"[[""Weekly DM9 Top"", 6, 1.0]]",,,
2026-08-20,CDP,Bearish,37.119998931884766,Real Estate,REIT - Office,1.0,1.1,1.1,"[[""Weekly DM9 Top"", 6, 1.0]]",,,
2026-08-20,PR,Bearish,23.8700008392334,Energy,Oil & Gas E&P,1.0,1.1,1.1,"[[""Daily DM9 Top"", 0, 1.0]]",,,
2026-08-20,FFBC,Bearish,32.95000076293945,Financial,Banks - Regional,1.0,1.1,1.1,"[[""Weekly DM9 Top"", 6, 1.0]]",,,
2026-08-20,GRPN,Bullish,19.600000381469727,Communication Services,Internet Content & Information,0.9,1.2,1.08,"[[""Daily DM9 Bottom"", 2, 0.9]]",,,
2026-08-20,EVH,Bearish,4.699999809265137,Healthcare,Health Information Services,0.9,1.2,1.08,"[[""Daily DM9 Top"", 2, 0.9]]",,,
2026-08-20,CMPX,Bearish,2.359999895095825,Healthcare,Biotechnology,0.9,1.2,1.08,"[[""Daily DM9 Top"", 2, 0.9]]",,,
2026-08-20,SBS,Bullish,4.460000038146973,Utilities,Utilities - Regulated Water,0.9,1.2,1.08,"[[""Daily DM9 Bottom"", 2, 0.9]]",,,
2026-08-20,CIG,Bullish,1.8799999952316284,Utilities,Utilities - Diversified,0.9,1.2,1.08,"[[""Daily DM9 Bottom"", 2, 0.9]]",,,
2026-08-20,PBI,Bullish,16.170000076293945,Industrials,Integrated Freight & Logistics,0.9,1.2,1.08,"[[""Daily DM9 Bottom"", 2, 0.9]]",,,
2026-08-20,CRON,Bearish,3.2200000286102295,Healthcare,Drug Manufacturers - Specialty & Generic,0.9,1.2,1.08,"[[""Daily DM9 Top"", 2, 0.9]]",,,
2026-08-20,VRRM,Bullish,4.659999847412109,Technology,Information Technology Services,0.9,1.2,1.08,"[[""Daily DM9 Bottom"", 2, 0.9]]",,,
2026-08-20,GOGO,Bullish,2.630000114440918,Communication Services,Telecom Services,0.9,1.2,1.08,"[[""Daily DM9 Bottom"", 2, 0.9]]",,,
2026-08-20,TDUP,Bullish,2.75,Consumer Cyclical,Internet Retail,0.9,1.2,1.08,"[[""Daily DM9 Bottom"", 2, 0.9]]",,,
2026-08-20,IOVA,Bearish,8.989999771118164,Healthcare,Biotechnology,0.9,1.2,1.08,"[[""Daily DM9 Top"", 2, 0.9]]",,,
2026-08-20,ITUB,Bullish,7.170000076293945,Financial,Banks - Regional,0.9,1.2,1.08,"[[""Daily DM9 Bottom"", 2, 0.9]]",,,
2026-08-20,UP,Bullish,4.920000076293945,Industrials,Airports & Air Services,0.9,1.2,1.08,"[[""Daily DM9 Bottom"", 2, 0.9]]",,,
2026-08-20,ZGN,Bullish,13.630000114440918,Consumer Cyclical,Apparel Manufacturing,0.9,1.2,1.08,"[[""Daily DM9 Bottom"", 2, 0.9]]",,,
2026-08-20,NOG,Bearish,26.90999984741211,Energy,Oil & Gas E&P,0.95,1.1,1.04,"[[""Daily DM9 Top"", 1, 0.95]]",,,
2026-08-20,NLY,Bearish,23.290000915527344,Real Estate,REIT - Mortgage,0.95,1.1,1.04,"[[""Daily DM9 Top"", 1, 0.95]]",,,
2026-08-20,SNY,Bearish,45.150001525878906,Healthcare,Drug Manufacturers - General,0.95,1.1,1.04,"[[""Daily DM9 Top"", 1, 0.95]]",,,
2026-08-20,M,Bullish,22.579999923706055,Consumer Cyclical,Department Stores,0.95,1.1,1.04,"[[""Daily DM9 Bottom"", 1, 0.95]]",,,
2026-08-20,IBN,Bullish,29.670000076293945,Financial,Banks - Regional,0.95,1.1,1.04,"[[""Daily DM9 Bottom"", 1, 0.95]]",,,
2026-08-20,NE,Bearish,46.97999954223633,Energy,Oil & Gas Drilling,0.95,1.1,1.04,"[[""Daily DM9 Top"", 1, 0.95]]",,,
2026-08-20,GTES,Bullish,25.889999389648438,Industrials,Specialty Industrial Machinery,0.95,1.1,1.04,"[[""Daily DM9 Bottom"", 1, 0.95]]",,,
2026-08-20,SARO,Bullish,25.229999542236328,Industrials,Aerospace & Defense,0.95,1.1,1.04,"[[""Daily DM9 Bottom"", 1, 0.95]]",,,
2026-08-20,TNGX,Bullish,23.510000228881836,Healthcare,Biotechnology,0.95,1.1,1.04,"[[""Daily DM9 Bottom"", 1, 0.95]]",,,
2026-08-20,ALK,Bullish,40.18000030517578,Industrials,Airlines,0.95,1.1,1.04,"[[""Daily DM9 Bottom"", 1, 0.95]]",,,
2026-08-20,ZTO,Bullish,21.3799991607666,Industrials,Integrated Freight & Logistics,0.95,1.1,1.04,"[[""Daily DM9 Bottom"", 1, 0.95]]",,,
2026-08-20,FBIN,Bullish,44.97999954223633,Industrials,Building Products & Equipment,0.95,1.1,1.04,"[[""Daily DM9 Bottom"", 1, 0.95]]",,,
2026-08-20,PLTK,Bullish,2.3499999046325684,Communication Services,Electronic Gaming & Multimedia,0.85,1.2,1.02,"[[""Daily DM9 Bottom"", 3, 0.85]]",,,
2026-08-20,WB,Bullish,7.190000057220459,Communication Services,Internet Content & Information,0.85,1.2,1.02,"[[""Daily DM9 Bottom"", 3, 0.85]]",,,
2026-08-20,INN,Bullish,6.159999847412109,Real Estate,REIT - Hotel & Motel,0.85,1.2,1.02,"[[""Daily DM9 Bottom"", 3, 0.85]]",,,
2026-08-20,XRAY,Bullish,10.779999732971191,Healthcare,Medical Instruments & Supplies,0.85,1.2,1.02,"[[""Daily DM9 Bottom"", 3, 0.85]]",,,
2026-08-20,CSAN,Bullish,2.5399999618530273,Energy,Oil & Gas Refining & Marketing,0.85,1.2,1.02,"[[""Daily DM9 Bottom"", 3, 0.85]]",,,
2026-08-20,VTEX,Bullish,3.680000066757202,Technology,Software - Application,0.85,1.2,1.02,"[[""Daily DM9 Bottom"", 3, 0.85]]",,,
2026-08-20,DX,Bearish,13.25,Real Estate,REIT - Mortgage,0.85,1.2,1.02,"[[""Daily DM9 Top"", 3, 0.85]]",,,
2026-08-20,STNE,Bullish,9.15999984741211,Technology,Software - Infrastructure,0.85,1.2,1.02,"[[""Daily DM9 Bottom"", 3, 0.85]]",,,
2026-08-20,FINV,Bullish,4.400000095367432,Financial,Credit Services,0.85,1.2,1.02,"[[""Daily DM9 Bottom"", 3, 0.85]]",,,
2026-08-20,VAC,Bearish,110.27999877929688,Consumer Cyclical,Resorts & Casinos,1.0,1.0,1.0,"[[""Weekly DM9 Top"", 6, 1.0]]",,,
2026-08-20,DEFT,Bullish,0.5149000287055969,Financial,Capital Markets,2.0,0.5,1.0,"[[""Weekly DM13 Bottom"", 4, 2.0]]",,,
2026-08-20,TTE,Bearish,90.9000015258789,Energy,Oil & Gas Integrated,1.0,1.0,1.0,"[[""Daily DM9 Top"", 0, 1.0]]",,,
2026-08-20,LYB,Bullish,68.0999984741211,Basic Materials,Specialty Chemicals,1.0,1.0,1.0,"[[""Weekly DM9 Bottom"", 6, 1.0]]",,,
2026-08-20,TOL,Bullish,145.1199951171875,Consumer Cyclical,Residential Construction,1.0,1.0,1.0,"[[""Daily DM9 Bottom"", 0, 1.0]]",,,
2026-08-20,EFSC,Bearish,64.01000213623047,Financial,Banks - Regional,1.0,1.0,1.0,"[[""Weekly DM9 Top"", 6, 1.0]]",,,
2026-08-20,WMT,Bullish,103.83999633789062,Consumer Defensive,Discount Stores,1.0,1.0,1.0,"[[""Weekly DM9 Bottom"", 6, 1.0]]",,,
2026-08-20,RYAAY,Bullish,54.5099983215332,Industrials,Airlines,1.0,1.0,1.0,"[[""Daily DM9 Bottom"", 0, 1.0]]",,,
2026-08-20,BMI,Bearish,128.1300048828125,Technology,Scientific & Technical Instruments,1.0,1.0,1.0,"[[""Weekly DM9 Top"", 6, 1.0]]",,,
2026-08-20,PNR,Bullish,63.779998779296875,Industrials,Specialty Industrial Machinery,1.0,1.0,1.0,"[[""Daily DM9 Bottom"", 0, 1.0]]",,,
2026-08-20,LTM,Bullish,50.4900016784668,Industrials,Airlines,1.0,1.0,1.0,"[[""Daily DM9 Bottom"", 0, 1.0]]",,,
2026-08-20,OII,Bearish,52.4900016784668,Energy,Oil & Gas Equipment & Services,1.0,1.0,1.0,"[[""Daily DM9 Top"", 0, 1.0]]",,,
2026-08-20,CAH,Bearish,228.4600067138672,Healthcare,Medical Distribution,1.0,1.0,1.0,"[[""Weekly DM9 Top"", 6, 1.0]]",,,
2026-08-20,LNG,Bearish,279.1700134277344,Energy,Oil & Gas Midstream,1.0,1.0,1.0,"[[""Daily DM9 Top"", 0, 1.0]]",,,
2026-08-20,MLI,Bearish,61.959999084472656,Industrials,Metal Fabrication,1.0,1.0,1.0,"[[""Daily DM13 Top"", 10, 1.0]]",,,
2026-08-20,SIG,Bullish,81.0199966430664,Consumer Cyclical,Luxury Goods,1.0,1.0,1.0,"[[""Daily DM9 Bottom"", 0, 1.0]]",,,
2026-08-20,INDB,Bearish,83.51000213623047,Financial,Banks - Regional,1.0,1.0,1.0,"[[""Weekly DM9 Top"", 6, 1.0]]",,,
2026-08-20,XOM,Bearish,166.14999389648438,Energy,Oil & Gas Integrated,1.0,1.0,1.0,"[[""Daily DM9 Top"", 0, 1.0]]",,,
2026-08-20,VRTX,Bearish,540.260009765625,Healthcare,Biotechnology,1.0,1.0,1.0,"[[""Weekly DM9 Top"", 6, 1.0]]",,,
2026-08-20,RRR,Bearish,61.09000015258789,Consumer Cyclical,Resorts & Casinos,1.0,1.0,1.0,"[[""Weekly DM9 Top"", 6, 1.0]]",,,
2026-08-20,OSIS,Bullish,218.08999633789062,Technology,Electronic Components,1.0,1.0,1.0,"[[""Daily DM9 Bottom"", 0, 1.0]]",,,
2026-08-20,FANG,Bearish,211.02000427246094,Energy,Oil & Gas E&P,1.0,1.0,1.0,"[[""Daily DM9 Top"", 0, 1.0]]",,,
2026-08-20,DAR,Bearish,67.83999633789062,Consumer Defensive,Packaged Foods,1.0,1.0,1.0,"[[""Daily DM9 Top"", 0, 1.0]]",,,
2026-08-20,POOL,Bullish,190.3300018310547,Industrials,Industrial Distribution,1.0,1.0,1.0,"[[""Daily DM9 Bottom"", 0, 1.0]]",,,
2026-08-20,D,Bearish,67.47000122070312,Utilities,Utilities - Regulated Electric,1.0,1.0,1.0,"[[""Weekly DM9 Top"", 6, 1.0]]",,,
2026-08-20,FND,Bullish,54.70000076293945,Consumer Cyclical,Home Improvement Retail,1.0,1.0,1.0,"[[""Daily DM9 Bottom"", 0, 1.0]]",,,
2026-08-20,PSX,Bearish,240.0,Energy,Oil & Gas Refining & Marketing,1.0,1.0,1.0,"[[""Daily DM9 Top"", 0, 1.0]]",,,
2026-08-20,JEF,Bullish,51.779998779296875,Financial,Capital Markets,1.0,1.0,1.0,"[[""Daily DM9 Bottom"", 0, 1.0]]",,,
2026-08-20,SIGI,Bullish,90.80999755859375,Financial,Insurance - Property & Casualty,1.0,1.0,1.0,"[[""Daily DM9 Bottom"", 0, 1.0]]",,,
2026-08-20,PII,Bullish,64.43000030517578,Consumer Cyclical,Recreational Vehicles,1.0,1.0,1.0,"[[""Daily DM9 Bottom"", 0, 1.0]]",,,
2026-08-20,WLY,Bearish,52.08000183105469,Communication Services,Publishing,1.0,1.0,1.0,"[[""Weekly DM9 Top"", 6, 1.0]]",,,
2026-08-20,BA,Bullish,215.10000610351562,Industrials,Aerospace & Defense,1.0,1.0,1.0,"[[""Daily DM9 Bottom"", 0, 1.0]]",,,
2026-08-20,COP,Bearish,134.88999938964844,Energy,Oil & Gas E&P,1.0,1.0,1.0,"[[""Daily DM9 Top"", 0, 1.0]]",,,
2026-08-20,ICLR,Bearish,174.26499938964844,Healthcare,Diagnostics & Research,1.0,1.0,1.0,"[[""Weekly DM9 Top"", 6, 1.0]]",,,
2026-08-20,FELE,Bullish,103.26000213623047,Industrials,Specialty Industrial Machinery,1.0,1.0,1.0,"[[""Daily DM9 Bottom"", 0, 1.0]]",,,
2026-08-20,CNQ,Bearish,51.029998779296875,Energy,Oil & Gas E&P,1.0,1.0,1.0,"[[""Daily DM9 Top"", 0, 1.0]]",,,
2026-08-20,WTS,Bearish,369.8999938964844,Industrials,Specialty Industrial Machinery,1.0,1.0,1.0,"[[""Weekly DM9 Top"", 6, 1.0]]",,,
2026-08-20,TRGP,Bearish,302.25,Energy,Oil & Gas Midstream,1.0,1.0,1.0,"[[""Daily DM9 Top"", 0, 1.0]]",,,
2026-08-20,CROX,Bullish,123.08999633789062,Consumer Cyclical,Footwear & Accessories,1.0,1.0,1.0,"[[""Daily DM9 Bottom"", 0, 1.0]]",,,
2026-08-20,SHEL,Bearish,93.6500015258789,Energy,Oil & Gas Integrated,1.0,1.0,1.0,"[[""Daily DM9 Top"", 0, 1.0]]",,,
2026-08-20,CARR,Bullish,60.150001525878906,Industrials,Building Products & Equipment,1.0,1.0,1.0,"[[""Daily DM9 Bottom"", 0, 1.0]]",,,
2026-08-20,MSTR,Bullish,112.38999938964844,Technology,Software - Application,1.0,1.0,1.0,"[[""Weekly DM9 Bottom"", 6, 1.0]]",,,
2026-08-20,SNA,Bullish,391.2699890136719,Industrials,Tools & Accessories,1.0,1.0,1.0,"[[""Daily DM9 Bottom"", 0, 1.0]]",,,
2026-08-20,ICE,Bearish,158.61000061035156,Financial,Financial Data & Stock Exchanges,1.0,1.0,1.0,"[[""Daily DM9 Top"", 0, 1.0]]",,,
2026-08-20,FN,Bullish,444.8699951171875,Technology,Electronic Components,1.0,1.0,1.0,"[[""Weekly DM9 Bottom"", 6, 1.0]]",,,
2026-08-20,EIX,Bearish,74.66000366210938,Utilities,Utilities - Regulated Electric,1.0,1.0,1.0,"[[""Weekly DM9 Top"", 6, 1.0]]",,,
2026-08-20,AGYS,Bearish,113.37999725341797,Technology,Software - Application,1.0,1.0,1.0,"[[""Weekly DM9 Top"", 6, 1.0]]",,,
2026-08-20,FBNC,Bearish,64.23999786376953,Financial,Banks - Regional,1.0,1.0,1.0,"[[""Weekly DM9 Top"", 6, 1.0]]",,,
2026-08-20,PPG,Bullish,112.44000244140625,Basic Materials,Specialty Chemicals,1.0,1.0,1.0,"[[""Daily DM9 Bottom"", 0, 1.0]]",,,
2026-08-20,PSMT,Bearish,169.4600067138672,Consumer Defensive,Discount Stores,1.0,1.0,1.0,"[[""Weekly DM9 Top"", 6, 1.0]]",,,
2026-08-20,CVX,Bearish,205.77000427246094,Energy,Oil & Gas Integrated,1.0,1.0,1.0,"[[""Daily DM9 Top"", 0, 1.0]]",,,
2026-08-20,MTX,Bullish,70.45999908447266,Basic Materials,Specialty Chemicals,1.0,1.0,1.0,"[[""Daily DM9 Bottom"", 0, 1.0]]",,,
2026-08-20,LKQ,Bearish,25.979999542236328,Consumer Cyclical,Auto Parts,0.9,1.1,0.99,"[[""Daily DM9 Top"", 2, 0.9]]",,,
2026-08-20,HP,Bearish,44.099998474121094,Energy,Oil & Gas Drilling,0.9,1.1,0.99,"[[""Daily DM9 Top"", 2, 0.9]]",,,
2026-08-20,LEVI,Bullish,21.229999542236328,Consumer Cyclical,Apparel Manufacturing,0.9,1.1,0.99,"[[""Daily DM9 Bottom"", 2, 0.9]]",,,
2026-08-20,RCI,Bearish,36.349998474121094,Communication Services,Telecom Services,0.9,1.1,0.99,"[[""Daily DM9 Top"", 2, 0.9]]",,,
2026-08-20,WD,Bullish,40.18000030517578,Financial,Mortgage Finance,0.9,1.1,0.99,"[[""Daily DM9 Bottom"", 2, 0.9]]",,,
2026-08-20,T,Bearish,25.149999618530273,Communication Services,Telecom Services,0.9,1.1,0.99,"[[""Daily DM9 Top"", 2, 0.9]]",,,
2026-08-20,ETOR,Bullish,29.670000076293945,Financial,Capital Markets,0.9,1.1,0.99,"[[""Daily DM9 Bottom"", 2, 0.9]]",,,
2026-08-20,PSEC,Bearish,2.2799999713897705,Financial,Asset Management,0.8,1.2,0.96,"[[""Daily DM9 Top"", 4, 0.8]]",,,
2026-08-20,GROY,Bearish,3.390000104904175,Basic Materials,Gold,0.8,1.2,0.96,"[[""Daily DM9 Top"", 4, 0.8]]",,,
2026-08-20,ORIC,Bearish,13.880000114440918,Healthcare,Biotechnology,0.8,1.2,0.96,"[[""Daily DM9 Top"", 4, 0.8]]",,,
2026-08-20,EXK,Bearish,10.970000267028809,Basic Materials,Silver,0.8,1.2,0.96,"[[""Daily DM9 Top"", 4, 0.8]]",,,
2026-08-20,ITRG,Bearish,2.8399999141693115,Basic Materials,Other Precious Metals & Mining,0.8,1.2,0.96,"[[""Daily DM9 Top"", 4, 0.8]]",,,
2026-08-20,MBLY,Bearish,8.880000114440918,Consumer Cyclical,Auto Parts,0.8,1.2,0.96,"[[""Daily DM9 Top"", 4, 0.8]]",,,
2026-08-20,ARR,Bearish,16.31999969482422,Real Estate,REIT - Mortgage,0.8,1.2,0.96,"[[""Daily DM9 Top"", 4, 0.8]]",,,
2026-08-20,EVCM,Bullish,9.680000305175781,Technology,Software - Infrastructure,0.8,1.2,0.96,"[[""Daily DM9 Bottom"", 4, 0.8]]",,,
2026-08-20,FSS,Bullish,121.98999786376953,Industrials,Pollution & Treatment Controls,0.95,1.0,0.95,"[[""Daily DM9 Bottom"", 1, 0.95]]",,,
2026-08-20,AIG,Bullish,75.75,Financial,Insurance - Diversified,0.95,1.0,0.95,"[[""Daily DM9 Bottom"", 1, 0.95]]",,,
2026-08-20,MTDR,Bearish,58.41999816894531,Energy,Oil & Gas E&P,0.95,1.0,0.95,"[[""Daily DM9 Top"", 1, 0.95]]",,,
2026-08-20,KYMR,Bearish,121.5,Healthcare,Biotechnology,0.95,1.0,0.95,"[[""Daily DM9 Top"", 1, 0.95]]",,,
2026-08-20,VRSN,Bullish,276.8999938964844,Technology,Software - Infrastructure,0.95,1.0,0.95,"[[""Daily DM9 Bottom"", 1, 0.95]]",,,
2026-08-20,BIDU,Bullish,91.97000122070312,Communication Services,Internet Content & Information,0.95,1.0,0.95,"[[""Daily DM9 Bottom"", 1, 0.95]]",,,
2026-08-20,RCL,Bullish,287.6199951171875,Consumer Cyclical,Travel Services,0.95,1.0,0.95,"[[""Daily DM9 Bottom"", 1, 0.95]]",,,
2026-08-20,RSG,Bearish,219.5,Industrials,Waste Management,0.95,1.0,0.95,"[[""Daily DM9 Top"", 1, 0.95]]",,,
2026-08-20,CINF,Bullish,168.19000244140625,Financial,Insurance - Property & Casualty,0.95,1.0,0.95,"[[""Daily DM9 Bottom"", 1, 0.95]]",,,
2026-08-20,ABBV,Bearish,261.8299865722656,Healthcare,Drug Manufacturers - General,0.95,1.0,0.95,"[[""Daily DM9 Top"", 1, 0.95]]",,,
2026-08-20,DPZ,Bullish,334.3699951171875,Consumer Cyclical,Restaurants,0.95,1.0,0.95,"[[""Daily DM9 Bottom"", 1, 0.95]]",,,
2026-08-20,SFM,Bullish,78.37999725341797,Consumer Defensive,Grocery Stores,0.95,1.0,0.95,"[[""Daily DM9 Bottom"", 1, 0.95]]",,,
2026-08-20,CSGP,Bearish,32.2599983215332,Real Estate,Real Estate Services,0.85,1.1,0.94,"[[""Daily DM9 Top"", 3, 0.85]]",,,
2026-08-20,EGO,Bearish,42.650001525878906,Basic Materials,Gold,0.85,1.1,0.94,"[[""Daily DM9 Top"", 3, 0.85]]",,,
2026-08-20,YOU,Bullish,42.900001525878906,Technology,Software - Application,0.85,1.1,0.94,"[[""Daily DM9 Bottom"", 3, 0.85]]",,,
2026-08-20,HDB,Bullish,23.34000015258789,Financial,Banks - Regional,0.85,1.1,0.94,"[[""Daily DM9 Bottom"", 3, 0.85]]",,,
2026-08-20,KRC,Bullish,36.7599983215332,Real Estate,REIT - Office,0.85,1.1,0.94,"[[""Daily DM9 Bottom"", 3, 0.85]]",,,
2026-08-20,ASM,Bearish,7.599999904632568,Basic Materials,Other Precious Metals & Mining,0.75,1.2,0.9,"[[""Daily DM9 Top"", 5, 0.75]]",,,
2026-08-20,BG,Bearish,116.56999969482422,Consumer Defensive,Farm Products,0.9,1.0,0.9,"[[""Daily DM9 Top"", 2, 0.9]]",,,
2026-08-20,NVAX,Bearish,8.420000076293945,Healthcare,Biotechnology,0.75,1.2,0.9,"[[""Daily DM9 Top"", 5, 0.75]]",,,
2026-08-20,AMPX,Bearish,10.199999809265137,Industrials,Electrical Equipment & Parts,0.75,1.2,0.9,"[[""Daily DM9 Top"", 5, 0.75]]",,,
2026-08-20,FOX,Bearish,60.45000076293945,Communication Services,Entertainment,0.9,1.0,0.9,"[[""Daily DM9 Top"", 2, 0.9]]",,,
2026-08-20,RC,Bearish,1.899999976158142,Real Estate,REIT - Mortgage,0.75,1.2,0.9,"[[""Daily DM9 Top"", 5, 0.75]]",,,
2026-08-20,INDI,Bearish,4.0,Technology,Semiconductor Equipment & Materials,0.75,1.2,0.9,"[[""Daily DM9 Top"", 5, 0.75]]",,,
2026-08-20,NRGV,Bearish,3.740000009536743,Utilities,Utilities - Renewable,0.75,1.2,0.9,"[[""Daily DM9 Top"", 5, 0.75]]",,,
2026-08-20,FTI,Bearish,77.62000274658203,Energy,Oil & Gas Equipment & Services,0.9,1.0,0.9,"[[""Daily DM9 Top"", 2, 0.9]]",,,
2026-08-20,ACDC,Bearish,4.440000057220459,Energy,Oil & Gas Equipment & Services,0.75,1.2,0.9,"[[""Daily DM9 Top"", 5, 0.75]]",,,
2026-08-20,AIRO,Bearish,8.239999771118164,Industrials,Aerospace & Defense,0.75,1.2,0.9,"[[""Daily DM9 Top"", 5, 0.75]]",,,
2026-08-20,NNE,Bearish,18.229999542236328,Industrials,Specialty Industrial Machinery,0.75,1.2,0.9,"[[""Daily DM9 Top"", 5, 0.75]]",,,
2026-08-20,FSK,Bearish,11.90999984741211,Financial,Asset Management,0.75,1.2,0.9,"[[""Daily DM9 Top"", 5, 0.75]]",,,
2026-08-20,RCAT,Bearish,9.529999732971191,Industrials,Aerospace & Defense,0.75,1.2,0.9,"[[""Daily DM9 Top"", 5, 0.75]]",,,
2026-08-20,SMMT,Bearish,12.430000305175781,Healthcare,Biotechnology,0.75,1.2,0.9,"[[""Daily DM9 Top"", 5, 0.75]]",,,
2026-08-20,STLA,Bullish,5.260000228881836,Consumer Cyclical,Auto Manufacturers,0.75,1.2,0.9,"[[""Daily DM9 Bottom"", 5, 0.75]]",,,
2026-08-20,NG,Bearish,8.65999984741211,Basic Materials,Gold,0.75,1.2,0.9,"[[""Daily DM9 Top"", 5, 0.75]]",,,
2026-08-20,HAE,Bearish,108.22000122070312,Healthcare,Medical Devices,0.9,1.0,0.9,"[[""Daily DM9 Top"", 2, 0.9]]",,,
2026-08-20,ARCC,Bearish,19.780000686645508,Financial,Asset Management,0.75,1.2,0.9,"[[""Daily DM9 Top"", 5, 0.75]]",,,
2026-08-20,LAES,Bearish,2.5,Technology,Semiconductors,0.75,1.2,0.9,"[[""Daily DM9 Top"", 5, 0.75]]",,,
2026-08-20,BBAI,Bearish,3.069999933242798,Technology,Information Technology Services,0.75,1.2,0.9,"[[""Daily DM9 Top"", 5, 0.75]]",,,
2026-08-20,XPRO,Bearish,18.40999984741211,Energy,Oil & Gas Equipment & Services,0.75,1.2,0.9,"[[""Daily DM9 Top"", 5, 0.75]]",,,
2026-08-20,RGTI,Bearish,16.065000534057617,Technology,Computer Hardware,0.75,1.2,0.9,"[[""Daily DM9 Top"", 5, 0.75]]",,,
2026-08-20,GRRR,Bearish,15.25,Technology,Software - Infrastructure,0.75,1.2,0.9,"[[""Daily DM9 Top"", 5, 0.75]]",,,
2026-08-20,TW,Bearish,106.0999984741211,Financial,Capital Markets,0.9,1.0,0.9,"[[""Daily DM9 Top"", 2, 0.9]]",,,
2026-08-20,SLDP,Bearish,2.2899999618530273,Consumer Cyclical,Auto Parts,0.75,1.2,0.9,"[[""Daily DM9 Top"", 5, 0.75]]",,,
2026-08-20,UUUU,Bearish,13.899999618530273,Energy,Uranium,0.75,1.2,0.9,"[[""Daily DM9 Top"", 5, 0.75]]",,,
2026-08-20,BUD,Bullish,77.91999816894531,Consumer Defensive,Beverages - Brewers,0.9,1.0,0.9,"[[""Daily DM9 Bottom"", 2, 0.9]]",,,
2026-08-20,LION,Bullish,11.460000038146973,Financial,Shell Companies,0.75,1.2,0.9,"[[""Daily DM9 Bottom"", 5, 0.75]]",,,
2026-08-20,NDAQ,Bearish,97.55000305175781,Financial,Financial Data & Stock Exchanges,0.9,1.0,0.9,"[[""Daily DM9 Top"", 2, 0.9]]",,,
2026-08-20,HBAN,Bearish,17.010000228881836,Financial,Banks - Regional,0.75,1.2,0.9,"[[""Daily DM9 Top"", 5, 0.75]]",,,
2026-08-20,HR,Bullish,19.40999984741211,Real Estate,REIT - Healthcare Facilities,0.75,1.2,0.9,"[[""Daily DM9 Bottom"", 5, 0.75]]",,,
2026-08-20,HON,Bullish,218.32000732421875,Industrials,Conglomerates,0.9,1.0,0.9,"[[""Daily DM9 Bottom"", 2, 0.9]]",,,
2026-08-20,SRPT,Bearish,19.219999313354492,Healthcare,Biotechnology,0.75,1.2,0.9,"[[""Daily DM9 Top"", 5, 0.75]]",,,
2026-08-20,FOXA,Bearish,67.95999908447266,Communication Services,Entertainment,0.9,1.0,0.9,"[[""Daily DM9 Top"", 2, 0.9]]",,,
2026-08-20,OGS,Bearish,81.38999938964844,Utilities,Utilities - Regulated Gas,0.9,1.0,0.9,"[[""Daily DM9 Top"", 2, 0.9]]",,,
2026-08-20,DNN,Bearish,3.140000104904175,Energy,Uranium,0.75,1.2,0.9,"[[""Daily DM9 Top"", 5, 0.75]]",,,
2026-08-20,HPQ,Bearish,29.469999313354492,Technology,Computer Hardware,0.8,1.1,0.88,"[[""Daily DM9 Top"", 4, 0.8]]",,,
2026-08-20,MIAX,Bullish,41.31999969482422,Financial,Capital Markets,0.8,1.1,0.88,"[[""Daily DM9 Bottom"", 4, 0.8]]",,,
2026-08-20,APG,Bearish,41.93000030517578,Industrials,Engineering & Construction,0.8,1.1,0.88,"[[""Daily DM9 Top"", 4, 0.8]]",,,
2026-08-20,RHI,Bearish,43.880001068115234,Industrials,Staffing & Employment Services,0.8,1.1,0.88,"[[""Daily DM9 Top"", 4, 0.8]]",,,
2026-08-20,RELX,Bullish,35.380001068115234,Industrials,Specialty Business Services,0.8,1.1,0.88,"[[""Daily DM9 Bottom"", 4, 0.8]]",,,
2026-08-20,NOV,Bearish,20.270000457763672,Energy,Oil & Gas Equipment & Services,0.8,1.1,0.88,"[[""Daily DM9 Top"", 4, 0.8]]",,,
2026-08-20,MNST,Bullish,47.4900016784668,Consumer Defensive,Beverages - Non-Alcoholic,0.8,1.1,0.88,"[[""Daily DM9 Bottom"", 4, 0.8]]",,,
2026-08-20,WMK,Bullish,70.18000030517578,Consumer Defensive,Grocery Stores,0.85,1.0,0.85,"[[""Daily DM9 Bottom"", 3, 0.85]]",,,
2026-08-20,CVCO,Bearish,578.8599853515625,Consumer Cyclical,Residential Construction,0.85,1.0,0.85,"[[""Daily DM9 Top"", 3, 0.85]]",,,
2026-08-20,PVH,Bullish,76.08999633789062,Consumer Cyclical,Apparel Manufacturing,0.85,1.0,0.85,"[[""Daily DM9 Bottom"", 3, 0.85]]",,,
2026-08-20,BNS,Bearish,86.44000244140625,Financial,Banks - Diversified,0.85,1.0,0.85,"[[""Daily DM9 Top"", 3, 0.85]]",,,
2026-08-20,TD,Bearish,116.8499984741211,Financial,Banks - Diversified,0.85,1.0,0.85,"[[""Daily DM9 Top"", 3, 0.85]]",,,
2026-08-20,ESRT,Bullish,4.789999961853027,Real Estate,REIT - Diversified,0.7,1.2,0.84,"[[""Daily DM9 Bottom"", 6, 0.7]]",,,
2026-08-20,CHA,Bullish,10.619999885559082,Consumer Cyclical,Restaurants,0.7,1.2,0.84,"[[""Daily DM9 Bottom"", 6, 0.7]]",,,
2026-08-20,SHO,Bullish,11.279999732971191,Real Estate,REIT - Hotel & Motel,0.7,1.2,0.84,"[[""Daily DM9 Bottom"", 6, 0.7]]",,,
2026-08-20,JBGS,Bullish,12.369999885559082,Real Estate,REIT - Office,0.7,1.2,0.84,"[[""Daily DM9 Bottom"", 6, 0.7]]",,,
2026-08-20,RDY,Bearish,12.109999656677246,Healthcare,Drug Manufacturers - Specialty & Generic,0.7,1.2,0.84,"[[""Daily DM9 Top"", 6, 0.7]]",,,
2026-08-20,NB,Bearish,4.289999961853027,Basic Materials,Other Industrial Metals & Mining,0.7,1.2,0.84,"[[""Daily DM9 Top"", 6, 0.7]]",,,
2026-08-20,FSM,Bearish,11.899999618530273,Basic Materials,Gold,0.7,1.2,0.84,"[[""Daily DM9 Top"", 6, 0.7]]",,,
2026-08-20,VTRS,Bullish,16.1200008392334,Healthcare,Drug Manufacturers - Specialty & Generic,0.7,1.2,0.84,"[[""Daily DM9 Bottom"", 6, 0.7]]",,,
2026-08-20,AUTL,Bearish,2.4600000381469727,Healthcare,Biotechnology,0.7,1.2,0.84,"[[""Daily DM9 Top"", 6, 0.7]]",,,
2026-08-20,RLAY,Bearish,19.700000762939453,Healthcare,Biotechnology,0.7,1.2,0.84,"[[""Daily DM9 Top"", 6, 0.7]]",,,
2026-08-20,TSHA,Bearish,6.110000133514404,Healthcare,Biotechnology,0.7,1.2,0.84,"[[""Daily DM9 Top"", 6, 0.7]]",,,
2026-08-20,GT,Bullish,5.840000152587891,Consumer Cyclical,Auto Parts,0.7,1.2,0.84,"[[""Daily DM9 Bottom"", 6, 0.7]]",,,
2026-08-20,AHCO,Bullish,5.389999866485596,Healthcare,Medical Devices,0.7,1.2,0.84,"[[""Daily DM9 Bottom"", 6, 0.7]]",,,
2026-08-20,SGHC,Bullish,13.220000267028809,Consumer Cyclical,Gambling,0.7,1.2,0.84,"[[""Daily DM9 Bottom"", 6, 0.7]]",,,
2026-08-20,ABSI,Bearish,9.279999732971191,Healthcare,Biotechnology,0.7,1.2,0.84,"[[""Daily DM9 Top"", 6, 0.7]]",,,
2026-08-20,SRTA,Bearish,5.960000038146973,Industrials,Airports & Air Services,0.7,1.2,0.84,"[[""Daily DM9 Top"", 6, 0.7]]",,,
2026-08-20,TSCO,Bearish,35.04999923706055,Consumer Cyclical,Specialty Retail,0.75,1.1,0.83,"[[""Daily DM9 Top"", 5, 0.75]]",,,
2026-08-20,BZAI,Bullish,0.4950000047683716,Technology,Software - Application,1.67,0.5,0.83,"[[""Weekly DM9 Bottom"", 2, 1.6666666666666667]]",,,
2026-08-20,QSI,Bullish,0.7799999713897705,Healthcare,Medical Devices,1.67,0.5,0.83,"[[""Weekly DM9 Bottom"", 2, 1.6666666666666667]]",,,
2026-08-20,KBR,Bearish,37.900001525878906,Industrials,Engineering & Construction,0.75,1.1,0.83,"[[""Daily DM9 Top"", 5, 0.75]]",,,
2026-08-20,AG,Bearish,21.190000534057617,Basic Materials,Silver,0.75,1.1,0.83,"[[""Daily DM9 Top"", 5, 0.75]]",,,
2026-08-20,BLSH,Bearish,28.440000534057617,Technology,Software - Infrastructure,0.75,1.1,0.83,"[[""Daily DM9 Top"", 5, 0.75]]",,,
2026-08-20,SSRM,Bearish,36.83000183105469,Basic Materials,Gold,0.75,1.1,0.83,"[[""Daily DM9 Top"", 5, 0.75]]",,,
2026-08-20,VOYG,Bearish,37.91999816894531,Industrials,Aerospace & Defense,0.75,1.1,0.83,"[[""Daily DM9 Top"", 5, 0.75]]",,,
2026-08-20,BBUC,Bullish,28.020000457763672,Financial,Asset Management,0.75,1.1,0.83,"[[""Daily DM9 Bottom"", 5, 0.75]]",,,
2026-08-20,SFD,Bullish,22.280000686645508,Consumer Defensive,Packaged Foods,0.75,1.1,0.83,"[[""Daily DM9 Bottom"", 5, 0.75]]",,,
2026-08-20,JHX,Bearish,30.030000686645508,Basic Materials,Building Materials,0.75,1.1,0.83,"[[""Daily DM9 Top"", 5, 0.75]]",,,
2026-08-20,PSLV,Bearish,22.3700008392334,Financial,Asset Management,0.75,1.1,0.83,"[[""Daily DM9 Top"", 5, 0.75]]",,,
2026-08-20,BJ,Bullish,91.30000305175781,Consumer Defensive,Discount Stores,0.8,1.0,0.8,"[[""Daily DM9 Bottom"", 4, 0.8]]",,,
2026-08-20,ARE,Bullish,52.939998626708984,Real Estate,REIT - Office,0.8,1.0,0.8,"[[""Daily DM9 Bottom"", 4, 0.8]]",,,
2026-08-20,SLB,Bearish,53.54999923706055,Energy,Oil & Gas Equipment & Services,0.8,1.0,0.8,"[[""Daily DM9 Top"", 4, 0.8]]",,,
2026-08-20,VRT,Bearish,264.6300048828125,Industrials,Electrical Equipment & Parts,0.8,1.0,0.8,"[[""Daily DM9 Top"", 4, 0.8]]",,,
2026-08-20,HOOD,Bearish,95.0999984741211,Financial,Capital Markets,0.8,1.0,0.8,"[[""Daily DM9 Top"", 4, 0.8]]",,,
2026-08-20,NOC,Bearish,563.8599853515625,Industrials,Aerospace & Defense,0.8,1.0,0.8,"[[""Daily DM9 Top"", 4, 0.8]]",,,
2026-08-20,TLN,Bearish,316.989990234375,Utilities,Utilities - Independent Power Producers,0.8,1.0,0.8,"[[""Daily DM9 Top"", 4, 0.8]]",,,
2026-08-20,RBRK,Bearish,97.5199966430664,Technology,Software - Infrastructure,0.8,1.0,0.8,"[[""Daily DM9 Top"", 4, 0.8]]",,,
2026-08-20,NTRS,Bearish,182.50999450683594,Financial,Asset Management,0.8,1.0,0.8,"[[""Daily DM9 Top"", 4, 0.8]]",,,
2026-08-20,ORA,Bearish,108.30000305175781,Utilities,Utilities - Renewable,0.8,1.0,0.8,"[[""Daily DM9 Top"", 4, 0.8]]",,,
2026-08-20,FDX,Bearish,326.0400085449219,Industrials,Integrated Freight & Logistics,0.8,1.0,0.8,"[[""Daily DM9 Top"", 4, 0.8]]",,,
2026-08-20,CVLT,Bearish,131.6300048828125,Technology,Software - Application,0.8,1.0,0.8,"[[""Daily DM9 Top"", 4, 0.8]]",,,
2026-08-20,LEG,Bullish,9.34000015258789,Consumer Cyclical,"Furnishings, Fixtures & Appliances",0.65,1.2,0.78,"[[""Daily DM9 Bottom"", 7, 0.65]]",,,
2026-08-20,DDD,Bearish,3.1600000858306885,Technology,Computer Hardware,0.65,1.2,0.78,"[[""Daily DM9 Top"", 7, 0.65]]",,,
2026-08-20,RZLV,Bearish,2.4700000286102295,Technology,Software - Infrastructure,0.65,1.2,0.78,"[[""Daily DM9 Top"", 7, 0.65]]",,,
2026-08-20,CLVT,Bullish,2.069999933242798,Technology,Information Technology Services,0.65,1.2,0.78,"[[""Daily DM9 Bottom"", 7, 0.65]]",,,
2026-08-20,AEVA,Bearish,18.8700008392334,Technology,Software - Infrastructure,0.65,1.2,0.78,"[[""Daily DM9 Top"", 7, 0.65]]",,,
2026-08-20,GCMG,Bearish,13.470000267028809,Financial,Asset Management,0.65,1.2,0.78,"[[""Daily DM9 Top"", 7, 0.65]]",,,
2026-08-20,OHI,Bullish,46.75,Real Estate,REIT - Healthcare Facilities,0.7,1.1,0.77,"[[""Daily DM9 Bottom"", 6, 0.7]]",,,
2026-08-20,KHC,Bullish,25.56999969482422,Consumer Defensive,Packaged Foods,0.7,1.1,0.77,"[[""Daily DM9 Bottom"", 6, 0.7]]",,,
2026-08-20,REXR,Bullish,37.04999923706055,Real Estate,REIT - Industrial,0.7,1.1,0.77,"[[""Daily DM9 Bottom"", 6, 0.7]]",,,
2026-08-20,SPNT,Bullish,23.600000381469727,Financial,Insurance - Reinsurance,0.7,1.1,0.77,"[[""Daily DM9 Bottom"", 6, 0.7]]",,,
2026-08-20,GLPI,Bullish,43.709999084472656,Real Estate,REIT - Specialty,0.7,1.1,0.77,"[[""Daily DM9 Bottom"", 6, 0.7]]",,,
2026-08-20,BXSL,Bearish,24.670000076293945,Financial,Asset Management,0.7,1.1,0.77,"[[""Daily DM9 Top"", 6, 0.7]]",,,
2026-08-20,OUT,Bullish,29.780000686645508,Real Estate,REIT - Specialty,0.7,1.1,0.77,"[[""Daily DM9 Bottom"", 6, 0.7]]",,,
2026-08-20,PECO,Bullish,39.43000030517578,Real Estate,REIT - Retail,0.7,1.1,0.77,"[[""Daily DM9 Bottom"", 6, 0.7]]",,,
2026-08-20,CUZ,Bullish,29.579999923706055,Real Estate,REIT - Office,0.7,1.1,0.77,"[[""Daily DM9 Bottom"", 6, 0.7]]",,,
2026-08-20,NTST,Bullish,20.610000610351562,Real Estate,REIT - Retail,0.7,1.1,0.77,"[[""Daily DM9 Bottom"", 6, 0.7]]",,,
2026-08-20,PPTA,Bearish,25.049999237060547,Basic Materials,Other Precious Metals & Mining,0.7,1.1,0.77,"[[""Daily DM9 Top"", 6, 0.7]]",,,
2026-08-20,HPE,Bearish,52.88999938964844,Technology,Communication Equipment,0.75,1.0,0.75,"[[""Daily DM9 Top"", 5, 0.75]]",,,
2026-08-20,NOVT,Bearish,145.52000427246094,Technology,Scientific & Technical Instruments,0.75,1.0,0.75,"[[""Daily DM9 Top"", 5, 0.75]]",,,
2026-08-20,CRDO,Bearish,231.35000610351562,Technology,Semiconductors,0.75,1.0,0.75,"[[""Daily DM9 Top"", 5, 0.75]]",,,
2026-08-20,FROG,Bearish,89.72000122070312,Technology,Software - Application,0.75,1.0,0.75,"[[""Daily DM9 Top"", 5, 0.75]]",,,
2026-08-20,SXT,Bearish,132.5800018310547,Basic Materials,Specialty Chemicals,0.75,1.0,0.75,"[[""Daily DM9 Top"", 5, 0.75]]",,,
2026-08-20,KTOS,Bearish,56.18000030517578,Industrials,Aerospace & Defense,0.75,1.0,0.75,"[[""Daily DM9 Top"", 5, 0.75]]",,,
2026-08-20,ACIW,Bullish,51.56999969482422,Technology,Software - Infrastructure,0.75,1.0,0.75,"[[""Daily DM9 Bottom"", 5, 0.75]]",,,
2026-08-20,VSEC,Bearish,214.50999450683594,Industrials,Aerospace & Defense,0.75,1.0,0.75,"[[""Daily DM9 Top"", 5, 0.75]]",,,
2026-08-20,ISRG,Bearish,374.4800109863281,Healthcare,Medical Instruments & Supplies,0.75,1.0,0.75,"[[""Daily DM9 Top"", 5, 0.75]]",,,
2026-08-20,AFL,Bullish,116.16999816894531,Financial,Insurance - Life,0.75,1.0,0.75,"[[""Daily DM9 Bottom"", 5, 0.75]]",,,
2026-08-20,CVNA,Bearish,71.5199966430664,Consumer Cyclical,Auto & Truck Dealerships,0.75,1.0,0.75,"[[""Daily DM9 Top"", 5, 0.75]]",,,
2026-08-20,ASML,Bearish,1750.31005859375,Technology,Semiconductor Equipment & Materials,0.75,1.0,0.75,"[[""Daily DM9 Top"", 5, 0.75]]",,,
2026-08-20,ATKR,Bearish,93.48999786376953,Industrials,Electrical Equipment & Parts,0.75,1.0,0.75,"[[""Daily DM9 Top"", 5, 0.75]]",,,
2026-08-20,BYD,Bullish,80.94999694824219,Consumer Cyclical,Resorts & Casinos,0.75,1.0,0.75,"[[""Daily DM9 Bottom"", 5, 0.75]]",,,
2026-08-20,PLTR,Bearish,173.9600067138672,Technology,Software - Infrastructure,0.75,1.0,0.75,"[[""Daily DM9 Top"", 5, 0.75]]",,,
2026-08-20,SES,Bullish,0.5084999799728394,Consumer Cyclical,Auto Parts,1.5,0.5,0.75,"[[""Weekly DM9 Bottom"", 3, 1.5]]",,,
2026-08-20,STT,Bearish,183.07000732421875,Financial,Asset Management,0.75,1.0,0.75,"[[""Daily DM9 Top"", 5, 0.75]]",,,
2026-08-20,AVAV,Bearish,159.7899932861328,Industrials,Aerospace & Defense,0.75,1.0,0.75,"[[""Daily DM9 Top"", 5, 0.75]]",,,
2026-08-20,TPG,Bearish,51.56999969482422,Financial,Asset Management,0.75,1.0,0.75,"[[""Daily DM9 Top"", 5, 0.75]]",,,
2026-08-20,BTI,Bullish,56.70000076293945,Consumer Defensive,Tobacco,0.75,1.0,0.75,"[[""Daily DM9 Bottom"", 5, 0.75]]",,,
2026-08-20,SEI,Bearish,54.2400016784668,Energy,Oil & Gas Equipment & Services,0.75,1.0,0.75,"[[""Daily DM9 Top"", 5, 0.75]]",,,
2026-08-20,ONTO,Bearish,298.8399963378906,Technology,Semiconductor Equipment & Materials,0.75,1.0,0.75,"[[""Daily DM9 Top"", 5, 0.75]]",,,
2026-08-20,CCJ,Bearish,95.58999633789062,Energy,Uranium,0.75,1.0,0.75,"[[""Daily DM9 Top"", 5, 0.75]]",,,
2026-08-20,AVA,Bullish,38.22999954223633,Utilities,Utilities - Diversified,0.65,1.1,0.72,"[[""Daily DM9 Bottom"", 7, 0.65]]",,,
2026-08-20,DOC,Bullish,21.200000762939453,Real Estate,REIT - Healthcare Facilities,0.65,1.1,0.72,"[[""Daily DM9 Bottom"", 7, 0.65]]",,,
2026-08-20,CLBT,Bearish,11.3100004196167,Technology,Software - Infrastructure,0.6,1.2,0.72,"[[""Daily DM9 Top"", 8, 0.6]]",,,
2026-08-20,CLM,Bearish,6.800000190734863,Financial,Closed-End Fund - Equity,0.6,1.2,0.72,"[[""Daily DM9 Top"", 8, 0.6]]",,,
2026-08-20,OGE,Bullish,46.72999954223633,Utilities,Utilities - Regulated Electric,0.65,1.1,0.72,"[[""Daily DM9 Bottom"", 7, 0.65]]",,,
2026-08-20,ADMA,Bearish,9.760000228881836,Healthcare,Biotechnology,0.6,1.2,0.72,"[[""Daily DM9 Top"", 8, 0.6]]",,,
2026-08-20,CURB,Bullish,29.469999313354492,Real Estate,REIT - Retail,0.65,1.1,0.72,"[[""Daily DM9 Bottom"", 7, 0.65]]",,,
2026-08-20,UGI,Bullish,37.88999938964844,Utilities,Utilities - Regulated Gas,0.65,1.1,0.72,"[[""Daily DM9 Bottom"", 7, 0.65]]",,,
2026-08-20,HBM,Bearish,28.149999618530273,Basic Materials,Copper,0.65,1.1,0.72,"[[""Daily DM9 Top"", 7, 0.65]]",,,
2026-08-20,ECC,Bearish,3.799999952316284,Financial,Closed-End Fund - Debt,0.6,1.2,0.72,"[[""Daily DM9 Top"", 8, 0.6]]",,,
2026-08-20,KIM,Bullish,24.15999984741211,Real Estate,REIT - Retail,0.65,1.1,0.72,"[[""Daily DM9 Bottom"", 7, 0.65]]",,,
2026-08-20,GBTG,Bearish,9.460000038146973,Consumer Cyclical,Travel Services,0.6,1.2,0.72,"[[""Daily DM9 Top"", 8, 0.6]]",,,
2026-08-20,GXO,Bullish,45.369998931884766,Industrials,Integrated Freight & Logistics,0.65,1.1,0.72,"[[""Daily DM9 Bottom"", 7, 0.65]]",,,
2026-08-20,QURE,Bearish,48.88999938964844,Healthcare,Biotechnology,0.65,1.1,0.72,"[[""Daily DM9 Top"", 7, 0.65]]",,,
2026-08-20,SHC,Bearish,19.219999313354492,Healthcare,Diagnostics & Research,0.6,1.2,0.72,"[[""Daily DM9 Top"", 8, 0.6]]",,,
2026-08-20,SBSW,Bearish,11.819999694824219,Basic Materials,Other Precious Metals & Mining,0.6,1.2,0.72,"[[""Daily DM9 Top"", 8, 0.6]]",,,
2026-08-20,KR,Bullish,56.31999969482422,Consumer Defensive,Grocery Stores,0.7,1.0,0.7,"[[""Daily DM9 Bottom"", 6, 0.7]]",,,
2026-08-20,ANET,Bearish,183.75,Technology,Computer Hardware,0.7,1.0,0.7,"[[""Daily DM9 Top"", 6, 0.7]]",,,
2026-08-20,WST,Bearish,353.7699890136719,Healthcare,Medical Instruments & Supplies,0.7,1.0,0.7,"[[""Daily DM9 Top"", 6, 0.7]]",,,
2026-08-20,SPG,Bullish,219.89999389648438,Real Estate,REIT - Retail,0.7,1.0,0.7,"[[""Daily DM9 Bottom"", 6, 0.7]]",,,
2026-08-20,FAST,Bearish,50.65999984741211,Industrials,Industrial Distribution,0.7,1.0,0.7,"[[""Daily DM9 Top"", 6, 0.7]]",,,
2026-08-20,BDC,Bearish,123.88999938964844,Technology,Communication Equipment,0.7,1.0,0.7,"[[""Daily DM9 Top"", 6, 0.7]]",,,
2026-08-20,SAH,Bullish,77.77999877929688,Consumer Cyclical,Auto & Truck Dealerships,0.7,1.0,0.7,"[[""Daily DM9 Bottom"", 6, 0.7]]",,,
2026-08-20,JOE,Bearish,68.80999755859375,Real Estate,Real Estate - Diversified,0.7,1.0,0.7,"[[""Daily DM9 Top"", 6, 0.7]]",,,
2026-08-20,TWST,Bearish,136.3300018310547,Healthcare,Diagnostics & Research,0.7,1.0,0.7,"[[""Daily DM9 Top"", 6, 0.7]]",,,
2026-08-20,LMT,Bearish,571.47998046875,Industrials,Aerospace & Defense,0.7,1.0,0.7,"[[""Daily DM9 Top"", 6, 0.7]]",,,
2026-08-20,TSM,Bearish,416.0,Technology,Semiconductors,0.7,1.0,0.7,"[[""Daily DM9 Top"", 6, 0.7]]",,,
2026-08-20,FRT,Bullish,117.25,Real Estate,REIT - Retail,0.7,1.0,0.7,"[[""Daily DM9 Bottom"", 6, 0.7]]",,,
2026-08-20,ETN,Bearish,415.2900085449219,Industrials,Specialty Industrial Machinery,0.7,1.0,0.7,"[[""Daily DM9 Top"", 6, 0.7]]",,,
2026-08-20,GH,Bearish,167.8800048828125,Healthcare,Diagnostics & Research,0.7,1.0,0.7,"[[""Daily DM9 Top"", 6, 0.7]]",,,
2026-08-20,SLAB,Bearish,218.10000610351562,Technology,Semiconductors,0.7,1.0,0.7,"[[""Daily DM9 Top"", 6, 0.7]]",,,
2026-08-20,NVT,Bearish,154.3000030517578,Industrials,Electrical Equipment & Parts,0.7,1.0,0.7,"[[""Daily DM9 Top"", 6, 0.7]]",,,
2026-08-20,IBOC,Bullish,71.69999694824219,Financial,Banks - Regional,0.7,1.0,0.7,"[[""Daily DM9 Bottom"", 6, 0.7]]",,,
2026-08-20,SLQT,Bullish,0.8353000283241272,Financial,Insurance Brokers,1.33,0.5,0.67,"[[""Weekly DM9 Bottom"", 4, 1.3333333333333335]]",,,
2026-08-20,KLAR,Bearish,14.0,Technology,Software - Infrastructure,0.55,1.2,0.66,"[[""Daily DM9 Top"", 9, 0.55]]",,,
2026-08-20,CNP,Bullish,40.20000076293945,Utilities,Utilities - Regulated Electric,0.6,1.1,0.66,"[[""Daily DM9 Bottom"", 8, 0.6]]",,,
2026-08-20,APPN,Bearish,37.279998779296875,Technology,Software - Infrastructure,0.6,1.1,0.66,"[[""Daily DM9 Top"", 8, 0.6]]",,,
2026-08-20,LBRDK,Bearish,36.02000045776367,Communication Services,Telecom Services,0.6,1.1,0.66,"[[""Daily DM9 Top"", 8, 0.6]]",,,
2026-08-20,GTN,Bearish,4.909999847412109,Communication Services,Broadcasting,0.55,1.2,0.66,"[[""Daily DM9 Top"", 9, 0.55]]",,,
2026-08-20,BLMN,Bearish,10.479999542236328,Consumer Cyclical,Restaurants,0.55,1.2,0.66,"[[""Daily DM9 Top"", 9, 0.55]]",,,
2026-08-20,NI,Bullish,41.63999938964844,Utilities,Utilities - Regulated Gas,0.6,1.1,0.66,"[[""Daily DM9 Bottom"", 8, 0.6]]",,,
2026-08-20,SABR,Bearish,2.0799999237060547,Technology,Software - Infrastructure,0.55,1.2,0.66,"[[""Daily DM9 Top"", 9, 0.55]]",,,
2026-08-20,PEGA,Bearish,33.61000061035156,Technology,Software - Application,0.6,1.1,0.66,"[[""Daily DM9 Top"", 8, 0.6]]",,,
2026-08-20,TRN,Bullish,29.739999771118164,Industrials,Railroads,0.6,1.1,0.66,"[[""Daily DM9 Bottom"", 8, 0.6]]",,,
2026-08-20,KC,Bearish,11.420000076293945,Technology,Software - Application,0.55,1.2,0.66,"[[""Daily DM9 Top"", 9, 0.55]]",,,
2026-08-20,FE,Bullish,47.18000030517578,Utilities,Utilities - Regulated Electric,0.6,1.1,0.66,"[[""Daily DM9 Bottom"", 8, 0.6]]",,,
2026-08-20,PAR,Bearish,18.950000762939453,Technology,Software - Application,0.55,1.2,0.66,"[[""Daily DM9 Top"", 9, 0.55]]",,,
2026-08-20,VIPS,Bearish,14.300000190734863,Consumer Cyclical,Internet Retail,0.55,1.2,0.66,"[[""Daily DM9 Top"", 9, 0.55]]",,,
2026-08-20,JACK,Bearish,16.600000381469727,Consumer Cyclical,Restaurants,0.55,1.2,0.66,"[[""Daily DM9 Top"", 9, 0.55]]",,,
2026-08-20,CRWD,Bearish,190.33999633789062,Technology,Software - Infrastructure,0.65,1.0,0.65,"[[""Daily DM9 Top"", 7, 0.65]]",,,
2026-08-20,FTDR,Bearish,81.94000244140625,Consumer Cyclical,Personal Services,0.65,1.0,0.65,"[[""Daily DM9 Top"", 7, 0.65]]",,,
2026-08-20,AA,Bearish,50.54999923706055,Basic Materials,Aluminum,0.65,1.0,0.65,"[[""Daily DM9 Top"", 7, 0.65]]",,,
2026-08-20,PANW,Bearish,349.55999755859375,Technology,Software - Infrastructure,0.65,1.0,0.65,"[[""Daily DM9 Top"", 7, 0.65]]",,,
2026-08-20,LEU,Bearish,176.1300048828125,Energy,Uranium,0.65,1.0,0.65,"[[""Daily DM9 Top"", 7, 0.65]]",,,
2026-08-20,AEE,Bullish,108.79000091552734,Utilities,Utilities - Regulated Electric,0.65,1.0,0.65,"[[""Daily DM9 Bottom"", 7, 0.65]]",,,
2026-08-20,ORCL,Bearish,142.07000732421875,Technology,Software - Infrastructure,0.65,1.0,0.65,"[[""Daily DM9 Top"", 7, 0.65]]",,,
2026-08-20,DTE,Bullish,138.14999389648438,Utilities,Utilities - Regulated Electric,0.65,1.0,0.65,"[[""Daily DM9 Bottom"", 7, 0.65]]",,,
2026-08-20,MZTI,Bearish,112.88999938964844,Consumer Defensive,Packaged Foods,0.65,1.0,0.65,"[[""Daily DM9 Top"", 7, 0.65]]",,,
2026-08-20,WPC,Bullish,72.01000213623047,Real Estate,REIT - Diversified,0.65,1.0,0.65,"[[""Daily DM9 Bottom"", 7, 0.65]]",,,
2026-08-20,PLD,Bullish,140.67999267578125,Real Estate,REIT - Industrial,0.65,1.0,0.65,"[[""Daily DM9 Bottom"", 7, 0.65]]",,,
2026-08-20,CMS,Bullish,69.83000183105469,Utilities,Utilities - Regulated Electric,0.65,1.0,0.65,"[[""Daily DM9 Bottom"", 7, 0.65]]",,,
2026-08-20,TEM,Bearish,66.6500015258789,Healthcare,Health Information Services,0.65,1.0,0.65,"[[""Daily DM9 Top"", 7, 0.65]]",,,
2026-08-20,O,Bullish,63.16999816894531,Real Estate,REIT - Retail,0.65,1.0,0.65,"[[""Daily DM9 Bottom"", 7, 0.65]]",,,
2026-08-20,ACGL,Bullish,99.30999755859375,Financial,Insurance - Diversified,0.65,1.0,0.65,"[[""Daily DM9 Bottom"", 7, 0.65]]",,,
2026-08-20,ATO,Bullish,170.52000427246094,Utilities,Utilities - Regulated Gas,0.65,1.0,0.65,"[[""Daily DM9 Bottom"", 7, 0.65]]",,,
2026-08-20,GATX,Bullish,176.6999969482422,Industrials,Rental & Leasing Services,0.65,1.0,0.65,"[[""Daily DM9 Bottom"", 7, 0.65]]",,,
2026-08-20,PI,Bearish,159.72999572753906,Technology,Semiconductors,0.65,1.0,0.65,"[[""Daily DM9 Top"", 7, 0.65]]",,,
2026-08-20,PBA,Bullish,49.16999816894531,Energy,Oil & Gas Midstream,0.55,1.1,0.61,"[[""Daily DM9 Bottom"", 9, 0.55]]",,,
2026-08-20,SHOO,Bearish,45.709999084472656,Consumer Cyclical,Footwear & Accessories,0.55,1.1,0.61,"[[""Daily DM9 Top"", 9, 0.55]]",,,
2026-08-20,NATL,Bullish,46.810001373291016,Technology,Software - Application,0.55,1.1,0.61,"[[""Daily DM9 Bottom"", 9, 0.55]]",,,
2026-08-20,EPAC,Bearish,36.9900016784668,Industrials,Specialty Industrial Machinery,0.55,1.1,0.61,"[[""Daily DM9 Top"", 9, 0.55]]",,,
2026-08-20,ACAD,Bearish,29.040000915527344,Healthcare,Biotechnology,0.55,1.1,0.61,"[[""Daily DM9 Top"", 9, 0.55]]",,,
2026-08-20,LIF,Bearish,45.81999969482422,Technology,Software - Application,0.55,1.1,0.61,"[[""Daily DM9 Top"", 9, 0.55]]",,,
2026-08-20,ING,Bearish,34.5,Financial,Banks - Diversified,0.55,1.1,0.61,"[[""Daily DM9 Top"", 9, 0.55]]",,,
2026-08-20,RL,Bearish,372.5199890136719,Consumer Cyclical,Apparel Manufacturing,0.6,1.0,0.6,"[[""Daily DM9 Top"", 8, 0.6]]",,,
2026-08-20,IFF,Bearish,83.38999938964844,Basic Materials,Specialty Chemicals,0.6,1.0,0.6,"[[""Daily DM9 Top"", 8, 0.6]]",,,
2026-08-20,IDCC,Bearish,341.92999267578125,Technology,Software - Application,0.6,1.0,0.6,"[[""Daily DM9 Top"", 8, 0.6]]",,,
2026-08-20,GRMN,Bearish,293.0899963378906,Technology,Scientific & Technical Instruments,0.6,1.0,0.6,"[[""Daily DM9 Top"", 8, 0.6]]",,,
2026-08-20,AEP,Bullish,125.69999694824219,Utilities,Utilities - Regulated Electric,0.6,1.0,0.6,"[[""Daily DM9 Bottom"", 8, 0.6]]",,,
2026-08-20,MH,Bearish,12.859999656677246,Consumer Defensive,Education & Training Services,0.5,1.2,0.6,"[[""Daily DM9 Top"", 10, 0.5]]",,,
2026-08-20,WEC,Bullish,108.51000213623047,Utilities,Utilities - Regulated Electric,0.6,1.0,0.6,"[[""Daily DM9 Bottom"", 8, 0.6]]",,,
2026-08-20,JBLU,Bearish,4.739999771118164,Industrials,Airlines,0.5,1.2,0.6,"[[""Daily DM9 Top"", 10, 0.5]]",,,
2026-08-20,EW,Bearish,89.83000183105469,Healthcare,Medical Devices,0.6,1.0,0.6,"[[""Daily DM9 Top"", 8, 0.6]]",,,
2026-08-20,PEG,Bullish,74.62000274658203,Utilities,Utilities - Regulated Electric,0.6,1.0,0.6,"[[""Daily DM9 Bottom"", 8, 0.6]]",,,
2026-08-20,VSTS,Bullish,12.819999694824219,Industrials,Rental & Leasing Services,0.5,1.2,0.6,"[[""Daily DM9 Bottom"", 10, 0.5]]",,,
2026-08-20,IDXX,Bearish,545.8599853515625,Healthcare,Diagnostics & Research,0.6,1.0,0.6,"[[""Daily DM9 Top"", 8, 0.6]]",,,
2026-08-20,SO,Bullish,91.43000030517578,Utilities,Utilities - Regulated Electric,0.6,1.0,0.6,"[[""Daily DM9 Bottom"", 8, 0.6]]",,,
2026-08-20,BABA,Bearish,130.52999877929688,Consumer Cyclical,Internet Retail,0.6,1.0,0.6,"[[""Daily DM9 Top"", 8, 0.6]]",,,
2026-08-20,SHW,Bearish,346.9100036621094,Basic Materials,Specialty Chemicals,0.6,1.0,0.6,"[[""Daily DM9 Top"", 8, 0.6]]",,,
2026-08-20,CVS,Bullish,93.6500015258789,Healthcare,Healthcare Plans,0.6,1.0,0.6,"[[""Daily DM9 Bottom"", 8, 0.6]]",,,
2026-08-20,RITM,Bearish,10.15999984741211,Real Estate,REIT - Mortgage,0.5,1.2,0.6,"[[""Daily DM9 Top"", 10, 0.5]]",,,
2026-08-20,SWK,Bearish,98.8499984741211,Industrials,Tools & Accessories,0.55,1.0,0.55,"[[""Daily DM9 Top"", 9, 0.55]]",,,
2026-08-20,BEN,Bearish,33.970001220703125,Financial,Asset Management,0.5,1.1,0.55,"[[""Daily DM9 Top"", 10, 0.5]]",,,
2026-08-20,BOOT,Bearish,160.22000122070312,Consumer Cyclical,Apparel Retail,0.55,1.0,0.55,"[[""Daily DM9 Top"", 9, 0.55]]",,,
2026-08-20,WIX,Bearish,82.38999938964844,Technology,Software - Infrastructure,0.55,1.0,0.55,"[[""Daily DM9 Top"", 9, 0.55]]",,,
2026-08-20,TPR,Bearish,129.82000732421875,Consumer Cyclical,Luxury Goods,0.55,1.0,0.55,"[[""Daily DM9 Top"", 9, 0.55]]",,,
2026-08-20,NEE,Bullish,85.02999877929688,Utilities,Utilities - Regulated Electric,0.55,1.0,0.55,"[[""Daily DM9 Bottom"", 9, 0.55]]",,,
2026-08-20,DASH,Bearish,222.36000061035156,Consumer Cyclical,Internet Retail,0.55,1.0,0.55,"[[""Daily DM9 Top"", 9, 0.55]]",,,
2026-08-20,CHD,Bearish,97.41000366210938,Consumer Defensive,Household & Personal Products,0.55,1.0,0.55,"[[""Daily DM9 Top"", 9, 0.55]]",,,
2026-08-20,MHK,Bearish,133.47000122070312,Consumer Cyclical,"Furnishings, Fixtures & Appliances",0.55,1.0,0.55,"[[""Daily DM9 Top"", 9, 0.55]]",,,
2026-08-20,IRTC,Bearish,127.9800033569336,Healthcare,Medical Devices,0.55,1.0,0.55,"[[""Daily DM9 Top"", 9, 0.55]]",,,
2026-08-20,WSM,Bearish,235.6999969482422,Consumer Cyclical,Specialty Retail,0.55,1.0,0.55,"[[""Daily DM9 Top"", 9, 0.55]]",,,
2026-08-20,AVB,Bearish,184.05999755859375,Real Estate,REIT - Residential,0.55,1.0,0.55,"[[""Daily DM9 Top"", 9, 0.55]]",,,
2026-08-20,IT,Bearish,193.67999267578125,Technology,Information Technology Services,0.55,1.0,0.55,"[[""Daily DM9 Top"", 9, 0.55]]",,,
2026-08-20,TRMB,Bearish,59.68000030517578,Technology,Scientific & Technical Instruments,0.55,1.0,0.55,"[[""Daily DM9 Top"", 9, 0.55]]",,,
2026-08-20,CHTR,Bearish,147.75999450683594,Communication Services,Telecom Services,0.55,1.0,0.55,"[[""Daily DM9 Top"", 9, 0.55]]",,,
2026-08-20,SHAK,Bearish,73.8499984741211,Consumer Cyclical,Restaurants,0.55,1.0,0.55,"[[""Daily DM9 Top"", 9, 0.55]]",,,
2026-08-20,GPC,Bearish,132.9199981689453,Consumer Cyclical,Auto Parts,0.55,1.0,0.55,"[[""Daily DM9 Top"", 9, 0.55]]",,,
2026-08-20,MSFT,Bearish,481.1499938964844,Technology,Software - Infrastructure,0.55,1.0,0.55,"[[""Daily DM9 Top"", 9, 0.55]]",,,
2026-08-20,OLLI,Bearish,74.75,Consumer Defensive,Discount Stores,0.55,1.0,0.55,"[[""Daily DM9 Top"", 9, 0.55]]",,,
2026-08-20,ULTA,Bearish,515.1400146484375,Consumer Cyclical,Specialty Retail,0.55,1.0,0.55,"[[""Daily DM9 Top"", 9, 0.55]]",,,
2026-08-20,STAG,Bullish,36.369998931884766,Real Estate,REIT - Industrial,0.5,1.1,0.55,"[[""Daily DM9 Bottom"", 10, 0.5]]",,,
2026-08-20,APAM,Bearish,42.04999923706055,Financial,Asset Management,0.5,1.1,0.55,"[[""Daily DM9 Top"", 10, 0.5]]",,,
2026-08-20,POR,Bullish,50.16999816894531,Utilities,Utilities - Regulated Electric,0.5,1.0,0.5,"[[""Daily DM9 Bottom"", 10, 0.5]]",,,
2026-08-20,ADM,Bullish,81.69999694824219,Consumer Defensive,Farm Products,0.5,1.0,0.5,"[[""Daily DM9 Bottom"", 10, 0.5]]",,,
2026-08-20,JBHT,Bullish,274.4700012207031,Industrials,Integrated Freight & Logistics,0.5,1.0,0.5,"[[""Daily DM9 Bottom"", 10, 0.5]]",,,
2026-08-20,NFE,Bullish,0.29980000853538513,Energy,Oil & Gas Midstream,1.0,0.5,0.5,"[[""Daily DM9 Bottom"", 0, 1.0]]",,,
2026-08-20,LULU,Bearish,115.69000244140625,Consumer Cyclical,Apparel Retail,0.5,1.0,0.5,"[[""Daily DM9 Top"", 10, 0.5]]",,,
2026-08-20,RIO,Bearish,102.16999816894531,Basic Materials,Other Industrial Metals & Mining,0.5,1.0,0.5,"[[""Daily DM9 Top"", 10, 0.5]]",,,
2026-08-20,PDD,Bearish,89.5199966430664,Consumer Cyclical,Internet Retail,0.5,1.0,0.5,"[[""Daily DM9 Top"", 10, 0.5]]",,,
2026-08-20,COF,Bearish,212.47999572753906,Financial,Credit Services,0.5,1.0,0.5,"[[""Daily DM9 Top"", 10, 0.5]]",,,
2026-08-20,ODFL,Bullish,204.52000427246094,Industrials,Trucking,0.5,1.0,0.5,"[[""Daily DM9 Bottom"", 10, 0.5]]",,,
2026-08-20,CHRW,Bullish,143.8300018310547,Industrials,Integrated Freight & Logistics,0.5,1.0,0.5,"[[""Daily DM9 Bottom"", 10, 0.5]]",,,
2026-08-20,TRNO,Bullish,68.4000015258789,Real Estate,REIT - Industrial,0.5,1.0,0.5,"[[""Daily DM9 Bottom"", 10, 0.5]]",,,
2026-08-20,SYF,Bearish,76.70999908447266,Financial,Credit Services,0.5,1.0,0.5,"[[""Daily DM9 Top"", 10, 0.5]]",,,
2026-08-20,EQR,Bearish,63.65999984741211,Real Estate,REIT - Residential,0.5,1.0,0.5,"[[""Daily DM9 Top"", 10, 0.5]]",,,
2026-08-20,VERI,Bearish,0.8447999954223633,Technology,Software - Infrastructure,0.65,0.5,0.33,"[[""Daily DM9 Top"", 7, 0.65]]",,,
2026-08-21,ABT,Bearish,116.63999938964844,Healthcare,Medical Devices,6.5,1.0,6.5,"[[""Weekly DM13 Top"", 0, 3.0], [""Daily DM13 Top"", 0, 2.0]]",,,
2026-08-21,ARRY,Bullish,4.690000057220459,Technology,Solar,5.4,1.2,6.48,"[[""Weekly DM13 Bottom"", 0, 3.0], [""Daily DM9 Bottom"", 2, 0.9]]",,,
2026-08-21,LX,Bullish,1.3300000429153442,Financial,Credit Services,5.23,1.2,6.28,"[[""Weekly DM9 Bottom"", 1, 1.8333333333333333], [""Daily DM13 Bottom"", 1, 1.9]]",,,
2026-08-21,AMPL,Bearish,13.289999961853027,Technology,Software - Application,5.0,1.2,6.0,"[[""Weekly DM9 Top"", 0, 2.0], [""Daily DM13 Top"", 5, 1.5]]",,,
2026-08-21,GMAB,Bearish,33.45000076293945,Healthcare,Biotechnology,5.4,1.1,5.94,"[[""Weekly DM9 Top"", 0, 2.0], [""Daily DM13 Top"", 1, 1.9]]",,,
2026-08-21,NTSK,Bearish,14.510000228881836,Technology,Software - Application,4.9,1.2,5.88,"[[""Weekly DM9 Top"", 0, 2.0], [""Daily DM13 Top"", 6, 1.4]]",,,
2026-08-21,PATH,Bearish,16.389999389648438,Technology,Software - Infrastructure,4.9,1.2,5.88,"[[""Weekly DM9 Top"", 0, 2.0], [""Daily DM13 Top"", 6, 1.4]]",,,
2026-08-21,SATL,Bullish,5.71999979019165,Industrials,Aerospace & Defense,4.83,1.2,5.8,"[[""Weekly DM9 Bottom"", 4, 1.3333333333333335], [""Wyckoff LPS"", 0, 2.0]]",,,
2026-08-21,NPWR,Bullish,1.7000000476837158,Industrials,Specialty Industrial Machinery,4.83,1.2,5.8,"[[""Weekly DM9 Bottom"", 4, 1.3333333333333335], [""Wyckoff LPS"", 0, 2.0]]",,,
2026-08-21,CXM,Bearish,7.400000095367432,Technology,Software - Application,4.8,1.2,5.76,"[[""Weekly DM9 Top"", 0, 2.0], [""Daily DM13 Top"", 7, 1.3]]",,,
2026-08-21,CAKE,Bearish,113.33000183105469,Consumer Cyclical,Restaurants,5.65,1.0,5.65,"[[""Weekly DM13 Top"", 1, 2.75], [""Daily DM13 Top"", 6, 1.4]]",,,
2026-08-21,MMSI,Bearish,90.77999877929688,Healthcare,Medical Instruments & Supplies,5.55,1.0,5.55,"[[""Weekly DM13 Top"", 1, 2.75], [""Daily DM13 Top"", 7, 1.3]]",,,
2026-08-21,SN,Bearish,180.75999450683594,Consumer Cyclical,"Furnishings, Fixtures & Appliances",5.55,1.0,5.55,"[[""Weekly DM13 Top"", 1, 2.75], [""Daily DM13 Top"", 7, 1.3]]",,,
2026-08-21,WK,Bearish,74.83000183105469,Technology,Software - Application,5.5,1.0,5.5,"[[""Weekly DM9 Top"", 0, 2.0], [""Daily DM13 Top"", 0, 2.0]]",,,
2026-08-21,S,Bearish,21.190000534057617,Technology,Software - Infrastructure,4.9,1.1,5.39,"[[""Weekly DM9 Top"", 0, 2.0], [""Daily DM13 Top"", 6, 1.4]]",,,
2026-08-21,BKSY,Bullish,27.75,Industrials,Specialty Business Services,4.83,1.1,5.32,"[[""Weekly DM9 Bottom"", 4, 1.3333333333333335], [""Wyckoff LPS"", 0, 2.0]]",,,
2026-08-21,U,Bearish,46.93000030517578,Technology,Software - Application,4.8,1.1,5.28,"[[""Weekly DM9 Top"", 0, 2.0], [""Daily DM13 Top"", 7, 1.3]]",,,
2026-08-21,GEN,Bearish,28.93000030517578,Technology,Software - Infrastructure,4.8,1.1,5.28,"[[""Weekly DM9 Top"", 0, 2.0], [""Daily DM13 Top"", 7, 1.3]]",,,
2026-08-21,BILL,Bearish,47.81999969482422,Technology,Software - Application,4.8,1.1,5.28,"[[""Weekly DM9 Top"", 0, 2.0], [""Daily DM13 Top"", 7, 1.3]]",,,
2026-08-21,GTLB,Bearish,41.66999816894531,Technology,Software - Infrastructure,4.8,1.1,5.28,"[[""Weekly DM9 Top"", 0, 2.0], [""Daily DM13 Top"", 7, 1.3]]",,,
2026-08-21,ADPT,Bearish,25.989999771118164,Healthcare,Biotechnology,4.75,1.1,5.23,"[[""Weekly DM13 Top"", 1, 2.75], [""Daily DM9 Top"", 10, 0.5]]",,,
2026-08-21,SITC,Bullish,3.069999933242798,Real Estate,REIT - Retail,4.35,1.2,5.22,"[[""Weekly DM13 Bottom"", 3, 2.25], [""Daily DM9 Bottom"", 8, 0.6]]",,,
2026-08-21,CHYM,Bearish,32.779998779296875,Technology,Software - Application,4.73,1.1,5.21,"[[""Weekly DM9 Top"", 1, 1.8333333333333333], [""Daily DM13 Top"", 6, 1.4]]",,,
2026-08-21,NIQ,Bearish,18.780000686645508,Financial,Closed-End Fund - Debt,4.33,1.2,5.2,"[[""Weekly DM9 Top"", 1, 1.8333333333333333], [""Daily DM9 Top"", 0, 1.0]]",,,
2026-08-21,FRSH,Bearish,12.979999542236328,Technology,Software - Application,4.33,1.2,5.2,"[[""Weekly DM9 Top"", 1, 1.8333333333333333], [""Daily DM9 Top"", 0, 1.0]]",,,
2026-08-21,ITGR,Bearish,125.19999694824219,Healthcare,Medical Devices,5.1,1.0,5.1,"[[""Weekly DM13 Top"", 2, 2.5], [""Daily DM13 Top"", 9, 1.1]]",,,
2026-08-21,CRL,Bearish,295.19000244140625,Healthcare,Diagnostics & Research,5.05,1.0,5.05,"[[""Weekly DM13 Top"", 1, 2.75], [""Daily DM9 Top"", 4, 0.8]]",,,
2026-08-21,SAN,Bearish,14.59000015258789,Financial,Banks - Diversified,4.2,1.2,5.04,"[[""Weekly DM9 Top"", 3, 1.5], [""Daily DM13 Top"", 8, 1.2]]",,,
2026-08-21,STGW,Bearish,8.725000381469727,Communication Services,Advertising Agencies,4.2,1.2,5.04,"[[""Weekly DM9 Top"", 3, 1.5], [""Daily DM13 Top"", 8, 1.2]]",,,
2026-08-21,LFMD,Bullish,3.309999942779541,Healthcare,Health Information Services,4.18,1.2,5.02,"[[""Weekly DM9 Bottom"", 1, 1.8333333333333333], [""Daily DM9 Bottom"", 3, 0.85]]",,,
2026-08-21,TTEK,Bearish,37.0,Industrials,Engineering & Construction,4.53,1.1,4.99,"[[""Weekly DM9 Top"", 1, 1.8333333333333333], [""Daily DM13 Top"", 8, 1.2]]",,,
2026-08-21,ZS,Bearish,181.7449951171875,Technology,Software - Infrastructure,4.9,1.0,4.9,"[[""Weekly DM9 Top"", 0, 2.0], [""Daily DM13 Top"", 6, 1.4]]",,,
2026-08-21,CLMT,Bearish,49.0099983215332,Basic Materials,Specialty Chemicals,4.45,1.1,4.9,"[[""Weekly DM9 Top"", 0, 2.0], [""Daily DM9 Top"", 1, 0.95]]",,,
2026-08-21,FRPT,Bearish,73.96499633789062,Consumer Defensive,Packaged Foods,4.9,1.0,4.9,"[[""Weekly DM9 Top"", 3, 1.5], [""Daily DM13 Top"", 1, 1.9]]",,,
2026-08-21,SNOW,Bearish,332.7799987792969,Technology,Software - Application,4.8,1.0,4.8,"[[""Weekly DM9 Top"", 0, 2.0], [""Daily DM13 Top"", 7, 1.3]]",,,
2026-08-21,TTAN,Bearish,94.87000274658203,Technology,Software - Application,4.8,1.0,4.8,"[[""Weekly DM9 Top"", 0, 2.0], [""Daily DM13 Top"", 7, 1.3]]",,,
2026-08-21,GRMN,Bearish,294.8500061035156,Technology,Scientific & Technical Instruments,4.8,1.0,4.8,"[[""Weekly DM9 Top"", 0, 2.0], [""Daily DM13 Top"", 7, 1.3]]",,,
2026-08-21,VEEV,Bearish,247.89999389648438,Healthcare,Health Information Services,4.8,1.0,4.8,"[[""Weekly DM9 Top"", 0, 2.0], [""Daily DM13 Top"", 7, 1.3]]",,,
2026-08-21,GTX,Bullish,26.6200008392334,Consumer Cyclical,Auto Parts,4.35,1.1,4.79,"[[""Weekly DM9 Bottom"", 0, 2.0], [""Daily DM9 Bottom"", 3, 0.85]]",,,
2026-08-21,QLYS,Bearish,181.97999572753906,Technology,Software - Infrastructure,4.75,1.0,4.75,"[[""Weekly DM13 Top"", 5, 1.7499999999999998], [""Daily DM13 Top"", 5, 1.5]]",,,
2026-08-21,REGN,Bearish,834.0399780273438,Healthcare,Biotechnology,4.73,1.0,4.73,"[[""Weekly DM9 Top"", 1, 1.8333333333333333], [""Daily DM13 Top"", 6, 1.4]]",,,
2026-08-21,INTA,Bearish,41.349998474121094,Technology,Software - Application,4.3,1.1,4.73,"[[""Weekly DM9 Top"", 3, 1.5], [""Daily DM13 Top"", 7, 1.3]]",,,
2026-08-21,VIA,Bearish,26.989999771118164,Technology,Software - Application,4.3,1.1,4.73,"[[""Weekly DM9 Top"", 3, 1.5], [""Daily DM13 Top"", 7, 1.3]]",,,
2026-08-21,BLK,Bearish,1156.550048828125,Financial,Asset Management,4.7,1.0,4.7,"[[""Weekly DM9 Top"", 0, 2.0], [""Daily DM13 Top"", 8, 1.2]]",,,
2026-08-21,NAT,Bearish,6.96999979019165,Energy,Oil & Gas Midstream,3.9,1.2,4.68,"[[""Weekly DM9 Top"", 3, 1.5], [""Daily DM9 Top"", 2, 0.9]]",,,
2026-08-21,GKOS,Bearish,184.88999938964844,Healthcare,Medical Devices,4.67,1.0,4.67,"[[""Weekly DM9 Top"", 2, 1.6666666666666667], [""Daily DM13 Top"", 5, 1.5]]",,,
2026-08-21,ZBRA,Bearish,368.510009765625,Technology,Communication Equipment,4.63,1.0,4.63,"[[""Weekly DM9 Top"", 1, 1.8333333333333333], [""Daily DM13 Top"", 7, 1.3]]",,,
2026-08-21,HQY,Bearish,105.41000366210938,Healthcare,Health Information Services,4.63,1.0,4.63,"[[""Weekly DM9 Top"", 1, 1.8333333333333333], [""Daily DM13 Top"", 7, 1.3]]",,,
2026-08-21,AMLX,Bearish,38.65999984741211,Healthcare,Biotechnology,4.2,1.1,4.62,"[[""Weekly DM9 Top"", 3, 1.5], [""Daily DM13 Top"", 8, 1.2]]",,,
2026-08-21,HNI,Bearish,49.22999954223633,Consumer Cyclical,"Furnishings, Fixtures & Appliances",4.2,1.1,4.62,"[[""Weekly DM9 Top"", 3, 1.5], [""Daily DM13 Top"", 8, 1.2]]",,,
2026-08-21,SE,Bearish,117.52999877929688,Consumer Cyclical,Internet Retail,4.57,1.0,4.57,"[[""Weekly DM9 Top"", 2, 1.6666666666666667], [""Daily DM13 Top"", 6, 1.4]]",,,
2026-08-21,ACT,Bearish,49.189998626708984,Financial,Insurance - Specialty,4.13,1.1,4.55,"[[""Weekly DM9 Top"", 1, 1.8333333333333333], [""Daily DM9 Top"", 4, 0.8]]",,,
2026-08-21,BDX,Bearish,192.0,Healthcare,Medical Instruments & Supplies,4.53,1.0,4.53,"[[""Weekly DM9 Top"", 1, 1.8333333333333333], [""Daily DM13 Top"", 8, 1.2]]",,,
2026-08-21,WTW,Bearish,341.989990234375,Financial,Insurance Brokers,4.53,1.0,4.53,"[[""Weekly DM9 Top"", 1, 1.8333333333333333], [""Daily DM13 Top"", 8, 1.2]]",,,
2026-08-21,DOV,Bullish,201.9199981689453,Industrials,Specialty Industrial Machinery,4.5,1.0,4.5,"[[""Weekly DM9 Bottom"", 0, 2.0], [""Daily DM9 Bottom"", 0, 1.0]]",,,
2026-08-21,CDNS,Bullish,319.0199890136719,Technology,Software - Application,4.45,1.0,4.45,"[[""Weekly DM9 Bottom"", 0, 2.0], [""Daily DM9 Bottom"", 1, 0.95]]",,,
2026-08-21,ANF,Bearish,109.01000213623047,Consumer Cyclical,Apparel Retail,4.3,1.0,4.3,"[[""Weekly DM9 Top"", 3, 1.5], [""Daily DM13 Top"", 7, 1.3]]",,,
2026-08-21,SPSC,Bearish,81.08999633789062,Technology,Software - Application,4.28,1.0,4.28,"[[""Weekly DM9 Top"", 1, 1.8333333333333333], [""Daily DM9 Top"", 1, 0.95]]",,,
2026-08-21,MPC,Bearish,360.7200012207031,Energy,Oil & Gas Refining & Marketing,4.28,1.0,4.28,"[[""Weekly DM9 Top"", 1, 1.8333333333333333], [""Daily DM9 Top"", 1, 0.95]]",,,
2026-08-21,RPRX,Bearish,61.310001373291016,Healthcare,Biotechnology,4.28,1.0,4.28,"[[""Weekly DM9 Top"", 1, 1.8333333333333333], [""Daily DM9 Top"", 1, 0.95]]",,,
2026-08-21,KNTK,Bearish,54.5,Energy,Oil & Gas Midstream,4.28,1.0,4.28,"[[""Weekly DM9 Top"", 1, 1.8333333333333333], [""Daily DM9 Top"", 1, 0.95]]",,,
2026-08-21,MRK,Bearish,152.5500030517578,Healthcare,Drug Manufacturers - General,4.23,1.0,4.23,"[[""Weekly DM9 Top"", 1, 1.8333333333333333], [""Daily DM9 Top"", 2, 0.9]]",,,
2026-08-21,DECK,Bullish,91.68000030517578,Consumer Cyclical,Footwear & Accessories,4.23,1.0,4.23,"[[""Weekly DM9 Bottom"", 1, 1.8333333333333333], [""Daily DM9 Bottom"", 2, 0.9]]",,,
2026-08-21,BX,Bearish,143.3800048828125,Financial,Asset Management,4.2,1.0,4.2,"[[""Weekly DM9 Top"", 0, 2.0], [""Daily DM9 Top"", 6, 0.7]]",,,
2026-08-21,VCTR,Bearish,115.62999725341797,Financial,Asset Management,4.2,1.0,4.2,"[[""Weekly DM9 Top"", 0, 2.0], [""Daily DM9 Top"", 6, 0.7]]",,,
2026-08-21,URGN,Bearish,46.86000061035156,Healthcare,Biotechnology,3.8,1.1,4.18,"[[""Weekly DM9 Top"", 3, 1.5], [""Daily DM9 Top"", 4, 0.8]]",,,
2026-08-21,CRNX,Bearish,84.69000244140625,Healthcare,Biotechnology,4.13,1.0,4.13,"[[""Weekly DM9 Top"", 1, 1.8333333333333333], [""Daily DM9 Top"", 4, 0.8]]",,,
2026-08-21,OKTA,Bearish,135.13999938964844,Technology,Software - Infrastructure,4.05,1.0,4.05,"[[""Weekly DM13 Top"", 4, 2.0], [""Daily DM9 Top"", 9, 0.55]]",,,
2026-08-21,TENB,Bearish,34.380001068115234,Technology,Software - Infrastructure,3.6,1.1,3.96,"[[""Weekly DM13 Top"", 6, 1.5], [""Daily DM9 Top"", 8, 0.6]]",,,
2026-08-21,PTGX,Bearish,154.32000732421875,Healthcare,Biotechnology,3.85,1.0,3.85,"[[""Weekly DM9 Top"", 3, 1.5], [""Daily DM9 Top"", 3, 0.85]]",,,
2026-08-21,LI,Bullish,13.050000190734863,Consumer Cyclical,Auto Manufacturers,3.2,1.2,3.84,"[[""Weekly DM9 Bottom"", 6, 1.0], [""Daily DM9 Bottom"", 6, 0.7]]",,,
2026-08-21,PSNL,Bearish,18.3799991607666,Healthcare,Diagnostics & Research,3.1,1.2,3.72,"[[""Weekly DM9 Top"", 6, 1.0], [""Daily DM9 Top"", 8, 0.6]]",,,
2026-08-21,IMVT,Bearish,44.369998931884766,Healthcare,Biotechnology,3.35,1.1,3.69,"[[""Weekly DM9 Top"", 6, 1.0], [""Daily DM9 Top"", 3, 0.85]]",,,
2026-08-21,AGIO,Bearish,33.09000015258789,Healthcare,Biotechnology,3.35,1.1,3.69,"[[""Weekly DM9 Top"", 6, 1.0], [""Daily DM9 Top"", 3, 0.85]]",,,
2026-08-21,RUN,Bullish,9.15999984741211,Technology,Solar,3.0,1.2,3.6,"[[""Weekly DM13 Bottom"", 0, 3.0]]",,,
2026-08-21,BAC,Bearish,61.689998626708984,Financial,Banks - Diversified,3.58,1.0,3.58,"[[""Weekly DM9 Top"", 4, 1.3333333333333335], [""Daily DM9 Top"", 5, 0.75]]",,,
2026-08-21,JPM,Bearish,351.5799865722656,Financial,Banks - Diversified,3.58,1.0,3.58,"[[""Weekly DM9 Top"", 4, 1.3333333333333335], [""Daily DM9 Top"", 5, 0.75]]",,,
2026-08-21,AWR,Bearish,88.62999725341797,Utilities,Utilities - Regulated Water,3.52,1.0,3.52,"[[""Weekly DM9 Top"", 5, 1.1666666666666665], [""Daily DM9 Top"", 3, 0.85]]",,,
2026-08-21,GOOG,Bullish,341.75,Communication Services,Internet Content & Information,3.52,1.0,3.52,"[[""Weekly DM9 Bottom"", 5, 1.1666666666666665], [""Daily DM9 Bottom"", 3, 0.85]]",,,
2026-08-21,EIX,Bearish,71.58999633789062,Utilities,Utilities - Regulated Electric,3.5,1.0,3.5,"[[""Weekly DM9 Top"", 6, 1.0], [""Daily DM9 Top"", 0, 1.0]]",,,
2026-08-21,ARDX,Bullish,3.890000104904175,Healthcare,Biotechnology,2.75,1.2,3.3,"[[""Weekly DM13 Bottom"", 1, 2.75]]",,,
2026-08-21,AIV,Bullish,2.619999885559082,Real Estate,REIT - Residential,2.75,1.2,3.3,"[[""Weekly DM13 Bottom"", 1, 2.75]]",,,
2026-08-21,NUVB,Bearish,6.929999828338623,Healthcare,Biotechnology,2.75,1.2,3.3,"[[""Weekly DM13 Top"", 1, 2.75]]",,,
2026-08-21,WTS,Bearish,375.57000732421875,Industrials,Specialty Industrial Machinery,3.15,1.0,3.15,"[[""Weekly DM9 Top"", 6, 1.0], [""Daily DM9 Top"", 7, 0.65]]",,,
2026-08-21,QGEN,Bearish,44.06999969482422,Healthcare,Diagnostics & Research,2.75,1.1,3.03,"[[""Weekly DM13 Top"", 1, 2.75]]",,,
2026-08-21,AMSC,Bullish,30.010000228881836,Industrials,Specialty Industrial Machinery,2.75,1.1,3.03,"[[""Weekly DM13 Bottom"", 1, 2.75]]",,,
2026-08-21,BMI,Bearish,131.80999755859375,Technology,Scientific & Technical Instruments,3.0,1.0,3.0,"[[""Weekly DM9 Top"", 6, 1.0], [""Daily DM9 Top"", 10, 0.5]]",,,
2026-08-21,BRO,Bearish,72.91999816894531,Financial,Insurance Brokers,3.0,1.0,3.0,"[[""Weekly DM13 Top"", 0, 3.0]]",,,
2026-08-21,TECH,Bearish,72.31999969482422,Healthcare,Biotechnology,3.0,1.0,3.0,"[[""Weekly DM13 Top"", 0, 3.0]]",,,
2026-08-21,LBRT,Bullish,19.360000610351562,Energy,Oil & Gas Equipment & Services,2.5,1.2,3.0,"[[""Weekly DM13 Bottom"", 2, 2.5]]",,,
2026-08-21,INCY,Bearish,127.80999755859375,Healthcare,Biotechnology,3.0,1.0,3.0,"[[""Weekly DM13 Top"", 0, 3.0]]",,,
2026-08-21,AVTR,Bearish,14.460000038146973,Healthcare,Medical Instruments & Supplies,2.5,1.2,3.0,"[[""Weekly DM13 Top"", 2, 2.5]]",,,
2026-08-21,PUMP,Bullish,11.329999923706055,Energy,Oil & Gas Equipment & Services,2.5,1.2,3.0,"[[""Weekly DM13 Bottom"", 2, 2.5]]",,,
2026-08-21,MDT,Bearish,93.3499984741211,Healthcare,Medical Devices,3.0,1.0,3.0,"[[""Weekly DM13 Top"", 0, 3.0]]",,,
2026-08-21,EAT,Bearish,246.05999755859375,Consumer Cyclical,Restaurants,3.0,1.0,3.0,"[[""Weekly DM13 Top"", 0, 3.0]]",,,
2026-08-21,LW,Bearish,53.68000030517578,Consumer Defensive,Packaged Foods,3.0,1.0,3.0,"[[""Weekly DM13 Top"", 0, 3.0]]",,,
2026-08-21,SCHW,Bearish,112.30000305175781,Financial,Capital Markets,3.0,1.0,3.0,"[[""Weekly DM13 Top"", 0, 3.0]]",,,
2026-08-21,NSP,Bearish,52.790000915527344,Industrials,Staffing & Employment Services,2.75,1.0,2.75,"[[""Weekly DM13 Top"", 1, 2.75]]",,,
2026-08-21,APGE,Bearish,134.75,Healthcare,Biotechnology,2.75,1.0,2.75,"[[""Weekly DM13 Top"", 1, 2.75]]",,,
2026-08-21,SFNC,Bearish,23.010000228881836,Financial,Banks - Regional,2.5,1.1,2.75,"[[""Weekly DM13 Top"", 2, 2.5]]",,,
2026-08-21,WSBC,Bearish,40.86000061035156,Financial,Banks - Regional,2.5,1.1,2.75,"[[""Weekly DM13 Top"", 2, 2.5]]",,,
2026-08-21,CDNA,Bearish,48.61000061035156,Healthcare,Diagnostics & Research,2.5,1.1,2.75,"[[""Weekly DM13 Top"", 2, 2.5]]",,,
2026-08-21,HOMB,Bearish,30.270000457763672,Financial,Banks - Regional,2.5,1.1,2.75,"[[""Weekly DM13 Top"", 2, 2.5]]",,,
2026-08-21,TMO,Bearish,629.27001953125,Healthcare,Diagnostics & Research,2.75,1.0,2.75,"[[""Weekly DM13 Top"", 1, 2.75]]",,,
2026-08-21,BAX,Bearish,26.34000015258789,Healthcare,Medical Instruments & Supplies,2.5,1.1,2.75,"[[""Weekly DM13 Top"", 2, 2.5]]",,,
2026-08-21,BUSE,Bearish,30.299999237060547,Financial,Banks - Regional,2.5,1.1,2.75,"[[""Weekly DM13 Top"", 2, 2.5]]",,,
2026-08-21,EVTL,Bullish,0.7671999931335449,Industrials,Aerospace & Defense,5.45,0.5,2.73,"[[""Weekly DM13 Bottom"", 0, 3.0], [""Daily DM9 Bottom"", 1, 0.95]]",,,
2026-08-21,TUYA,Bullish,1.7999999523162842,Technology,Software - Infrastructure,2.25,1.2,2.7,"[[""Weekly DM13 Bottom"", 3, 2.25]]",,,
2026-08-21,SERV,Bullish,4.980000019073486,Industrials,Specialty Industrial Machinery,2.25,1.2,2.7,"[[""Weekly DM13 Bottom"", 3, 2.25]]",,,
2026-08-21,CRML,Bullish,7.110000133514404,Basic Materials,Other Industrial Metals & Mining,2.25,1.2,2.7,"[[""Weekly DM13 Bottom"", 3, 2.25]]",,,
2026-08-21,ARI,Bullish,6.929999828338623,Real Estate,REIT - Mortgage,2.25,1.2,2.7,"[[""Weekly DM13 Bottom"", 3, 2.25]]",,,
2026-08-21,SGML,Bullish,11.970000267028809,Basic Materials,Other Industrial Metals & Mining,2.25,1.2,2.7,"[[""Weekly DM13 Bottom"", 3, 2.25]]",,,
2026-08-21,CGC,Bullish,1.0499999523162842,Healthcare,Drug Manufacturers - Specialty & Generic,2.25,1.2,2.7,"[[""Weekly DM13 Bottom"", 3, 2.25]]",,,
2026-08-21,RGC,Bullish,5.300000190734863,Healthcare,Drug Manufacturers - Specialty & Generic,2.25,1.2,2.7,"[[""Weekly DM13 Bottom"", 3, 2.25]]",,,
2026-08-21,TXG,Bearish,65.12000274658203,Healthcare,Health Information Services,2.5,1.0,2.5,"[[""Weekly DM13 Top"", 2, 2.5]]",,,
2026-08-21,HALO,Bearish,108.16999816894531,Healthcare,Biotechnology,2.5,1.0,2.5,"[[""Weekly DM13 Top"", 2, 2.5]]",,,
2026-08-21,HWC,Bearish,75.37999725341797,Financial,Banks - Regional,2.5,1.0,2.5,"[[""Weekly DM13 Top"", 2, 2.5]]",,,
2026-08-21,BMRN,Bearish,66.69999694824219,Healthcare,Biotechnology,2.5,1.0,2.5,"[[""Weekly DM13 Top"", 2, 2.5]]",,,
2026-08-21,ICUI,Bearish,182.83999633789062,Healthcare,Medical Instruments & Supplies,2.5,1.0,2.5,"[[""Weekly DM13 Top"", 2, 2.5]]",,,
2026-08-21,KMX,Bearish,62.130001068115234,Consumer Cyclical,Auto & Truck Dealerships,2.5,1.0,2.5,"[[""Weekly DM13 Top"", 2, 2.5]]",,,
2026-08-21,HSBC,Bearish,104.1500015258789,Financial,Banks - Diversified,2.5,1.0,2.5,"[[""Weekly DM13 Top"", 2, 2.5]]",,,
2026-08-21,NBTB,Bearish,52.09000015258789,Financial,Banks - Regional,2.5,1.0,2.5,"[[""Weekly DM13 Top"", 2, 2.5]]",,,
2026-08-21,RTX,Bearish,209.91000366210938,Industrials,Aerospace & Defense,2.5,1.0,2.5,"[[""Weekly DM13 Top"", 2, 2.5]]",,,
2026-08-21,PAYX,Bearish,124.4749984741211,Technology,Software - Application,2.5,1.0,2.5,"[[""Weekly DM13 Top"", 2, 2.5]]",,,
2026-08-21,MUFG,Bearish,22.040000915527344,Financial,Banks - Diversified,2.25,1.1,2.48,"[[""Weekly DM13 Top"", 3, 2.25]]",,,
2026-08-21,OKLO,Bullish,42.09000015258789,Utilities,Utilities - Regulated Electric,2.25,1.1,2.48,"[[""Weekly DM13 Bottom"", 3, 2.25]]",,,
2026-08-21,GDYN,Bullish,8.0,Technology,Information Technology Services,2.0,1.2,2.4,"[[""Wyckoff LPS"", 0, 2.0]]",,,
2026-08-21,WB,Bullish,7.03000020980835,Communication Services,Internet Content & Information,2.0,1.2,2.4,"[[""Daily DM13 Bottom"", 0, 2.0]]",,,
2026-08-21,SHC,Bullish,19.56999969482422,Healthcare,Diagnostics & Research,2.0,1.2,2.4,"[[""Wyckoff LPS"", 0, 2.0]]",,,
2026-08-21,FLNC,Bullish,11.34000015258789,Utilities,Utilities - Renewable,2.0,1.2,2.4,"[[""Weekly DM9 Bottom"", 0, 2.0]]",,,
2026-08-21,CMPX,Bullish,2.4000000953674316,Healthcare,Biotechnology,2.0,1.2,2.4,"[[""Wyckoff LPS"", 0, 2.0]]",,,
2026-08-21,LILAK,Bullish,8.390000343322754,Communication Services,Telecom Services,2.0,1.2,2.4,"[[""Wyckoff LPS"", 0, 2.0]]",,,
2026-08-21,FIGS,Bullish,14.680000305175781,Consumer Cyclical,Apparel Manufacturing,2.0,1.2,2.4,"[[""Wyckoff LPS"", 0, 2.0]]",,,
2026-08-21,DV,Bullish,13.3100004196167,Technology,Software - Application,2.0,1.2,2.4,"[[""Wyckoff LPS"", 0, 2.0]]",,,
2026-08-21,GTN,Bullish,4.940000057220459,Communication Services,Broadcasting,2.0,1.2,2.4,"[[""Wyckoff LPS"", 0, 2.0]]",,,
2026-08-21,TAK,Bearish,18.18000030517578,Healthcare,Drug Manufacturers - Specialty & Generic,2.0,1.2,2.4,"[[""Weekly DM9 Top"", 0, 2.0]]",,,
2026-08-21,GRPN,Bullish,19.59000015258789,Communication Services,Internet Content & Information,2.0,1.2,2.4,"[[""Daily DM13 Bottom"", 0, 2.0]]",,,
2026-08-21,ALEC,Bullish,2.359999895095825,Healthcare,Biotechnology,2.0,1.2,2.4,"[[""Wyckoff LPS"", 0, 2.0]]",,,
2026-08-21,WULF,Bullish,15.640000343322754,Financial,Capital Markets,2.0,1.2,2.4,"[[""Weekly DM9 Bottom"", 0, 2.0]]",,,
2026-08-21,LYFT,Bullish,17.469999313354492,Technology,Software - Application,2.0,1.2,2.4,"[[""Wyckoff LPS"", 0, 2.0]]",,,
2026-08-21,MH,Bullish,13.300000190734863,Consumer Defensive,Education & Training Services,2.0,1.2,2.4,"[[""Wyckoff LPS"", 0, 2.0]]",,,
2026-08-21,GTM,Bearish,3.9700000286102295,Technology,Software - Application,2.0,1.2,2.4,"[[""Weekly DM9 Top"", 0, 2.0]]",,,
2026-08-21,CWK,Bullish,14.819999694824219,Real Estate,Real Estate Services,2.0,1.2,2.4,"[[""Wyckoff LPS"", 0, 2.0]]",,,
2026-08-21,SABR,Bullish,2.0999999046325684,Technology,Software - Infrastructure,2.0,1.2,2.4,"[[""Wyckoff LPS"", 0, 2.0]]",,,
2026-08-21,AQST,Bullish,4.659999847412109,Healthcare,Drug Manufacturers - Specialty & Generic,2.0,1.2,2.4,"[[""Wyckoff LPS"", 0, 2.0]]",,,
2026-08-21,OGN,Bullish,13.75,Healthcare,Drug Manufacturers - General,2.0,1.2,2.4,"[[""Wyckoff LPS"", 0, 2.0]]",,,
2026-08-21,NMRK,Bullish,16.209999084472656,Real Estate,Real Estate Services,2.0,1.2,2.4,"[[""Wyckoff LPS"", 0, 2.0]]",,,
2026-08-21,VSTM,Bearish,6.889999866485596,Healthcare,Biotechnology,2.0,1.2,2.4,"[[""Weekly DM9 Top"", 0, 2.0]]",,,
2026-08-21,HTZ,Bullish,2.25,Industrials,Rental & Leasing Services,2.0,1.2,2.4,"[[""Weekly DM13 Bottom"", 4, 2.0]]",,,
2026-08-21,NAGE,Bullish,3.2100000381469727,Healthcare,Biotechnology,2.0,1.2,2.4,"[[""Weekly DM13 Bottom"", 4, 2.0]]",,,
2026-08-21,GDRX,Bearish,3.450000047683716,Healthcare,Health Information Services,2.0,1.2,2.4,"[[""Weekly DM9 Top"", 0, 2.0]]",,,
2026-08-21,HSAI,Bullish,19.100000381469727,Consumer Cyclical,Auto Parts,2.0,1.2,2.4,"[[""Weekly DM13 Bottom"", 4, 2.0]]",,,
2026-08-21,CORZ,Bullish,17.809999465942383,Technology,Software - Infrastructure,2.0,1.2,2.4,"[[""Weekly DM9 Bottom"", 0, 2.0]]",,,
2026-08-21,ARX,Bullish,19.59000015258789,Financial,Insurance Brokers,2.0,1.2,2.4,"[[""Wyckoff LPS"", 0, 2.0]]",,,
2026-08-21,AVPT,Bearish,13.369999885559082,Technology,Software - Infrastructure,2.0,1.2,2.4,"[[""Weekly DM9 Top"", 0, 2.0]]",,,
2026-08-21,KODK,Bullish,9.84000015258789,Industrials,Specialty Business Services,2.0,1.2,2.4,"[[""Weekly DM13 Bottom"", 4, 2.0]]",,,
2026-08-21,KOPN,Bullish,5.039999961853027,Technology,Electronic Components,2.0,1.2,2.4,"[[""Wyckoff LPS"", 0, 2.0]]",,,
2026-08-21,EOLS,Bullish,8.390000343322754,Healthcare,Drug Manufacturers - Specialty & Generic,2.0,1.2,2.4,"[[""Wyckoff LPS"", 0, 2.0]]",,,
2026-08-21,ASAN,Bullish,9.579999923706055,Technology,Software - Application,2.0,1.2,2.4,"[[""Wyckoff LPS"", 0, 2.0]]",,,
2026-08-21,AESI,Bearish,12.579999923706055,Energy,Oil & Gas Equipment & Services,1.9,1.2,2.28,"[[""Daily DM13 Top"", 1, 1.9]]",,,
2026-08-21,QFIN,Bullish,11.574999809265137,Financial,Credit Services,1.9,1.2,2.28,"[[""Daily DM13 Bottom"", 1, 1.9]]",,,
2026-08-21,BBD,Bullish,3.109999895095825,Financial,Banks - Regional,1.9,1.2,2.28,"[[""Daily DM13 Bottom"", 1, 1.9]]",,,
2026-08-21,OCUL,Bearish,11.079999923706055,Healthcare,Biotechnology,1.9,1.2,2.28,"[[""Daily DM13 Top"", 1, 1.9]]",,,
2026-08-21,REAX,Bearish,2.640000104904175,Real Estate,Real Estate Services,1.9,1.2,2.28,"[[""Daily DM13 Top"", 1, 1.9]]",,,
2026-08-21,DFDV,Bearish,3.940000057220459,Technology,Software - Infrastructure,1.9,1.2,2.28,"[[""Daily DM13 Top"", 1, 1.9]]",,,
2026-08-21,SQM,Bullish,81.95999908447266,Basic Materials,Specialty Chemicals,2.25,1.0,2.25,"[[""Weekly DM13 Bottom"", 3, 2.25]]",,,
2026-08-21,FSLY,Bearish,24.950000762939453,Technology,Software - Application,2.0,1.1,2.2,"[[""Weekly DM9 Top"", 0, 2.0]]",,,
2026-08-21,PPC,Bullish,32.25,Consumer Defensive,Packaged Foods,2.0,1.1,2.2,"[[""Wyckoff LPS"", 0, 2.0]]",,,
2026-08-21,BWIN,Bullish,31.899999618530273,Financial,Insurance Brokers,2.0,1.1,2.2,"[[""Wyckoff LPS"", 0, 2.0]]",,,
2026-08-21,ENVX,Bullish,3.380000114440918,Industrials,Electrical Equipment & Parts,1.83,1.2,2.2,"[[""Weekly DM9 Bottom"", 1, 1.8333333333333333]]",,,
2026-08-21,CAG,Bearish,16.43000030517578,Consumer Defensive,Packaged Foods,1.83,1.2,2.2,"[[""Weekly DM9 Top"", 1, 1.8333333333333333]]",,,
2026-08-21,MGM,Bullish,43.7400016784668,Consumer Cyclical,Resorts & Casinos,2.0,1.1,2.2,"[[""Weekly DM9 Bottom"", 0, 2.0]]",,,
2026-08-21,DAN,Bullish,31.719999313354492,Consumer Cyclical,Auto Parts,2.0,1.1,2.2,"[[""Wyckoff LPS"", 0, 2.0]]",,,
2026-08-21,NU,Bearish,14.579999923706055,Financial,Banks - Regional,1.83,1.2,2.2,"[[""Weekly DM9 Top"", 1, 1.8333333333333333]]",,,
2026-08-21,UNIT,Bullish,9.970000267028809,Real Estate,REIT - Specialty,1.83,1.2,2.2,"[[""Weekly DM9 Bottom"", 1, 1.8333333333333333]]",,,
2026-08-21,CE,Bullish,46.79999923706055,Basic Materials,Chemicals,2.0,1.1,2.2,"[[""Weekly DM13 Bottom"", 4, 2.0]]",,,
2026-08-21,NCNO,Bearish,20.6200008392334,Technology,Software - Application,2.0,1.1,2.2,"[[""Weekly DM9 Top"", 0, 2.0]]",,,
2026-08-21,ZETA,Bullish,29.06999969482422,Technology,Software - Infrastructure,2.0,1.1,2.2,"[[""Wyckoff LPS"", 0, 2.0]]",,,
2026-08-21,ENR,Bullish,21.469999313354492,Industrials,Electrical Equipment & Parts,2.0,1.1,2.2,"[[""Wyckoff LPS"", 0, 2.0]]",,,
2026-08-21,UTZ,Bearish,14.039999961853027,Consumer Defensive,Packaged Foods,1.83,1.2,2.2,"[[""Weekly DM9 Top"", 1, 1.8333333333333333]]",,,
2026-08-21,BLKB,Bearish,47.52000045776367,Technology,Software - Application,2.0,1.1,2.2,"[[""Weekly DM9 Top"", 0, 2.0]]",,,
2026-08-21,AR,Bullish,37.939998626708984,Energy,Oil & Gas E&P,2.0,1.1,2.2,"[[""Wyckoff LPS"", 0, 2.0]]",,,
2026-08-21,TRUP,Bullish,31.100000381469727,Financial,Insurance - Property & Casualty,2.0,1.1,2.2,"[[""Wyckoff LPS"", 0, 2.0]]",,,
2026-08-21,TSSI,Bullish,8.75,Technology,Information Technology Services,1.83,1.2,2.2,"[[""Weekly DM9 Bottom"", 1, 1.8333333333333333]]",,,
2026-08-21,LKQ,Bearish,25.770000457763672,Consumer Cyclical,Auto Parts,2.0,1.1,2.2,"[[""Daily DM13 Top"", 0, 2.0]]",,,
2026-08-21,AVNT,Bullish,44.65999984741211,Basic Materials,Specialty Chemicals,2.0,1.1,2.2,"[[""Wyckoff LPS"", 0, 2.0]]",,,
2026-08-21,BOX,Bearish,32.90999984741211,Technology,Software - Infrastructure,2.0,1.1,2.2,"[[""Weekly DM9 Top"", 0, 2.0]]",,,
2026-08-21,LTH,Bearish,45.11000061035156,Consumer Cyclical,Leisure,2.0,1.1,2.2,"[[""Weekly DM13 Top"", 4, 2.0]]",,,
2026-08-21,BXMT,Bullish,14.270000457763672,Real Estate,REIT - Mortgage,1.83,1.2,2.2,"[[""Weekly DM9 Bottom"", 1, 1.8333333333333333]]",,,
2026-08-21,TEVA,Bullish,37.34000015258789,Healthcare,Drug Manufacturers - Specialty & Generic,2.0,1.1,2.2,"[[""Wyckoff LPS"", 0, 2.0]]",,,
2026-08-21,VSH,Bullish,31.6299991607666,Technology,Semiconductors,2.0,1.1,2.2,"[[""Weekly DM9 Bottom"", 0, 2.0]]",,,
2026-08-21,CHWY,Bearish,24.020000457763672,Consumer Cyclical,Internet Retail,2.0,1.1,2.2,"[[""Weekly DM9 Top"", 0, 2.0]]",,,
2026-08-21,BL,Bearish,31.829999923706055,Technology,Software - Application,2.0,1.1,2.2,"[[""Weekly DM9 Top"", 0, 2.0]]",,,
2026-08-21,CC,Bullish,15.970000267028809,Basic Materials,Specialty Chemicals,1.83,1.2,2.2,"[[""Weekly DM9 Bottom"", 1, 1.8333333333333333]]",,,
2026-08-21,CON,Bullish,35.0,Healthcare,Medical Care Facilities,2.0,1.1,2.2,"[[""Wyckoff LPS"", 0, 2.0]]",,,
2026-08-21,BTDR,Bullish,11.369999885559082,Technology,Software - Application,1.83,1.2,2.2,"[[""Weekly DM9 Bottom"", 1, 1.8333333333333333]]",,,
2026-08-21,BRZE,Bearish,31.059999465942383,Technology,Software - Application,2.0,1.1,2.2,"[[""Weekly DM9 Top"", 0, 2.0]]",,,
2026-08-21,TE,Bullish,4.420000076293945,Industrials,Electrical Equipment & Parts,1.83,1.2,2.2,"[[""Weekly DM9 Bottom"", 1, 1.8333333333333333]]",,,
2026-08-21,HOG,Bullish,28.200000762939453,Consumer Cyclical,Recreational Vehicles,2.0,1.1,2.2,"[[""Wyckoff LPS"", 0, 2.0]]",,,
2026-08-21,ATAI,Bearish,7.380000114440918,Healthcare,Biotechnology,1.83,1.2,2.2,"[[""Weekly DM9 Top"", 1, 1.8333333333333333]]",,,
2026-08-21,DBX,Bearish,34.470001220703125,Technology,Software - Infrastructure,2.0,1.1,2.2,"[[""Weekly DM9 Top"", 0, 2.0]]",,,
2026-08-21,IOT,Bearish,39.939998626708984,Technology,Software - Infrastructure,2.0,1.1,2.2,"[[""Weekly DM9 Top"", 0, 2.0]]",,,
2026-08-21,LUNR,Bearish,18.31999969482422,Industrials,Aerospace & Defense,1.8,1.2,2.16,"[[""Daily DM13 Top"", 2, 1.8]]",,,
2026-08-21,ABTC,Bearish,7.929999828338623,Financial,Capital Markets,1.8,1.2,2.16,"[[""Daily DM13 Top"", 2, 1.8]]",,,
2026-08-21,ABEV,Bullish,2.880000114440918,Consumer Defensive,Beverages - Brewers,1.8,1.2,2.16,"[[""Daily DM13 Bottom"", 2, 1.8]]",,,
2026-08-21,PSKY,Bearish,10.350000381469727,Communication Services,Entertainment,1.8,1.2,2.16,"[[""Daily DM13 Top"", 2, 1.8]]",,,
2026-08-21,HLX,Bearish,10.350000381469727,Energy,Oil & Gas Equipment & Services,1.8,1.2,2.16,"[[""Daily DM13 Top"", 2, 1.8]]",,,
2026-08-21,PAGS,Bullish,8.619999885559082,Technology,Software - Infrastructure,1.8,1.2,2.16,"[[""Daily DM13 Bottom"", 2, 1.8]]",,,
2026-08-21,FDMT,Bearish,15.829999923706055,Healthcare,Biotechnology,1.8,1.2,2.16,"[[""Daily DM13 Top"", 2, 1.8]]",,,
2026-08-21,EQX,Bullish,13.529999732971191,Basic Materials,Gold,1.75,1.2,2.1,"[[""Weekly DM13 Bottom"", 5, 1.7499999999999998]]",,,
2026-08-21,TLRY,Bullish,4.840000152587891,Healthcare,Drug Manufacturers - Specialty & Generic,1.75,1.2,2.1,"[[""Weekly DM13 Bottom"", 5, 1.7499999999999998]]",,,
2026-08-21,UWMC,Bullish,1.399999976158142,Financial,Mortgage Finance,1.75,1.2,2.1,"[[""Weekly DM13 Bottom"", 5, 1.7499999999999998]]",,,
2026-08-21,DQ,Bullish,13.579999923706055,Technology,Solar,1.75,1.2,2.1,"[[""Weekly DM13 Bottom"", 5, 1.7499999999999998]]",,,
2026-08-21,NIO,Bullish,4.630000114440918,Consumer Cyclical,Auto Manufacturers,1.75,1.2,2.1,"[[""Weekly DM13 Bottom"", 5, 1.7499999999999998]]",,,
2026-08-21,CAPR,Bullish,6.289999961853027,Healthcare,Biotechnology,1.75,1.2,2.1,"[[""Weekly DM13 Bottom"", 5, 1.7499999999999998]]",,,
2026-08-21,GGAL,Bullish,41.45000076293945,Financial,Banks - Regional,1.9,1.1,2.09,"[[""Daily DM13 Bottom"", 1, 1.9]]",,,
2026-08-21,BTU,Bearish,27.610000610351562,Energy,Thermal Coal,1.9,1.1,2.09,"[[""Daily DM13 Top"", 1, 1.9]]",,,
2026-08-21,SUPV,Bullish,7.900000095367432,Financial,Banks - Regional,1.7,1.2,2.04,"[[""Daily DM13 Bottom"", 3, 1.7]]",,,
2026-08-21,BRBR,Bullish,10.1899995803833,Consumer Defensive,Packaged Foods,1.7,1.2,2.04,"[[""Daily DM13 Bottom"", 3, 1.7]]",,,
2026-08-21,RES,Bearish,6.369999885559082,Energy,Oil & Gas Equipment & Services,1.7,1.2,2.04,"[[""Daily DM13 Top"", 3, 1.7]]",,,
2026-08-21,GFS,Bullish,48.04999923706055,Technology,Semiconductors,1.83,1.1,2.02,"[[""Weekly DM9 Bottom"", 1, 1.8333333333333333]]",,,
2026-08-21,WTRG,Bearish,40.18000030517578,Utilities,Utilities - Regulated Water,1.83,1.1,2.02,"[[""Weekly DM9 Top"", 1, 1.8333333333333333]]",,,
2026-08-21,APTV,Bullish,48.279998779296875,Consumer Cyclical,Auto Parts,1.83,1.1,2.02,"[[""Weekly DM9 Bottom"", 1, 1.8333333333333333]]",,,
2026-08-21,GFL,Bearish,41.04999923706055,Industrials,Waste Management,1.83,1.1,2.02,"[[""Weekly DM9 Top"", 1, 1.8333333333333333]]",,,
2026-08-21,PRGS,Bearish,44.36000061035156,Technology,Software - Infrastructure,1.83,1.1,2.02,"[[""Weekly DM9 Top"", 1, 1.8333333333333333]]",,,
2026-08-21,USFD,Bullish,109.62000274658203,Consumer Defensive,Food Distribution,2.0,1.0,2.0,"[[""Wyckoff LPS"", 0, 2.0]]",,,
2026-08-21,ROKU,Bullish,157.49000549316406,Communication Services,Entertainment,2.0,1.0,2.0,"[[""Wyckoff LPS"", 0, 2.0]]",,,
2026-08-21,CRM,Bullish,209.1699981689453,Technology,Software - Application,2.0,1.0,2.0,"[[""Wyckoff LPS"", 0, 2.0]]",,,
2026-08-21,AXON,Bullish,627.75,Industrials,Aerospace & Defense,2.0,1.0,2.0,"[[""Wyckoff LPS"", 0, 2.0]]",,,
2026-08-21,GMED,Bullish,86.91000366210938,Healthcare,Medical Devices,2.0,1.0,2.0,"[[""Wyckoff LPS"", 0, 2.0]]",,,
2026-08-21,NFLX,Bearish,79.58999633789062,Communication Services,Entertainment,2.0,1.0,2.0,"[[""Daily DM13 Top"", 0, 2.0]]",,,
2026-08-21,SHOP,Bullish,149.25,Technology,Software - Application,2.0,1.0,2.0,"[[""Wyckoff LPS"", 0, 2.0]]",,,
2026-08-21,DINO,Bearish,97.31999969482422,Energy,Oil & Gas Refining & Marketing,2.0,1.0,2.0,"[[""Weekly DM9 Top"", 0, 2.0]]",,,
2026-08-21,ABNB,Bullish,187.3000030517578,Consumer Cyclical,Travel Services,2.0,1.0,2.0,"[[""Wyckoff LPS"", 0, 2.0]]",,,
2026-08-21,JKHY,Bearish,166.1999969482422,Technology,Information Technology Services,2.0,1.0,2.0,"[[""Weekly DM9 Top"", 0, 2.0]]",,,
2026-08-21,NSIT,Bullish,147.38499450683594,Technology,Electronics & Computer Distribution,2.0,1.0,2.0,"[[""Wyckoff LPS"", 0, 2.0]]",,,
2026-08-21,RYTM,Bullish,110.0,Healthcare,Biotechnology,2.0,1.0,2.0,"[[""Wyckoff LPS"", 0, 2.0]]",,,
2026-08-21,CAVA,Bullish,73.62999725341797,Consumer Cyclical,Restaurants,2.0,1.0,2.0,"[[""Wyckoff LPS"", 0, 2.0]]",,,
2026-08-21,IBP,Bullish,246.80999755859375,Consumer Cyclical,Residential Construction,2.0,1.0,2.0,"[[""Wyckoff LPS"", 0, 2.0]]",,,
2026-08-21,TRI,Bearish,105.52999877929688,Industrials,Specialty Business Services,2.0,1.0,2.0,"[[""Weekly DM9 Top"", 0, 2.0]]",,,
2026-08-21,ADTN,Bullish,7.769999980926514,Technology,Communication Equipment,1.67,1.2,2.0,"[[""Weekly DM9 Bottom"", 2, 1.6666666666666667]]",,,
2026-08-21,BR,Bullish,182.17999267578125,Technology,Information Technology Services,2.0,1.0,2.0,"[[""Wyckoff LPS"", 0, 2.0]]",,,
2026-08-21,NVS,Bullish,158.86000061035156,Healthcare,Drug Manufacturers - General,2.0,1.0,2.0,"[[""Wyckoff LPS"", 0, 2.0]]",,,
2026-08-21,GPN,Bearish,93.48999786376953,Technology,Software - Infrastructure,2.0,1.0,2.0,"[[""Weekly DM9 Top"", 0, 2.0]]",,,
2026-08-21,CLX,Bullish,106.69000244140625,Consumer Defensive,Household & Personal Products,2.0,1.0,2.0,"[[""Wyckoff LPS"", 0, 2.0]]",,,
2026-08-21,STM,Bullish,50.560001373291016,Technology,Semiconductors,2.0,1.0,2.0,"[[""Weekly DM9 Bottom"", 0, 2.0]]",,,
2026-08-21,RBRK,Bullish,100.08999633789062,Technology,Software - Infrastructure,2.0,1.0,2.0,"[[""Wyckoff LPS"", 0, 2.0]]",,,
2026-08-21,J,Bullish,150.0800018310547,Industrials,Engineering & Construction,2.0,1.0,2.0,"[[""Wyckoff LPS"", 0, 2.0]]",,,
2026-08-21,UHS,Bearish,177.25999450683594,Healthcare,Medical Care Facilities,2.0,1.0,2.0,"[[""Weekly DM9 Top"", 0, 2.0]]",,,
2026-08-21,HWKN,Bullish,118.98999786376953,Basic Materials,Specialty Chemicals,2.0,1.0,2.0,"[[""Weekly DM9 Bottom"", 0, 2.0]]",,,
2026-08-21,TRU,Bearish,84.61000061035156,Financial,Financial Data & Stock Exchanges,2.0,1.0,2.0,"[[""Weekly DM9 Top"", 0, 2.0]]",,,
2026-08-21,LLY,Bullish,1255.4000244140625,Healthcare,Drug Manufacturers - General,2.0,1.0,2.0,"[[""Wyckoff LPS"", 0, 2.0]]",,,
2026-08-21,ELF,Bullish,101.94000244140625,Consumer Defensive,Household & Personal Products,2.0,1.0,2.0,"[[""Wyckoff LPS"", 0, 2.0]]",,,
2026-08-21,PJT,Bearish,174.9600067138672,Financial,Capital Markets,2.0,1.0,2.0,"[[""Weekly DM9 Top"", 0, 2.0]]",,,
2026-08-21,TPG,Bullish,52.400001525878906,Financial,Asset Management,2.0,1.0,2.0,"[[""Wyckoff LPS"", 0, 2.0]]",,,
2026-08-21,CTSH,Bullish,61.869998931884766,Technology,Information Technology Services,2.0,1.0,2.0,"[[""Wyckoff LPS"", 0, 2.0]]",,,
2026-08-21,GRND,Bearish,15.529999732971191,Technology,Software - Application,1.67,1.2,2.0,"[[""Weekly DM9 Top"", 2, 1.6666666666666667]]",,,
2026-08-21,DXCM,Bullish,92.33999633789062,Healthcare,Medical Devices,2.0,1.0,2.0,"[[""Wyckoff LPS"", 0, 2.0]]",,,
2026-08-21,PAYC,Bullish,229.07000732421875,Technology,Software - Application,2.0,1.0,2.0,"[[""Wyckoff LPS"", 0, 2.0]]",,,
2026-08-21,PHIN,Bullish,72.75,Consumer Cyclical,Auto Parts,2.0,1.0,2.0,"[[""Weekly DM9 Bottom"", 0, 2.0]]",,,
2026-08-21,PYPL,Bearish,61.54999923706055,Financial,Credit Services,2.0,1.0,2.0,"[[""Weekly DM9 Top"", 0, 2.0]]",,,
2026-08-21,NSC,Bullish,350.7200012207031,Industrials,Railroads,2.0,1.0,2.0,"[[""Wyckoff LPS"", 0, 2.0]]",,,
2026-08-21,MYRG,Bullish,310.8699951171875,Industrials,Engineering & Construction,2.0,1.0,2.0,"[[""Weekly DM9 Bottom"", 0, 2.0]]",,,
2026-08-21,ARMK,Bullish,59.77000045776367,Industrials,Specialty Business Services,2.0,1.0,2.0,"[[""Wyckoff LPS"", 0, 2.0]]",,,
2026-08-21,HRB,Bearish,53.68000030517578,Consumer Cyclical,Personal Services,2.0,1.0,2.0,"[[""Weekly DM9 Top"", 0, 2.0]]",,,
2026-08-21,DOCU,Bullish,62.0,Technology,Software - Application,2.0,1.0,2.0,"[[""Wyckoff LPS"", 0, 2.0]]",,,
2026-08-21,ESTC,Bullish,85.94000244140625,Technology,Software - Application,2.0,1.0,2.0,"[[""Wyckoff LPS"", 0, 2.0]]",,,
2026-08-21,KKR,Bearish,108.4800033569336,Financial,Asset Management,2.0,1.0,2.0,"[[""Weekly DM9 Top"", 0, 2.0]]",,,
2026-08-21,MSI,Bearish,480.4700012207031,Technology,Communication Equipment,2.0,1.0,2.0,"[[""Weekly DM9 Top"", 0, 2.0]]",,,
2026-08-21,DIS,Bullish,107.77999877929688,Communication Services,Entertainment,2.0,1.0,2.0,"[[""Wyckoff LPS"", 0, 2.0]]",,,
2026-08-21,MAR,Bullish,356.3900146484375,Consumer Cyclical,Lodging,2.0,1.0,2.0,"[[""Weekly DM9 Bottom"", 0, 2.0]]",,,
2026-08-21,PHYS,Bullish,35.0,Financial,Asset Management,1.75,1.1,1.92,"[[""Weekly DM13 Bottom"", 5, 1.7499999999999998]]",,,
2026-08-21,LVS,Bullish,47.029998779296875,Consumer Cyclical,Resorts & Casinos,1.75,1.1,1.92,"[[""Weekly DM13 Bottom"", 5, 1.7499999999999998]]",,,
2026-08-21,BKD,Bullish,11.800000190734863,Healthcare,Medical Care Facilities,1.6,1.2,1.92,"[[""Daily DM13 Bottom"", 4, 1.6]]",,,
2026-08-21,UAA,Bullish,5.389999866485596,Consumer Cyclical,Apparel Manufacturing,1.6,1.2,1.92,"[[""Daily DM13 Bottom"", 4, 1.6]]",,,
2026-08-21,PDYN,Bearish,6.130000114440918,Technology,Software - Infrastructure,1.6,1.2,1.92,"[[""Daily DM13 Top"", 4, 1.6]]",,,
2026-08-21,SENS,Bearish,9.710000038146973,Healthcare,Medical Devices,1.6,1.2,1.92,"[[""Daily DM13 Top"", 4, 1.6]]",,,
2026-08-21,ALIT,Bullish,14.220000267028809,Technology,Software - Application,1.6,1.2,1.92,"[[""Daily DM13 Bottom"", 4, 1.6]]",,,
2026-08-21,UA,Bullish,5.239999771118164,Consumer Cyclical,Apparel Manufacturing,1.6,1.2,1.92,"[[""Daily DM13 Bottom"", 4, 1.6]]",,,
2026-08-21,HTHT,Bullish,49.15999984741211,Consumer Cyclical,Lodging,1.75,1.1,1.92,"[[""Weekly DM13 Bottom"", 5, 1.7499999999999998]]",,,
2026-08-21,ABCL,Bearish,11.319999694824219,Healthcare,Biotechnology,1.6,1.2,1.92,"[[""Daily DM13 Top"", 4, 1.6]]",,,
2026-08-21,GFI,Bullish,47.810001373291016,Basic Materials,Gold,1.75,1.1,1.92,"[[""Weekly DM13 Bottom"", 5, 1.7499999999999998]]",,,
2026-08-21,MKC,Bearish,55.40999984741211,Consumer Defensive,Packaged Foods,1.9,1.0,1.9,"[[""Daily DM13 Top"", 1, 1.9]]",,,
2026-08-21,TDW,Bearish,95.25,Energy,Oil & Gas Equipment & Services,1.9,1.0,1.9,"[[""Daily DM13 Top"", 1, 1.9]]",,,
2026-08-21,BUD,Bullish,78.91999816894531,Consumer Defensive,Beverages - Brewers,1.9,1.0,1.9,"[[""Daily DM13 Bottom"", 1, 1.9]]",,,
2026-08-21,SFD,Bullish,22.25,Consumer Defensive,Packaged Foods,1.7,1.1,1.87,"[[""Daily DM13 Bottom"", 3, 1.7]]",,,
2026-08-21,WBD,Bearish,28.549999237060547,Communication Services,Entertainment,1.7,1.1,1.87,"[[""Daily DM13 Top"", 3, 1.7]]",,,
2026-08-21,COCO,Bullish,63.349998474121094,Consumer Defensive,Beverages - Non-Alcoholic,1.83,1.0,1.83,"[[""Weekly DM9 Bottom"", 1, 1.8333333333333333]]",,,
2026-08-21,BMY,Bearish,67.01000213623047,Healthcare,Drug Manufacturers - General,1.83,1.0,1.83,"[[""Weekly DM9 Top"", 1, 1.8333333333333333]]",,,
2026-08-21,ESNT,Bearish,68.06999969482422,Financial,Insurance - Specialty,1.83,1.0,1.83,"[[""Weekly DM9 Top"", 1, 1.8333333333333333]]",,,
2026-08-21,OMC,Bearish,87.54000091552734,Communication Services,Advertising Agencies,1.83,1.0,1.83,"[[""Weekly DM9 Top"", 1, 1.8333333333333333]]",,,
2026-08-21,STRL,Bullish,516.8099975585938,Industrials,Engineering & Construction,1.83,1.0,1.83,"[[""Weekly DM9 Bottom"", 1, 1.8333333333333333]]",,,
2026-08-21,COR,Bearish,318.0400085449219,Healthcare,Medical Distribution,1.83,1.0,1.83,"[[""Weekly DM9 Top"", 1, 1.8333333333333333]]",,,
2026-08-21,POWL,Bullish,197.6699981689453,Industrials,Electrical Equipment & Parts,1.83,1.0,1.83,"[[""Weekly DM9 Bottom"", 1, 1.8333333333333333]]",,,
2026-08-21,LH,Bearish,336.3399963378906,Healthcare,Diagnostics & Research,1.83,1.0,1.83,"[[""Weekly DM9 Top"", 1, 1.8333333333333333]]",,,
2026-08-21,MCHP,Bullish,76.08000183105469,Technology,Semiconductors,1.83,1.0,1.83,"[[""Weekly DM9 Bottom"", 1, 1.8333333333333333]]",,,
2026-08-21,NMIH,Bearish,45.15999984741211,Financial,Insurance - Specialty,1.67,1.1,1.83,"[[""Weekly DM9 Top"", 2, 1.6666666666666667]]",,,
2026-08-21,MOD,Bullish,197.67999267578125,Consumer Cyclical,Auto Parts,1.83,1.0,1.83,"[[""Weekly DM9 Bottom"", 1, 1.8333333333333333]]",,,
2026-08-21,DGX,Bearish,244.38999938964844,Healthcare,Diagnostics & Research,1.83,1.0,1.83,"[[""Weekly DM9 Top"", 1, 1.8333333333333333]]",,,
2026-08-21,ONON,Bullish,30.020000457763672,Consumer Cyclical,Footwear & Accessories,1.67,1.1,1.83,"[[""Weekly DM9 Bottom"", 2, 1.6666666666666667]]",,,
2026-08-21,VLTO,Bearish,98.7699966430664,Industrials,Pollution & Treatment Controls,1.83,1.0,1.83,"[[""Weekly DM9 Top"", 1, 1.8333333333333333]]",,,
2026-08-21,IQV,Bearish,259.82000732421875,Healthcare,Diagnostics & Research,1.83,1.0,1.83,"[[""Weekly DM9 Top"", 1, 1.8333333333333333]]",,,
2026-08-21,THC,Bearish,280.7699890136719,Healthcare,Medical Care Facilities,1.83,1.0,1.83,"[[""Weekly DM9 Top"", 1, 1.8333333333333333]]",,,
2026-08-21,QTWO,Bearish,63.90999984741211,Technology,Software - Application,1.83,1.0,1.83,"[[""Weekly DM9 Top"", 1, 1.8333333333333333]]",,,
2026-08-21,MA,Bearish,580.6300048828125,Financial,Credit Services,1.83,1.0,1.83,"[[""Weekly DM9 Top"", 1, 1.8333333333333333]]",,,
2026-08-21,DK,Bearish,71.47000122070312,Energy,Oil & Gas Refining & Marketing,1.83,1.0,1.83,"[[""Weekly DM9 Top"", 1, 1.8333333333333333]]",,,
2026-08-21,AMGN,Bearish,439.3299865722656,Healthcare,Drug Manufacturers - General,1.83,1.0,1.83,"[[""Weekly DM9 Top"", 1, 1.8333333333333333]]",,,
2026-08-21,PBH,Bearish,51.310001373291016,Healthcare,Drug Manufacturers - Specialty & Generic,1.83,1.0,1.83,"[[""Weekly DM9 Top"", 1, 1.8333333333333333]]",,,
2026-08-21,V,Bearish,371.0400085449219,Financial,Credit Services,1.83,1.0,1.83,"[[""Weekly DM9 Top"", 1, 1.8333333333333333]]",,,
2026-08-21,EXPO,Bearish,70.20999908447266,Industrials,Engineering & Construction,1.83,1.0,1.83,"[[""Weekly DM9 Top"", 1, 1.8333333333333333]]",,,
2026-08-21,EDU,Bearish,55.79999923706055,Consumer Defensive,Education & Training Services,1.83,1.0,1.83,"[[""Weekly DM9 Top"", 1, 1.8333333333333333]]",,,
2026-08-21,VLO,Bearish,348.8599853515625,Energy,Oil & Gas Refining & Marketing,1.83,1.0,1.83,"[[""Weekly DM9 Top"", 1, 1.8333333333333333]]",,,
2026-08-21,ON,Bullish,74.20999908447266,Technology,Semiconductors,1.83,1.0,1.83,"[[""Weekly DM9 Bottom"", 1, 1.8333333333333333]]",,,
2026-08-21,POWI,Bullish,55.18000030517578,Technology,Semiconductors,1.83,1.0,1.83,"[[""Weekly DM9 Bottom"", 1, 1.8333333333333333]]",,,
2026-08-21,AAON,Bullish,79.44000244140625,Industrials,Building Products & Equipment,1.83,1.0,1.83,"[[""Weekly DM9 Bottom"", 1, 1.8333333333333333]]",,,
2026-08-21,PBF,Bearish,73.52999877929688,Energy,Oil & Gas Refining & Marketing,1.83,1.0,1.83,"[[""Weekly DM9 Top"", 1, 1.8333333333333333]]",,,
2026-08-21,LGN,Bullish,59.369998931884766,Industrials,Engineering & Construction,1.83,1.0,1.83,"[[""Weekly DM9 Bottom"", 1, 1.8333333333333333]]",,,
2026-08-21,CAR,Bullish,146.61000061035156,Industrials,Rental & Leasing Services,1.83,1.0,1.83,"[[""Weekly DM9 Bottom"", 1, 1.8333333333333333]]",,,
2026-08-21,CPK,Bearish,134.1300048828125,Utilities,Utilities - Regulated Gas,1.83,1.0,1.83,"[[""Weekly DM9 Top"", 1, 1.8333333333333333]]",,,
2026-08-21,ENPH,Bullish,38.61000061035156,Technology,Solar,1.67,1.1,1.83,"[[""Weekly DM9 Bottom"", 2, 1.6666666666666667]]",,,
2026-08-21,GSHD,Bearish,72.5199966430664,Financial,Insurance Brokers,1.83,1.0,1.83,"[[""Weekly DM9 Top"", 1, 1.8333333333333333]]",,,
2026-08-21,INSP,Bearish,62.36000061035156,Healthcare,Medical Devices,1.83,1.0,1.83,"[[""Weekly DM9 Top"", 1, 1.8333333333333333]]",,,
2026-08-21,MTG,Bearish,30.899999618530273,Financial,Insurance - Specialty,1.67,1.1,1.83,"[[""Weekly DM9 Top"", 2, 1.6666666666666667]]",,,
2026-08-21,ITRI,Bearish,100.02999877929688,Technology,Scientific & Technical Instruments,1.83,1.0,1.83,"[[""Weekly DM9 Top"", 1, 1.8333333333333333]]",,,
2026-08-21,ADP,Bearish,280.80999755859375,Technology,Software - Application,1.83,1.0,1.83,"[[""Weekly DM9 Top"", 1, 1.8333333333333333]]",,,
2026-08-21,AEM,Bearish,216.05999755859375,Basic Materials,Gold,1.8,1.0,1.8,"[[""Daily DM13 Top"", 2, 1.8]]",,,
2026-08-21,PCT,Bullish,6.800000190734863,Industrials,Pollution & Treatment Controls,1.5,1.2,1.8,"[[""Weekly DM9 Bottom"", 3, 1.5]]",,,
2026-08-21,NAKA,Bullish,7.059999942779541,Healthcare,Medical Care Facilities,1.5,1.2,1.8,"[[""Weekly DM13 Bottom"", 6, 1.5]]",,,
2026-08-21,CERT,Bearish,8.430000305175781,Healthcare,Health Information Services,1.5,1.2,1.8,"[[""Weekly DM9 Top"", 3, 1.5]]",,,
2026-08-21,LUMN,Bullish,5.940000057220459,Communication Services,Telecom Services,1.5,1.2,1.8,"[[""Weekly DM9 Bottom"", 3, 1.5]]",,,
2026-08-21,ACVA,Bearish,7.429999828338623,Consumer Cyclical,Auto & Truck Dealerships,1.5,1.2,1.8,"[[""Weekly DM9 Top"", 3, 1.5]]",,,
2026-08-21,FMC,Bullish,11.020000457763672,Basic Materials,Agricultural Inputs,1.5,1.2,1.8,"[[""Weekly DM13 Bottom"", 6, 1.5]]",,,
2026-08-21,QS,Bullish,5.980000019073486,Consumer Cyclical,Auto Parts,1.5,1.2,1.8,"[[""Weekly DM9 Bottom"", 3, 1.5]]",,,
2026-08-21,JELD,Bearish,2.299999952316284,Industrials,Building Products & Equipment,1.5,1.2,1.8,"[[""Daily DM13 Top"", 5, 1.5]]",,,
2026-08-21,HIMX,Bullish,13.789999961853027,Technology,Semiconductors,1.5,1.2,1.8,"[[""Weekly DM9 Bottom"", 3, 1.5]]",,,
2026-08-21,BKR,Bearish,62.34000015258789,Energy,Oil & Gas Equipment & Services,1.8,1.0,1.8,"[[""Daily DM13 Top"", 2, 1.8]]",,,
2026-08-21,BLDP,Bullish,2.4000000953674316,Industrials,Specialty Industrial Machinery,1.5,1.2,1.8,"[[""Weekly DM9 Bottom"", 3, 1.5]]",,,
2026-08-21,SBH,Bearish,16.56999969482422,Consumer Cyclical,Specialty Retail,1.5,1.2,1.8,"[[""Weekly DM9 Top"", 3, 1.5]]",,,
2026-08-21,NEGG,Bullish,18.170000076293945,Consumer Cyclical,Internet Retail,1.5,1.2,1.8,"[[""Weekly DM13 Bottom"", 6, 1.5]]",,,
2026-08-21,PLUG,Bullish,2.2699999809265137,Industrials,Electrical Equipment & Parts,1.5,1.2,1.8,"[[""Weekly DM9 Bottom"", 3, 1.5]]",,,
2026-08-21,LYG,Bearish,6.019999980926514,Financial,Banks - Regional,1.5,1.2,1.8,"[[""Weekly DM9 Top"", 3, 1.5]]",,,
2026-08-21,MP,Bearish,60.04999923706055,Basic Materials,Other Industrial Metals & Mining,1.8,1.0,1.8,"[[""Daily DM13 Top"", 2, 1.8]]",,,
2026-08-21,ERIC,Bullish,10.220000267028809,Technology,Communication Equipment,1.5,1.2,1.8,"[[""Weekly DM9 Bottom"", 3, 1.5]]",,,
2026-08-21,NWG,Bearish,18.6200008392334,Financial,Banks - Regional,1.5,1.2,1.8,"[[""Weekly DM9 Top"", 3, 1.5]]",,,
2026-08-21,BW,Bullish,8.279999732971191,Industrials,Specialty Industrial Machinery,1.5,1.2,1.8,"[[""Weekly DM9 Bottom"", 3, 1.5]]",,,
2026-08-21,HCC,Bearish,106.7300033569336,Basic Materials,Coking Coal,1.8,1.0,1.8,"[[""Daily DM13 Top"", 2, 1.8]]",,,
2026-08-21,IONQ,Bearish,44.86000061035156,Technology,Computer Hardware,1.6,1.1,1.76,"[[""Daily DM13 Top"", 4, 1.6]]",,,
2026-08-21,SKT,Bullish,38.220001220703125,Real Estate,REIT - Retail,1.6,1.1,1.76,"[[""Daily DM13 Bottom"", 4, 1.6]]",,,
2026-08-21,REXR,Bullish,37.22999954223633,Real Estate,REIT - Industrial,1.6,1.1,1.76,"[[""Daily DM13 Bottom"", 4, 1.6]]",,,
2026-08-21,UMAC,Bearish,27.43000030517578,Technology,Computer Hardware,1.6,1.1,1.76,"[[""Daily DM13 Top"", 4, 1.6]]",,,
2026-08-21,FLY,Bearish,24.450000762939453,Industrials,Aerospace & Defense,1.6,1.1,1.76,"[[""Daily DM13 Top"", 4, 1.6]]",,,
2026-08-21,JBTM,Bullish,116.86000061035156,Industrials,Specialty Industrial Machinery,1.7,1.0,1.7,"[[""Daily DM13 Bottom"", 3, 1.7]]",,,
2026-08-21,TSLA,Bearish,362.8599853515625,Consumer Cyclical,Auto Manufacturers,1.7,1.0,1.7,"[[""Daily DM13 Top"", 3, 1.7]]",,,
2026-08-21,GLNG,Bearish,52.0,Energy,Oil & Gas Midstream,1.7,1.0,1.7,"[[""Daily DM13 Top"", 3, 1.7]]",,,
2026-08-21,NNDM,Bearish,1.5399999618530273,Technology,Computer Hardware,1.4,1.2,1.68,"[[""Daily DM13 Top"", 6, 1.4]]",,,
2026-08-21,IQ,Bearish,1.0549999475479126,Communication Services,Entertainment,1.4,1.2,1.68,"[[""Daily DM13 Top"", 6, 1.4]]",,,
2026-08-21,SBAC,Bullish,182.58999633789062,Real Estate,REIT - Specialty,1.67,1.0,1.67,"[[""Weekly DM9 Bottom"", 2, 1.6666666666666667]]",,,
2026-08-21,SYNA,Bullish,97.66000366210938,Technology,Semiconductors,1.67,1.0,1.67,"[[""Weekly DM9 Bottom"", 2, 1.6666666666666667]]",,,
2026-08-21,NXPI,Bullish,225.55999755859375,Technology,Semiconductors,1.67,1.0,1.67,"[[""Weekly DM9 Bottom"", 2, 1.6666666666666667]]",,,
2026-08-21,FAF,Bearish,71.76000213623047,Financial,Insurance - Specialty,1.67,1.0,1.67,"[[""Weekly DM9 Top"", 2, 1.6666666666666667]]",,,
2026-08-21,TPC,Bearish,91.2699966430664,Industrials,Engineering & Construction,1.67,1.0,1.67,"[[""Weekly DM9 Top"", 2, 1.6666666666666667]]",,,
2026-08-21,RMBS,Bullish,91.23999786376953,Technology,Semiconductors,1.67,1.0,1.67,"[[""Weekly DM9 Bottom"", 2, 1.6666666666666667]]",,,
2026-08-21,CCI,Bullish,75.51000213623047,Real Estate,REIT - Specialty,1.67,1.0,1.67,"[[""Weekly DM9 Bottom"", 2, 1.6666666666666667]]",,,
2026-08-21,AMP,Bearish,555.5900268554688,Financial,Asset Management,1.67,1.0,1.67,"[[""Weekly DM9 Top"", 2, 1.6666666666666667]]",,,
2026-08-21,QCOM,Bullish,160.75,Technology,Semiconductors,1.67,1.0,1.67,"[[""Weekly DM9 Bottom"", 2, 1.6666666666666667]]",,,
2026-08-21,TOST,Bearish,36.63999938964844,Technology,Software - Infrastructure,1.5,1.1,1.65,"[[""Weekly DM9 Top"", 3, 1.5]]",,,
2026-08-21,DB,Bearish,37.81999969482422,Financial,Banks - Regional,1.5,1.1,1.65,"[[""Daily DM13 Top"", 5, 1.5]]",,,
2026-08-21,EQH,Bearish,48.900001525878906,Financial,Asset Management,1.5,1.1,1.65,"[[""Weekly DM9 Top"", 3, 1.5]]",,,
2026-08-21,TOWN,Bearish,37.75,Financial,Banks - Regional,1.5,1.1,1.65,"[[""Weekly DM9 Top"", 3, 1.5]]",,,
2026-08-21,STAA,Bullish,23.139999389648438,Healthcare,Medical Instruments & Supplies,1.5,1.1,1.65,"[[""Weekly DM9 Bottom"", 3, 1.5]]",,,
2026-08-21,DYN,Bearish,26.100000381469727,Healthcare,Biotechnology,1.5,1.1,1.65,"[[""Weekly DM9 Top"", 3, 1.5]]",,,
2026-08-21,ONB,Bearish,25.809999465942383,Financial,Banks - Regional,1.5,1.1,1.65,"[[""Weekly DM9 Top"", 3, 1.5]]",,,
2026-08-21,CRBG,Bearish,31.950000762939453,Financial,Asset Management,1.5,1.1,1.65,"[[""Weekly DM9 Top"", 3, 1.5]]",,,
2026-08-21,SW,Bearish,49.38999938964844,Consumer Cyclical,Packaging & Containers,1.5,1.1,1.65,"[[""Weekly DM9 Top"", 3, 1.5]]",,,
2026-08-21,MFC,Bearish,42.5099983215332,Financial,Insurance - Life,1.5,1.1,1.65,"[[""Weekly DM9 Top"", 3, 1.5]]",,,
2026-08-21,COGT,Bearish,36.72999954223633,Healthcare,Biotechnology,1.5,1.1,1.65,"[[""Weekly DM9 Top"", 3, 1.5]]",,,
2026-08-21,EVTC,Bearish,29.889999389648438,Technology,Software - Infrastructure,1.5,1.1,1.65,"[[""Weekly DM9 Top"", 3, 1.5]]",,,
2026-08-21,WOLF,Bullish,25.760000228881836,Technology,Semiconductors,1.5,1.1,1.65,"[[""Weekly DM9 Bottom"", 3, 1.5]]",,,
2026-08-21,PGNY,Bearish,25.649999618530273,Healthcare,Healthcare Plans,1.5,1.1,1.65,"[[""Weekly DM13 Top"", 6, 1.5]]",,,
2026-08-21,BBVA,Bearish,29.040000915527344,Financial,Banks - Diversified,1.5,1.1,1.65,"[[""Weekly DM9 Top"", 3, 1.5]]",,,
2026-08-21,SBCF,Bearish,34.619998931884766,Financial,Banks - Regional,1.5,1.1,1.65,"[[""Weekly DM9 Top"", 3, 1.5]]",,,
2026-08-21,TRMK,Bearish,46.52000045776367,Financial,Banks - Regional,1.5,1.1,1.65,"[[""Weekly DM9 Top"", 3, 1.5]]",,,
2026-08-21,SEDG,Bullish,30.829999923706055,Technology,Solar,1.5,1.1,1.65,"[[""Weekly DM9 Bottom"", 3, 1.5]]",,,
2026-08-21,LNC,Bearish,42.150001525878906,Financial,Insurance - Life,1.5,1.1,1.65,"[[""Weekly DM9 Top"", 3, 1.5]]",,,
2026-08-21,RVLV,Bearish,23.760000228881836,Consumer Cyclical,Internet Retail,1.5,1.1,1.65,"[[""Weekly DM9 Top"", 3, 1.5]]",,,
2026-08-21,EBC,Bearish,22.739999771118164,Financial,Banks - Regional,1.5,1.1,1.65,"[[""Weekly DM9 Top"", 3, 1.5]]",,,
2026-08-21,BBUC,Bullish,28.649999618530273,Financial,Asset Management,1.5,1.1,1.65,"[[""Weekly DM9 Bottom"", 3, 1.5]]",,,
2026-08-21,PGY,Bearish,21.68000030517578,Technology,Software - Infrastructure,1.5,1.1,1.65,"[[""Weekly DM9 Top"", 3, 1.5]]",,,
2026-08-21,PRCT,Bullish,21.68000030517578,Healthcare,Medical Devices,1.5,1.1,1.65,"[[""Weekly DM9 Bottom"", 3, 1.5]]",,,
2026-08-21,LAR,Bullish,6.829999923706055,Basic Materials,Other Industrial Metals & Mining,1.33,1.2,1.6,"[[""Weekly DM9 Bottom"", 4, 1.3333333333333335]]",,,
2026-08-21,USAS,Bullish,5.389999866485596,Basic Materials,Other Industrial Metals & Mining,1.33,1.2,1.6,"[[""Weekly DM9 Bottom"", 4, 1.3333333333333335]]",,,
2026-08-21,L,Bullish,109.83000183105469,Financial,Insurance - Property & Casualty,1.6,1.0,1.6,"[[""Daily DM13 Bottom"", 4, 1.6]]",,,
2026-08-21,WRB,Bullish,68.5999984741211,Financial,Insurance - Property & Casualty,1.6,1.0,1.6,"[[""Daily DM13 Bottom"", 4, 1.6]]",,,
2026-08-21,WHD,Bearish,69.43000030517578,Energy,Oil & Gas Equipment & Services,1.6,1.0,1.6,"[[""Daily DM13 Top"", 4, 1.6]]",,,
2026-08-21,TU,Bullish,9.899999618530273,Communication Services,Telecom Services,1.33,1.2,1.6,"[[""Weekly DM9 Bottom"", 4, 1.3333333333333335]]",,,
2026-08-21,SVM,Bullish,12.529999732971191,Basic Materials,Silver,1.33,1.2,1.6,"[[""Weekly DM9 Bottom"", 4, 1.3333333333333335]]",,,
2026-08-21,VNET,Bullish,6.71999979019165,Technology,Information Technology Services,1.33,1.2,1.6,"[[""Weekly DM9 Bottom"", 4, 1.3333333333333335]]",,,
2026-08-21,USAR,Bullish,19.260000228881836,Basic Materials,Other Industrial Metals & Mining,1.33,1.2,1.6,"[[""Weekly DM9 Bottom"", 4, 1.3333333333333335]]",,,
2026-08-21,IE,Bullish,11.270000457763672,Basic Materials,Copper,1.33,1.2,1.6,"[[""Weekly DM9 Bottom"", 4, 1.3333333333333335]]",,,
2026-08-21,NEM,Bearish,131.5800018310547,Basic Materials,Gold,1.6,1.0,1.6,"[[""Daily DM13 Top"", 4, 1.6]]",,,
2026-08-21,ACHR,Bullish,6.300000190734863,Industrials,Aerospace & Defense,1.33,1.2,1.6,"[[""Weekly DM9 Bottom"", 4, 1.3333333333333335]]",,,
2026-08-21,EOSE,Bullish,3.809999942779541,Industrials,Electrical Equipment & Parts,1.33,1.2,1.6,"[[""Weekly DM9 Bottom"", 4, 1.3333333333333335]]",,,
2026-08-21,RR,Bullish,1.7000000476837158,Industrials,Specialty Industrial Machinery,1.33,1.2,1.6,"[[""Weekly DM9 Bottom"", 4, 1.3333333333333335]]",,,
2026-08-21,EH,Bullish,5.510000228881836,Industrials,Aerospace & Defense,1.33,1.2,1.6,"[[""Weekly DM9 Bottom"", 4, 1.3333333333333335]]",,,
2026-08-21,EVEX,Bullish,2.630000114440918,Industrials,Aerospace & Defense,1.33,1.2,1.6,"[[""Weekly DM9 Bottom"", 4, 1.3333333333333335]]",,,
2026-08-21,CALM,Bullish,82.80000305175781,Consumer Defensive,Farm Products,1.6,1.0,1.6,"[[""Daily DM13 Bottom"", 4, 1.6]]",,,
2026-08-21,SLI,Bullish,2.4800000190734863,Basic Materials,Other Industrial Metals & Mining,1.33,1.2,1.6,"[[""Weekly DM9 Bottom"", 4, 1.3333333333333335]]",,,
2026-08-21,BTG,Bullish,5.519999980926514,Basic Materials,Gold,1.33,1.2,1.6,"[[""Weekly DM9 Bottom"", 4, 1.3333333333333335]]",,,
2026-08-21,GPI,Bullish,261.8500061035156,Consumer Cyclical,Auto & Truck Dealerships,1.6,1.0,1.6,"[[""Daily DM13 Bottom"", 4, 1.6]]",,,
2026-08-21,JOBY,Bullish,7.53000020980835,Industrials,Airports & Air Services,1.33,1.2,1.6,"[[""Weekly DM9 Bottom"", 4, 1.3333333333333335]]",,,
2026-08-21,GAU,Bullish,2.3399999141693115,Basic Materials,Gold,1.33,1.2,1.6,"[[""Weekly DM9 Bottom"", 4, 1.3333333333333335]]",,,
2026-08-21,RUM,Bullish,9.050000190734863,Communication Services,Internet Content & Information,1.33,1.2,1.6,"[[""Weekly DM9 Bottom"", 4, 1.3333333333333335]]",,,
2026-08-21,SNDL,Bullish,1.3700000047683716,Consumer Defensive,Beverages - Wineries & Distilleries,1.33,1.2,1.6,"[[""Weekly DM9 Bottom"", 4, 1.3333333333333335]]",,,
2026-08-21,BDC,Bearish,122.45999908447266,Technology,Communication Equipment,1.6,1.0,1.6,"[[""Daily DM13 Top"", 4, 1.6]]",,,
2026-08-21,VIV,Bullish,11.430000305175781,Communication Services,Telecom Services,1.3,1.2,1.56,"[[""Daily DM13 Bottom"", 7, 1.3]]",,,
2026-08-21,PD,Bearish,12.319999694824219,Technology,Software - Application,1.3,1.2,1.56,"[[""Daily DM13 Top"", 7, 1.3]]",,,
2026-08-21,AI,Bearish,10.300000190734863,Technology,Software - Infrastructure,1.3,1.2,1.56,"[[""Daily DM13 Top"", 7, 1.3]]",,,
2026-08-21,BFLY,Bearish,9.550000190734863,Healthcare,Medical Devices,1.3,1.2,1.56,"[[""Daily DM13 Top"", 7, 1.3]]",,,
2026-08-21,SAIL,Bearish,18.639999389648438,Technology,Software - Infrastructure,1.3,1.2,1.56,"[[""Daily DM13 Top"", 7, 1.3]]",,,
2026-08-21,CLDX,Bearish,40.380001068115234,Healthcare,Biotechnology,1.4,1.1,1.54,"[[""Daily DM13 Top"", 6, 1.4]]",,,
2026-08-21,CMCSA,Bearish,26.850000381469727,Communication Services,Telecom Services,1.4,1.1,1.54,"[[""Daily DM13 Top"", 6, 1.4]]",,,
2026-08-21,NI,Bullish,40.619998931884766,Utilities,Utilities - Regulated Gas,1.4,1.1,1.54,"[[""Daily DM13 Bottom"", 6, 1.4]]",,,
2026-08-21,NIC,Bearish,173.22999572753906,Financial,Banks - Regional,1.5,1.0,1.5,"[[""Weekly DM9 Top"", 3, 1.5]]",,,
2026-08-21,RUSHA,Bearish,78.77999877929688,Consumer Cyclical,Auto & Truck Dealerships,1.5,1.0,1.5,"[[""Weekly DM9 Top"", 3, 1.5]]",,,
2026-08-21,PKG,Bearish,252.7899932861328,Consumer Cyclical,Packaging & Containers,1.5,1.0,1.5,"[[""Weekly DM9 Top"", 3, 1.5]]",,,
2026-08-21,TBBK,Bearish,67.19000244140625,Financial,Banks - Regional,1.5,1.0,1.5,"[[""Weekly DM9 Top"", 3, 1.5]]",,,
2026-08-21,ALLE,Bearish,162.30999755859375,Industrials,Security & Protection Services,1.5,1.0,1.5,"[[""Weekly DM9 Top"", 3, 1.5]]",,,
2026-08-21,SKYW,Bearish,101.08999633789062,Industrials,Airlines,1.5,1.0,1.5,"[[""Weekly DM9 Top"", 3, 1.5]]",,,
2026-08-21,LXP,Bearish,60.900001525878906,Real Estate,REIT - Industrial,1.5,1.0,1.5,"[[""Weekly DM9 Top"", 3, 1.5]]",,,
2026-08-21,HXL,Bearish,93.86000061035156,Industrials,Aerospace & Defense,1.5,1.0,1.5,"[[""Weekly DM9 Top"", 3, 1.5]]",,,
2026-08-21,ENVA,Bearish,242.92999267578125,Financial,Credit Services,1.5,1.0,1.5,"[[""Weekly DM9 Top"", 3, 1.5]]",,,
2026-08-21,SYBT,Bearish,81.93000030517578,Financial,Banks - Regional,1.5,1.0,1.5,"[[""Weekly DM9 Top"", 3, 1.5]]",,,
2026-08-21,NET,Bearish,293.1400146484375,Technology,Software - Infrastructure,1.5,1.0,1.5,"[[""Daily DM13 Top"", 5, 1.5]]",,,
2026-08-21,ADUS,Bearish,120.80999755859375,Healthcare,Medical Care Facilities,1.5,1.0,1.5,"[[""Weekly DM9 Top"", 3, 1.5]]",,,
2026-08-21,WGS,Bearish,87.06500244140625,Healthcare,Diagnostics & Research,1.5,1.0,1.5,"[[""Daily DM13 Top"", 5, 1.5]]",,,
2026-08-21,PRK,Bearish,202.1300048828125,Financial,Banks - Regional,1.5,1.0,1.5,"[[""Weekly DM9 Top"", 3, 1.5]]",,,
2026-08-21,ALRM,Bearish,57.5099983215332,Technology,Software - Application,1.5,1.0,1.5,"[[""Weekly DM9 Top"", 3, 1.5]]",,,
2026-08-21,CCK,Bearish,119.47000122070312,Consumer Cyclical,Packaging & Containers,1.5,1.0,1.5,"[[""Weekly DM9 Top"", 3, 1.5]]",,,
2026-08-21,IR,Bearish,80.51000213623047,Industrials,Specialty Industrial Machinery,1.5,1.0,1.5,"[[""Weekly DM9 Top"", 3, 1.5]]",,,
2026-08-21,UL,Bearish,64.13999938964844,Consumer Defensive,Household & Personal Products,1.5,1.0,1.5,"[[""Weekly DM9 Top"", 3, 1.5]]",,,
2026-08-21,GEF,Bearish,87.91000366210938,Consumer Cyclical,Packaging & Containers,1.5,1.0,1.5,"[[""Weekly DM9 Top"", 3, 1.5]]",,,
2026-08-21,IPAR,Bearish,115.5999984741211,Consumer Defensive,Household & Personal Products,1.5,1.0,1.5,"[[""Weekly DM9 Top"", 3, 1.5]]",,,
2026-08-21,AER,Bearish,146.2899932861328,Industrials,Rental & Leasing Services,1.5,1.0,1.5,"[[""Weekly DM9 Top"", 3, 1.5]]",,,
2026-08-21,ITW,Bearish,282.2900085449219,Industrials,Specialty Industrial Machinery,1.5,1.0,1.5,"[[""Weekly DM9 Top"", 3, 1.5]]",,,
2026-08-21,RJF,Bearish,175.1999969482422,Financial,Asset Management,1.5,1.0,1.5,"[[""Weekly DM9 Top"", 3, 1.5]]",,,
2026-08-21,BALL,Bearish,63.59000015258789,Consumer Cyclical,Packaging & Containers,1.5,1.0,1.5,"[[""Weekly DM9 Top"", 3, 1.5]]",,,
2026-08-21,ROP,Bearish,411.7900085449219,Technology,Software - Application,1.5,1.0,1.5,"[[""Weekly DM9 Top"", 3, 1.5]]",,,
2026-08-21,ASTS,Bullish,68.6500015258789,Technology,Communication Equipment,1.5,1.0,1.5,"[[""Weekly DM9 Bottom"", 3, 1.5]]",,,
2026-08-21,NXT,Bullish,86.18000030517578,Technology,Solar,1.5,1.0,1.5,"[[""Weekly DM9 Bottom"", 3, 1.5]]",,,
2026-08-21,WBS,Bearish,77.56999969482422,Financial,Banks - Regional,1.5,1.0,1.5,"[[""Weekly DM9 Top"", 3, 1.5]]",,,
2026-08-21,CBRE,Bearish,152.10000610351562,Real Estate,Real Estate Services,1.5,1.0,1.5,"[[""Weekly DM9 Top"", 3, 1.5]]",,,
2026-08-21,FBK,Bearish,58.650001525878906,Financial,Banks - Regional,1.5,1.0,1.5,"[[""Weekly DM9 Top"", 3, 1.5]]",,,
2026-08-21,BANR,Bearish,71.13999938964844,Financial,Banks - Regional,1.5,1.0,1.5,"[[""Weekly DM9 Top"", 3, 1.5]]",,,
2026-08-21,WLK,Bullish,78.93000030517578,Basic Materials,Specialty Chemicals,1.5,1.0,1.5,"[[""Weekly DM13 Bottom"", 6, 1.5]]",,,
2026-08-21,PRIM,Bullish,77.18000030517578,Industrials,Engineering & Construction,1.5,1.0,1.5,"[[""Weekly DM9 Bottom"", 3, 1.5]]",,,
2026-08-21,SSB,Bearish,106.86000061035156,Financial,Banks - Regional,1.5,1.0,1.5,"[[""Weekly DM9 Top"", 3, 1.5]]",,,
2026-08-21,ABG,Bearish,214.80999755859375,Consumer Cyclical,Auto & Truck Dealerships,1.5,1.0,1.5,"[[""Weekly DM9 Top"", 3, 1.5]]",,,
2026-08-21,B,Bullish,47.599998474121094,Basic Materials,Gold,1.33,1.1,1.47,"[[""Weekly DM9 Bottom"", 4, 1.3333333333333335]]",,,
2026-08-21,KGC,Bullish,32.7599983215332,Basic Materials,Gold,1.33,1.1,1.47,"[[""Weekly DM9 Bottom"", 4, 1.3333333333333335]]",,,
2026-08-21,RF,Bearish,30.40999984741211,Financial,Banks - Regional,1.33,1.1,1.47,"[[""Weekly DM9 Top"", 4, 1.3333333333333335]]",,,
2026-08-21,BN,Bullish,41.689998626708984,Financial,Asset Management,1.33,1.1,1.47,"[[""Weekly DM9 Bottom"", 4, 1.3333333333333335]]",,,
2026-08-21,FBP,Bearish,28.520000457763672,Financial,Banks - Regional,1.33,1.1,1.47,"[[""Weekly DM9 Top"", 4, 1.3333333333333335]]",,,
2026-08-21,PFS,Bearish,23.709999084472656,Financial,Banks - Regional,1.33,1.1,1.47,"[[""Weekly DM9 Top"", 4, 1.3333333333333335]]",,,
2026-08-21,AGI,Bullish,37.86000061035156,Basic Materials,Gold,1.33,1.1,1.47,"[[""Weekly DM9 Bottom"", 4, 1.3333333333333335]]",,,
2026-08-21,PL,Bullish,22.290000915527344,Industrials,Aerospace & Defense,1.33,1.1,1.47,"[[""Weekly DM9 Bottom"", 4, 1.3333333333333335]]",,,
2026-08-21,ARQT,Bearish,25.079999923706055,Healthcare,Biotechnology,1.33,1.1,1.47,"[[""Weekly DM9 Top"", 4, 1.3333333333333335]]",,,
2026-08-21,PINS,Bearish,23.399999618530273,Communication Services,Internet Content & Information,1.33,1.1,1.47,"[[""Weekly DM9 Top"", 4, 1.3333333333333335]]",,,
2026-08-21,UBSI,Bearish,47.810001373291016,Financial,Banks - Regional,1.33,1.1,1.47,"[[""Weekly DM9 Top"", 4, 1.3333333333333335]]",,,
2026-08-21,OWL,Bearish,11.670000076293945,Financial,Asset Management,1.2,1.2,1.44,"[[""Daily DM13 Top"", 8, 1.2]]",,,
2026-08-21,BRX,Bullish,29.309999465942383,Real Estate,REIT - Retail,1.3,1.1,1.43,"[[""Daily DM13 Bottom"", 7, 1.3]]",,,
2026-08-21,FIVN,Bearish,32.75,Technology,Software - Infrastructure,1.3,1.1,1.43,"[[""Daily DM13 Top"", 7, 1.3]]",,,
2026-08-21,ALKT,Bearish,20.3799991607666,Technology,Software - Application,1.3,1.1,1.43,"[[""Daily DM13 Top"", 7, 1.3]]",,,
2026-08-21,LWLG,Bullish,6.190000057220459,Basic Materials,Specialty Chemicals,1.17,1.2,1.4,"[[""Weekly DM9 Bottom"", 5, 1.1666666666666665]]",,,
2026-08-21,SNAP,Bullish,5.239999771118164,Communication Services,Internet Content & Information,1.17,1.2,1.4,"[[""Weekly DM9 Bottom"", 5, 1.1666666666666665]]",,,
2026-08-21,CRSP,Bearish,59.5,Healthcare,Biotechnology,1.4,1.0,1.4,"[[""Daily DM13 Top"", 6, 1.4]]",,,
2026-08-21,REG,Bullish,76.05999755859375,Real Estate,REIT - Retail,1.4,1.0,1.4,"[[""Daily DM13 Bottom"", 6, 1.4]]",,,
2026-08-21,AMRX,Bearish,17.90999984741211,Healthcare,Drug Manufacturers - Specialty & Generic,1.17,1.2,1.4,"[[""Weekly DM9 Top"", 5, 1.1666666666666665]]",,,
2026-08-21,ALC,Bearish,73.62999725341797,Healthcare,Medical Instruments & Supplies,1.4,1.0,1.4,"[[""Daily DM13 Top"", 6, 1.4]]",,,
2026-08-21,RDNT,Bearish,76.81999969482422,Healthcare,Diagnostics & Research,1.4,1.0,1.4,"[[""Daily DM13 Top"", 6, 1.4]]",,,
2026-08-21,AEP,Bullish,120.94000244140625,Utilities,Utilities - Regulated Electric,1.4,1.0,1.4,"[[""Daily DM13 Bottom"", 6, 1.4]]",,,
2026-08-21,DTE,Bullish,135.22000122070312,Utilities,Utilities - Regulated Electric,1.4,1.0,1.4,"[[""Daily DM13 Bottom"", 6, 1.4]]",,,
2026-08-21,TMDX,Bearish,94.7699966430664,Healthcare,Medical Devices,1.4,1.0,1.4,"[[""Daily DM13 Top"", 6, 1.4]]",,,
2026-08-21,LAC,Bullish,3.140000104904175,Basic Materials,Other Industrial Metals & Mining,1.17,1.2,1.4,"[[""Weekly DM9 Bottom"", 5, 1.1666666666666665]]",,,
2026-08-21,WSFS,Bearish,79.87999725341797,Financial,Banks - Regional,1.33,1.0,1.33,"[[""Weekly DM9 Top"", 4, 1.3333333333333335]]",,,
2026-08-21,VRSK,Bearish,187.5,Industrials,Consulting Services,1.33,1.0,1.33,"[[""Weekly DM9 Top"", 4, 1.3333333333333335]]",,,
2026-08-21,CRCL,Bullish,87.9800033569336,Financial,Capital Markets,1.33,1.0,1.33,"[[""Weekly DM9 Bottom"", 4, 1.3333333333333335]]",,,
2026-08-21,MTD,Bearish,1395.25,Healthcare,Diagnostics & Research,1.33,1.0,1.33,"[[""Weekly DM9 Top"", 4, 1.3333333333333335]]",,,
2026-08-21,ZION,Bearish,68.13999938964844,Financial,Banks - Regional,1.33,1.0,1.33,"[[""Weekly DM9 Top"", 4, 1.3333333333333335]]",,,
2026-08-21,WPM,Bullish,157.77999877929688,Basic Materials,Gold,1.33,1.0,1.33,"[[""Weekly DM9 Bottom"", 4, 1.3333333333333335]]",,,
2026-08-21,PAAS,Bullish,53.06999969482422,Basic Materials,Gold,1.33,1.0,1.33,"[[""Weekly DM9 Bottom"", 4, 1.3333333333333335]]",,,
2026-08-21,MTB,Bearish,240.33999633789062,Financial,Banks - Regional,1.33,1.0,1.33,"[[""Weekly DM9 Top"", 4, 1.3333333333333335]]",,,
2026-08-21,TRV,Bearish,363.5799865722656,Financial,Insurance - Property & Casualty,1.33,1.0,1.33,"[[""Weekly DM9 Top"", 4, 1.3333333333333335]]",,,
2026-08-21,CCEP,Bearish,108.0,Consumer Defensive,Beverages - Non-Alcoholic,1.33,1.0,1.33,"[[""Weekly DM9 Top"", 4, 1.3333333333333335]]",,,
2026-08-21,WFC,Bearish,83.83999633789062,Financial,Banks - Diversified,1.33,1.0,1.33,"[[""Weekly DM9 Top"", 4, 1.3333333333333335]]",,,
2026-08-21,USB,Bearish,62.04999923706055,Financial,Banks - Regional,1.33,1.0,1.33,"[[""Weekly DM9 Top"", 4, 1.3333333333333335]]",,,
2026-08-21,PCAR,Bearish,131.02999877929688,Industrials,Farm & Heavy Construction Machinery,1.33,1.0,1.33,"[[""Weekly DM9 Top"", 4, 1.3333333333333335]]",,,
2026-08-21,HSY,Bullish,186.4600067138672,Consumer Defensive,Confectioners,1.33,1.0,1.33,"[[""Weekly DM9 Bottom"", 4, 1.3333333333333335]]",,,
2026-08-21,ALL,Bearish,253.8300018310547,Financial,Insurance - Property & Casualty,1.33,1.0,1.33,"[[""Weekly DM9 Top"", 4, 1.3333333333333335]]",,,
2026-08-21,CDW,Bearish,137.25,Technology,Information Technology Services,1.33,1.0,1.33,"[[""Weekly DM9 Top"", 4, 1.3333333333333335]]",,,
2026-08-21,ENS,Bullish,189.75999450683594,Industrials,Electrical Equipment & Parts,1.33,1.0,1.33,"[[""Weekly DM9 Bottom"", 4, 1.3333333333333335]]",,,
2026-08-21,CFG,Bearish,69.86000061035156,Financial,Banks - Regional,1.33,1.0,1.33,"[[""Weekly DM9 Top"", 4, 1.3333333333333335]]",,,
2026-08-21,MPLX,Bearish,58.40999984741211,Energy,Oil & Gas Midstream,1.33,1.0,1.33,"[[""Weekly DM9 Top"", 4, 1.3333333333333335]]",,,
2026-08-21,MRVI,Bullish,8.640000343322754,Healthcare,Biotechnology,1.1,1.2,1.32,"[[""Daily DM13 Bottom"", 9, 1.1]]",,,
2026-08-21,PCOR,Bearish,63.4900016784668,Technology,Software - Application,1.3,1.0,1.3,"[[""Daily DM13 Top"", 7, 1.3]]",,,
2026-08-21,NTNX,Bearish,67.63999938964844,Technology,Software - Infrastructure,1.3,1.0,1.3,"[[""Daily DM13 Top"", 7, 1.3]]",,,
2026-08-21,EXPE,Bearish,321.6300048828125,Consumer Cyclical,Travel Services,1.3,1.0,1.3,"[[""Daily DM13 Top"", 7, 1.3]]",,,
2026-08-21,TRP,Bullish,62.02000045776367,Energy,Oil & Gas Midstream,1.3,1.0,1.3,"[[""Daily DM13 Bottom"", 7, 1.3]]",,,
2026-08-21,OLLI,Bearish,76.06999969482422,Consumer Defensive,Discount Stores,1.3,1.0,1.3,"[[""Daily DM13 Top"", 7, 1.3]]",,,
2026-08-21,NOW,Bearish,128.47999572753906,Technology,Software - Application,1.3,1.0,1.3,"[[""Daily DM13 Top"", 7, 1.3]]",,,
2026-08-21,MDB,Bearish,430.8299865722656,Technology,Software - Infrastructure,1.3,1.0,1.3,"[[""Daily DM13 Top"", 7, 1.3]]",,,
2026-08-21,WDAY,Bearish,200.00999450683594,Technology,Software - Application,1.3,1.0,1.3,"[[""Daily DM13 Top"", 7, 1.3]]",,,
2026-08-21,ENB,Bullish,50.459999084472656,Energy,Oil & Gas Midstream,1.3,1.0,1.3,"[[""Daily DM13 Bottom"", 7, 1.3]]",,,
2026-08-21,FIVE,Bearish,250.24000549316406,Consumer Cyclical,Specialty Retail,1.3,1.0,1.3,"[[""Daily DM13 Top"", 7, 1.3]]",,,
2026-08-21,TGT,Bearish,165.44000244140625,Consumer Defensive,Discount Stores,1.3,1.0,1.3,"[[""Daily DM13 Top"", 7, 1.3]]",,,
2026-08-21,PTC,Bearish,154.67999267578125,Technology,Software - Application,1.3,1.0,1.3,"[[""Daily DM13 Top"", 7, 1.3]]",,,
2026-08-21,BAM,Bearish,52.29999923706055,Financial,Asset Management,1.3,1.0,1.3,"[[""Daily DM13 Top"", 7, 1.3]]",,,
2026-08-21,TEAM,Bearish,171.80999755859375,Technology,Software - Application,1.3,1.0,1.3,"[[""Daily DM13 Top"", 7, 1.3]]",,,
2026-08-21,NHI,Bullish,73.36000061035156,Real Estate,REIT - Healthcare Facilities,1.3,1.0,1.3,"[[""Daily DM13 Bottom"", 7, 1.3]]",,,
2026-08-21,ZM,Bearish,107.43000030517578,Technology,Software - Application,1.3,1.0,1.3,"[[""Daily DM13 Top"", 7, 1.3]]",,,
2026-08-21,IP,Bearish,41.4900016784668,Consumer Cyclical,Packaging & Containers,1.17,1.1,1.28,"[[""Weekly DM9 Top"", 5, 1.1666666666666665]]",,,
2026-08-21,CPRT,Bullish,33.79999923706055,Industrials,Specialty Business Services,1.17,1.1,1.28,"[[""Weekly DM9 Bottom"", 5, 1.1666666666666665]]",,,
2026-08-21,RYAN,Bearish,43.279998779296875,Financial,Insurance - Specialty,1.17,1.1,1.28,"[[""Weekly DM9 Top"", 5, 1.1666666666666665]]",,,
2026-08-21,CWT,Bearish,49.54999923706055,Utilities,Utilities - Regulated Water,1.17,1.1,1.28,"[[""Weekly DM9 Top"", 5, 1.1666666666666665]]",,,
2026-08-21,TGLS,Bearish,41.029998779296875,Basic Materials,Building Materials,1.17,1.1,1.28,"[[""Weekly DM9 Top"", 5, 1.1666666666666665]]",,,
2026-08-21,POR,Bullish,49.59000015258789,Utilities,Utilities - Regulated Electric,1.1,1.1,1.21,"[[""Daily DM13 Bottom"", 9, 1.1]]",,,
2026-08-21,BORR,Bullish,4.5,Energy,Oil & Gas Drilling,1.0,1.2,1.2,"[[""Weekly DM9 Bottom"", 6, 1.0]]",,,
2026-08-21,VERX,Bearish,13.470000267028809,Technology,Software - Application,1.0,1.2,1.2,"[[""Daily DM9 Top"", 0, 1.0]]",,,
2026-08-21,BULL,Bearish,8.779999732971191,Technology,Software - Application,1.0,1.2,1.2,"[[""Daily DM9 Top"", 0, 1.0]]",,,
2026-08-21,RNG,Bearish,67.01000213623047,Technology,Software - Application,1.2,1.0,1.2,"[[""Daily DM13 Top"", 8, 1.2]]",,,
2026-08-21,SWK,Bearish,100.0199966430664,Industrials,Tools & Accessories,1.2,1.0,1.2,"[[""Daily DM13 Top"", 8, 1.2]]",,,
2026-08-21,NEO,Bearish,16.979999542236328,Healthcare,Diagnostics & Research,1.0,1.2,1.2,"[[""Weekly DM9 Top"", 6, 1.0]]",,,
2026-08-21,AVY,Bearish,183.7100067138672,Consumer Cyclical,Packaging & Containers,1.2,1.0,1.2,"[[""Daily DM13 Top"", 8, 1.2]]",,,
2026-08-21,NEOG,Bearish,11.949999809265137,Healthcare,Diagnostics & Research,1.0,1.2,1.2,"[[""Daily DM9 Top"", 0, 1.0]]",,,
2026-08-21,YMM,Bullish,8.770000457763672,Technology,Software - Application,1.0,1.2,1.2,"[[""Daily DM9 Bottom"", 0, 1.0]]",,,
2026-08-21,SAP,Bearish,218.67999267578125,Technology,Software - Application,1.2,1.0,1.2,"[[""Daily DM13 Top"", 8, 1.2]]",,,
2026-08-21,VLY,Bearish,14.15999984741211,Financial,Banks - Regional,1.0,1.2,1.2,"[[""Weekly DM9 Top"", 6, 1.0]]",,,
2026-08-21,GO,Bearish,11.600000381469727,Consumer Defensive,Grocery Stores,1.0,1.2,1.2,"[[""Weekly DM9 Top"", 6, 1.0]]",,,
2026-08-21,OLN,Bullish,18.399999618530273,Basic Materials,Chemicals,1.0,1.2,1.2,"[[""Weekly DM9 Bottom"", 6, 1.0]]",,,
2026-08-21,XHR,Bearish,19.420000076293945,Real Estate,REIT - Hotel & Motel,1.0,1.2,1.2,"[[""Weekly DM9 Top"", 6, 1.0]]",,,
2026-08-21,BSX,Bearish,50.369998931884766,Healthcare,Medical Devices,1.2,1.0,1.2,"[[""Daily DM13 Top"", 8, 1.2]]",,,
2026-08-21,VSTS,Bullish,12.6899995803833,Industrials,Rental & Leasing Services,1.0,1.2,1.2,"[[""Daily DM13 Bottom"", 10, 1.0]]",,,
2026-08-21,SOUN,Bullish,7.320000171661377,Technology,Software - Application,1.0,1.2,1.2,"[[""Weekly DM9 Bottom"", 6, 1.0]]",,,
2026-08-21,AXGN,Bearish,50.400001525878906,Healthcare,Medical Devices,1.2,1.0,1.2,"[[""Daily DM13 Top"", 8, 1.2]]",,,
2026-08-21,APPS,Bullish,10.869999885559082,Technology,Software - Application,1.0,1.2,1.2,"[[""Daily DM9 Bottom"", 0, 1.0]]",,,
2026-08-21,TIC,Bearish,9.510000228881836,Industrials,Specialty Business Services,1.0,1.2,1.2,"[[""Daily DM13 Top"", 10, 1.0]]",,,
2026-08-21,CPAY,Bearish,417.1300048828125,Technology,Software - Infrastructure,1.2,1.0,1.2,"[[""Daily DM13 Top"", 8, 1.2]]",,,
2026-08-21,UROY,Bullish,4.380000114440918,Energy,Uranium,1.0,1.2,1.2,"[[""Weekly DM9 Bottom"", 6, 1.0]]",,,
2026-08-21,QXO,Bullish,13.760000228881836,Industrials,Industrial Distribution,1.0,1.2,1.2,"[[""Daily DM9 Bottom"", 0, 1.0]]",,,
2026-08-21,QDEL,Bearish,14.739999771118164,Healthcare,Medical Devices,1.0,1.2,1.2,"[[""Weekly DM9 Top"", 6, 1.0]]",,,
2026-08-21,URG,Bullish,1.4199999570846558,Energy,Uranium,1.0,1.2,1.2,"[[""Weekly DM9 Bottom"", 6, 1.0]]",,,
2026-08-21,TPR,Bearish,130.1699981689453,Consumer Cyclical,Luxury Goods,1.2,1.0,1.2,"[[""Daily DM13 Top"", 8, 1.2]]",,,
2026-08-21,BANC,Bearish,18.639999389648438,Financial,Banks - Regional,1.0,1.2,1.2,"[[""Weekly DM9 Top"", 6, 1.0]]",,,
2026-08-21,NTRA,Bearish,332.0299987792969,Healthcare,Diagnostics & Research,1.17,1.0,1.17,"[[""Weekly DM9 Top"", 5, 1.1666666666666665]]",,,
2026-08-21,LITE,Bullish,866.7100219726562,Technology,Communication Equipment,1.17,1.0,1.17,"[[""Weekly DM9 Bottom"", 5, 1.1666666666666665]]",,,
2026-08-21,PNC,Bearish,243.1300048828125,Financial,Banks - Regional,1.17,1.0,1.17,"[[""Weekly DM9 Top"", 5, 1.1666666666666665]]",,,
2026-08-21,RH,Bearish,153.2100067138672,Consumer Cyclical,Specialty Retail,1.17,1.0,1.17,"[[""Weekly DM9 Top"", 5, 1.1666666666666665]]",,,
2026-08-21,FCFS,Bullish,225.27999877929688,Financial,Credit Services,1.17,1.0,1.17,"[[""Weekly DM9 Bottom"", 5, 1.1666666666666665]]",,,
2026-08-21,SNPS,Bullish,397.8699951171875,Technology,Software - Infrastructure,1.17,1.0,1.17,"[[""Weekly DM9 Bottom"", 5, 1.1666666666666665]]",,,
2026-08-21,PWR,Bullish,639.3400268554688,Industrials,Engineering & Construction,1.17,1.0,1.17,"[[""Weekly DM9 Bottom"", 5, 1.1666666666666665]]",,,
2026-08-21,ETSY,Bearish,81.02999877929688,Consumer Cyclical,Internet Retail,1.17,1.0,1.17,"[[""Weekly DM9 Top"", 5, 1.1666666666666665]]",,,
2026-08-21,GOOGL,Bullish,344.82000732421875,Communication Services,Internet Content & Information,1.17,1.0,1.17,"[[""Weekly DM9 Bottom"", 5, 1.1666666666666665]]",,,
2026-08-21,DBD,Bearish,69.94000244140625,Technology,Software - Application,1.17,1.0,1.17,"[[""Weekly DM9 Top"", 5, 1.1666666666666665]]",,,
2026-08-21,DAVE,Bearish,354.7200012207031,Technology,Software - Application,1.17,1.0,1.17,"[[""Weekly DM9 Top"", 5, 1.1666666666666665]]",,,
2026-08-21,COST,Bullish,947.739990234375,Consumer Defensive,Discount Stores,1.17,1.0,1.17,"[[""Weekly DM9 Bottom"", 5, 1.1666666666666665]]",,,
2026-08-21,HSIC,Bearish,88.5,Healthcare,Medical Distribution,1.17,1.0,1.17,"[[""Weekly DM9 Top"", 5, 1.1666666666666665]]",,,
2026-08-21,SYY,Bearish,84.0999984741211,Consumer Defensive,Food Distribution,1.17,1.0,1.17,"[[""Weekly DM9 Top"", 5, 1.1666666666666665]]",,,
2026-08-21,GME,Bullish,18.209999084472656,Consumer Cyclical,Specialty Retail,0.95,1.2,1.14,"[[""Daily DM9 Bottom"", 1, 0.95]]",,,
2026-08-21,EYE,Bullish,17.8799991607666,Consumer Cyclical,Specialty Retail,0.95,1.2,1.14,"[[""Daily DM9 Bottom"", 1, 0.95]]",,,
2026-08-21,PTEN,Bearish,12.34000015258789,Energy,Oil & Gas Drilling,0.95,1.2,1.14,"[[""Daily DM9 Top"", 1, 0.95]]",,,
2026-08-21,HAYW,Bullish,14.579999923706055,Industrials,Electrical Equipment & Parts,0.95,1.2,1.14,"[[""Daily DM9 Bottom"", 1, 0.95]]",,,
2026-08-21,PENN,Bullish,18.645000457763672,Consumer Cyclical,Resorts & Casinos,0.95,1.2,1.14,"[[""Daily DM9 Bottom"", 1, 0.95]]",,,
2026-08-21,SFIX,Bullish,3.3399999141693115,Consumer Cyclical,Apparel Retail,0.95,1.2,1.14,"[[""Daily DM9 Bottom"", 1, 0.95]]",,,
2026-08-21,KD,Bullish,12.550000190734863,Technology,Information Technology Services,0.95,1.2,1.14,"[[""Daily DM9 Bottom"", 1, 0.95]]",,,
2026-08-21,SSL,Bearish,12.489999771118164,Basic Materials,Specialty Chemicals,0.95,1.2,1.14,"[[""Daily DM9 Top"", 1, 0.95]]",,,
2026-08-21,ARLO,Bullish,13.100000381469727,Industrials,Building Products & Equipment,0.95,1.2,1.14,"[[""Daily DM9 Bottom"", 1, 0.95]]",,,
2026-08-21,HLMN,Bullish,8.359999656677246,Industrials,Tools & Accessories,0.95,1.2,1.14,"[[""Daily DM9 Bottom"", 1, 0.95]]",,,
2026-08-21,VFC,Bullish,14.369999885559082,Consumer Cyclical,Apparel Manufacturing,0.95,1.2,1.14,"[[""Daily DM9 Bottom"", 1, 0.95]]",,,
2026-08-21,KOS,Bearish,2.9600000381469727,Energy,Oil & Gas E&P,0.95,1.2,1.14,"[[""Daily DM9 Top"", 1, 0.95]]",,,
2026-08-21,TALO,Bearish,17.469999313354492,Energy,Oil & Gas E&P,0.95,1.2,1.14,"[[""Daily DM9 Top"", 1, 0.95]]",,,
2026-08-21,MVST,Bullish,0.8047000169754028,Consumer Cyclical,Auto Parts,2.25,0.5,1.12,"[[""Weekly DM13 Bottom"", 3, 2.25]]",,,
2026-08-21,CAN,Bullish,0.35499998927116394,Technology,Computer Hardware,2.25,0.5,1.12,"[[""Weekly DM13 Bottom"", 3, 2.25]]",,,
2026-08-21,SHOO,Bullish,46.08000183105469,Consumer Cyclical,Footwear & Accessories,1.0,1.1,1.1,"[[""Daily DM9 Bottom"", 0, 1.0]]",,,
2026-08-21,RSI,Bullish,25.799999237060547,Consumer Cyclical,Gambling,1.0,1.1,1.1,"[[""Daily DM13 Bottom"", 10, 1.0]]",,,
2026-08-21,IVT,Bullish,32.689998626708984,Real Estate,REIT - Retail,1.0,1.1,1.1,"[[""Daily DM13 Bottom"", 10, 1.0]]",,,
2026-08-21,ROL,Bullish,36.90999984741211,Consumer Cyclical,Personal Services,1.0,1.1,1.1,"[[""Daily DM13 Bottom"", 10, 1.0]]",,,
2026-08-21,CDP,Bearish,37.27000045776367,Real Estate,REIT - Office,1.0,1.1,1.1,"[[""Weekly DM9 Top"", 6, 1.0]]",,,
2026-08-21,MRP,Bearish,30.389999389648438,Real Estate,REIT - Residential,1.0,1.1,1.1,"[[""Daily DM9 Top"", 0, 1.0]]",,,
2026-08-21,EPRT,Bullish,30.84000015258789,Real Estate,REIT - Retail,1.0,1.1,1.1,"[[""Daily DM13 Bottom"", 10, 1.0]]",,,
2026-08-21,LAUR,Bearish,37.459999084472656,Consumer Defensive,Education & Training Services,1.0,1.1,1.1,"[[""Weekly DM9 Top"", 6, 1.0]]",,,
2026-08-21,LDOS,Bearish,141.38999938964844,Technology,Information Technology Services,1.1,1.0,1.1,"[[""Daily DM13 Top"", 9, 1.1]]",,,
2026-08-21,DOW,Bullish,32.349998474121094,Basic Materials,Chemicals,1.0,1.1,1.1,"[[""Weekly DM9 Bottom"", 6, 1.0]]",,,
2026-08-21,WAFD,Bearish,36.380001068115234,Financial,Banks - Regional,1.0,1.1,1.1,"[[""Weekly DM9 Top"", 6, 1.0]]",,,
2026-08-21,VVV,Bearish,33.959999084472656,Consumer Cyclical,Auto & Truck Dealerships,1.0,1.1,1.1,"[[""Weekly DM9 Top"", 6, 1.0]]",,,
2026-08-21,FULT,Bearish,23.639999389648438,Financial,Banks - Regional,1.0,1.1,1.1,"[[""Weekly DM9 Top"", 6, 1.0]]",,,
2026-08-21,BNL,Bullish,21.1200008392334,Real Estate,REIT - Diversified,1.0,1.1,1.1,"[[""Daily DM13 Bottom"", 10, 1.0]]",,,
2026-08-21,FRO,Bearish,43.66999816894531,Energy,Oil & Gas Midstream,1.0,1.1,1.1,"[[""Daily DM9 Top"", 0, 1.0]]",,,
2026-08-21,PRM,Bullish,31.440000534057617,Basic Materials,Specialty Chemicals,1.0,1.1,1.1,"[[""Daily DM9 Bottom"", 0, 1.0]]",,,
2026-08-21,REYN,Bearish,25.469999313354492,Consumer Cyclical,Packaging & Containers,1.0,1.1,1.1,"[[""Weekly DM9 Top"", 6, 1.0]]",,,
2026-08-21,ATAT,Bullish,34.75,Consumer Cyclical,Lodging,1.0,1.1,1.1,"[[""Weekly DM9 Bottom"", 6, 1.0]]",,,
2026-08-21,LUV,Bearish,40.380001068115234,Industrials,Airlines,1.0,1.1,1.1,"[[""Weekly DM9 Top"", 6, 1.0]]",,,
2026-08-21,FFBC,Bearish,33.029998779296875,Financial,Banks - Regional,1.0,1.1,1.1,"[[""Weekly DM9 Top"", 6, 1.0]]",,,
2026-08-21,MGNI,Bearish,23.5,Communication Services,Advertising Agencies,1.0,1.1,1.1,"[[""Weekly DM9 Top"", 6, 1.0]]",,,
2026-08-21,STAG,Bullish,36.66999816894531,Real Estate,REIT - Industrial,1.0,1.1,1.1,"[[""Daily DM13 Bottom"", 10, 1.0]]",,,
2026-08-21,BCS,Bearish,26.829999923706055,Financial,Banks - Diversified,1.0,1.1,1.1,"[[""Weekly DM9 Top"", 6, 1.0]]",,,
2026-08-21,CVI,Bearish,39.5099983215332,Energy,Oil & Gas Refining & Marketing,1.0,1.1,1.1,"[[""Daily DM9 Top"", 0, 1.0]]",,,
2026-08-21,ROIV,Bearish,36.29999923706055,Healthcare,Biotechnology,1.0,1.1,1.1,"[[""Weekly DM9 Top"", 6, 1.0]]",,,
2026-08-21,CENT,Bearish,44.400001525878906,Consumer Defensive,Packaged Foods,1.0,1.1,1.1,"[[""Weekly DM9 Top"", 6, 1.0]]",,,
2026-08-21,KRG,Bullish,26.149999618530273,Real Estate,REIT - Retail,1.0,1.1,1.1,"[[""Daily DM13 Bottom"", 10, 1.0]]",,,
2026-08-21,HASI,Bullish,39.47999954223633,Financial,Asset Management,1.0,1.1,1.1,"[[""Weekly DM9 Bottom"", 6, 1.0]]",,,
2026-08-21,CRI,Bullish,35.77000045776367,Consumer Cyclical,Apparel Retail,1.0,1.1,1.1,"[[""Daily DM9 Bottom"", 0, 1.0]]",,,
2026-08-21,FFIN,Bearish,34.130001068115234,Financial,Banks - Regional,1.0,1.1,1.1,"[[""Weekly DM9 Top"", 6, 1.0]]",,,
2026-08-21,PBI,Bullish,16.479999542236328,Industrials,Integrated Freight & Logistics,0.9,1.2,1.08,"[[""Daily DM9 Bottom"", 2, 0.9]]",,,
2026-08-21,RIG,Bearish,5.920000076293945,Energy,Oil & Gas Drilling,0.9,1.2,1.08,"[[""Daily DM9 Top"", 2, 0.9]]",,,
2026-08-21,ARCO,Bullish,7.960000038146973,Consumer Cyclical,Restaurants,0.9,1.2,1.08,"[[""Daily DM9 Bottom"", 2, 0.9]]",,,
2026-08-21,AGNC,Bearish,10.890000343322754,Real Estate,REIT - Mortgage,0.9,1.2,1.08,"[[""Daily DM9 Top"", 2, 0.9]]",,,
2026-08-21,STUB,Bullish,6.679999828338623,Consumer Cyclical,Internet Retail,0.9,1.2,1.08,"[[""Daily DM9 Bottom"", 2, 0.9]]",,,
2026-08-21,CNDT,Bullish,1.6100000143051147,Technology,Information Technology Services,0.9,1.2,1.08,"[[""Daily DM9 Bottom"", 2, 0.9]]",,,
2026-08-21,AAL,Bullish,13.819999694824219,Industrials,Airlines,0.9,1.2,1.08,"[[""Daily DM9 Bottom"", 2, 0.9]]",,,
2026-08-21,WIT,Bullish,1.8899999856948853,Technology,Information Technology Services,0.9,1.2,1.08,"[[""Daily DM9 Bottom"", 2, 0.9]]",,,
2026-08-21,ORC,Bearish,6.699999809265137,Real Estate,REIT - Mortgage,0.9,1.2,1.08,"[[""Daily DM9 Top"", 2, 0.9]]",,,
2026-08-21,ULCC,Bullish,5.960000038146973,Industrials,Airlines,0.9,1.2,1.08,"[[""Daily DM9 Bottom"", 2, 0.9]]",,,
2026-08-21,DHT,Bearish,19.81999969482422,Energy,Oil & Gas Midstream,0.9,1.2,1.08,"[[""Daily DM9 Top"", 2, 0.9]]",,,
2026-08-21,ADT,Bullish,7.380000114440918,Industrials,Security & Protection Services,0.9,1.2,1.08,"[[""Daily DM9 Bottom"", 2, 0.9]]",,,
2026-08-21,ZGN,Bullish,13.899999618530273,Consumer Cyclical,Apparel Manufacturing,0.9,1.2,1.08,"[[""Daily DM9 Bottom"", 2, 0.9]]",,,
2026-08-21,PR,Bearish,23.75,Energy,Oil & Gas E&P,0.95,1.1,1.04,"[[""Daily DM9 Top"", 1, 0.95]]",,,
2026-08-21,WHR,Bullish,40.349998474121094,Consumer Cyclical,"Furnishings, Fixtures & Appliances",0.95,1.1,1.04,"[[""Daily DM9 Bottom"", 1, 0.95]]",,,
2026-08-21,AXTA,Bullish,36.20000076293945,Basic Materials,Specialty Chemicals,0.95,1.1,1.04,"[[""Daily DM9 Bottom"", 1, 0.95]]",,,
2026-08-21,ET,Bearish,21.190000534057617,Energy,Oil & Gas Midstream,0.95,1.1,1.04,"[[""Daily DM9 Top"", 1, 0.95]]",,,
2026-08-21,CVE,Bearish,32.93000030517578,Energy,Oil & Gas Integrated,0.95,1.1,1.04,"[[""Daily DM9 Top"", 1, 0.95]]",,,
2026-08-21,DVN,Bearish,49.099998474121094,Energy,Oil & Gas E&P,0.95,1.1,1.04,"[[""Daily DM9 Top"", 1, 0.95]]",,,
2026-08-21,SM,Bearish,37.20000076293945,Energy,Oil & Gas E&P,0.95,1.1,1.04,"[[""Daily DM9 Top"", 1, 0.95]]",,,
2026-08-21,ZWS,Bullish,49.0099983215332,Industrials,Pollution & Treatment Controls,0.95,1.1,1.04,"[[""Daily DM9 Bottom"", 1, 0.95]]",,,
2026-08-21,MWA,Bullish,24.940000534057617,Industrials,Specialty Industrial Machinery,0.95,1.1,1.04,"[[""Daily DM9 Bottom"", 1, 0.95]]",,,
2026-08-21,HAL,Bearish,35.34000015258789,Energy,Oil & Gas Equipment & Services,0.95,1.1,1.04,"[[""Daily DM9 Top"", 1, 0.95]]",,,
2026-08-21,MGY,Bearish,28.139999389648438,Energy,Oil & Gas E&P,0.95,1.1,1.04,"[[""Daily DM9 Top"", 1, 0.95]]",,,
2026-08-21,LFST,Bearish,12.470000267028809,Healthcare,Medical Care Facilities,0.85,1.2,1.02,"[[""Daily DM9 Top"", 3, 0.85]]",,,
2026-08-21,TDUP,Bullish,2.7899999618530273,Consumer Cyclical,Internet Retail,0.85,1.2,1.02,"[[""Daily DM9 Bottom"", 3, 0.85]]",,,
2026-08-21,METC,Bearish,11.899999618530273,Basic Materials,Coking Coal,0.85,1.2,1.02,"[[""Daily DM9 Top"", 3, 0.85]]",,,
2026-08-21,KURA,Bearish,11.890000343322754,Healthcare,Biotechnology,0.85,1.2,1.02,"[[""Daily DM9 Top"", 3, 0.85]]",,,
2026-08-21,CMBT,Bearish,18.049999237060547,Energy,Oil & Gas Midstream,0.85,1.2,1.02,"[[""Daily DM9 Top"", 3, 0.85]]",,,
2026-08-21,XRAY,Bullish,10.920000076293945,Healthcare,Medical Instruments & Supplies,0.85,1.2,1.02,"[[""Daily DM9 Bottom"", 3, 0.85]]",,,
2026-08-21,OI,Bullish,7.179999828338623,Consumer Cyclical,Packaging & Containers,0.85,1.2,1.02,"[[""Daily DM9 Bottom"", 3, 0.85]]",,,
2026-08-21,COLD,Bearish,15.25,Real Estate,REIT - Industrial,0.85,1.2,1.02,"[[""Daily DM9 Top"", 3, 0.85]]",,,
2026-08-21,VTEX,Bullish,3.6500000953674316,Technology,Software - Application,0.85,1.2,1.02,"[[""Daily DM9 Bottom"", 3, 0.85]]",,,
2026-08-21,RPAY,Bullish,4.010000228881836,Technology,Software - Infrastructure,0.85,1.2,1.02,"[[""Daily DM9 Bottom"", 3, 0.85]]",,,
2026-08-21,EVH,Bearish,4.739999771118164,Healthcare,Health Information Services,0.85,1.2,1.02,"[[""Daily DM9 Top"", 3, 0.85]]",,,
2026-08-21,GOGO,Bullish,2.680000066757202,Communication Services,Telecom Services,0.85,1.2,1.02,"[[""Daily DM9 Bottom"", 3, 0.85]]",,,
2026-08-21,IOVA,Bearish,8.289999961853027,Healthcare,Biotechnology,0.85,1.2,1.02,"[[""Daily DM9 Top"", 3, 0.85]]",,,
2026-08-21,CRON,Bearish,3.309999942779541,Healthcare,Drug Manufacturers - Specialty & Generic,0.85,1.2,1.02,"[[""Daily DM9 Top"", 3, 0.85]]",,,
2026-08-21,VRRM,Bullish,4.559999942779541,Technology,Information Technology Services,0.85,1.2,1.02,"[[""Daily DM9 Bottom"", 3, 0.85]]",,,
2026-08-21,VOD,Bearish,15.960000038146973,Communication Services,Telecom Services,0.85,1.2,1.02,"[[""Daily DM9 Top"", 3, 0.85]]",,,
2026-08-21,FINV,Bullish,4.349999904632568,Financial,Credit Services,0.85,1.2,1.02,"[[""Daily DM9 Bottom"", 3, 0.85]]",,,
2026-08-21,TJX,Bullish,140.52999877929688,Consumer Cyclical,Apparel Retail,1.0,1.0,1.0,"[[""Daily DM9 Bottom"", 0, 1.0]]",,,
2026-08-21,CP,Bearish,96.69000244140625,Industrials,Railroads,1.0,1.0,1.0,"[[""Daily DM9 Top"", 0, 1.0]]",,,
2026-08-21,VAC,Bearish,112.55000305175781,Consumer Cyclical,Resorts & Casinos,1.0,1.0,1.0,"[[""Weekly DM9 Top"", 6, 1.0]]",,,
2026-08-21,RRR,Bearish,61.09000015258789,Consumer Cyclical,Resorts & Casinos,1.0,1.0,1.0,"[[""Weekly DM9 Top"", 6, 1.0]]",,,
2026-08-21,DEFT,Bullish,0.5748999714851379,Financial,Capital Markets,2.0,0.5,1.0,"[[""Weekly DM13 Bottom"", 4, 2.0]]",,,
2026-08-21,EFSC,Bearish,63.66999816894531,Financial,Banks - Regional,1.0,1.0,1.0,"[[""Weekly DM9 Top"", 6, 1.0]]",,,
2026-08-21,EOG,Bearish,153.0500030517578,Energy,Oil & Gas E&P,1.0,1.0,1.0,"[[""Daily DM9 Top"", 0, 1.0]]",,,
2026-08-21,FERG,Bullish,242.24000549316406,Industrials,Industrial Distribution,1.0,1.0,1.0,"[[""Daily DM9 Bottom"", 0, 1.0]]",,,
2026-08-21,AGYS,Bearish,113.80000305175781,Technology,Software - Application,1.0,1.0,1.0,"[[""Weekly DM9 Top"", 6, 1.0]]",,,
2026-08-21,TRNO,Bullish,68.16999816894531,Real Estate,REIT - Industrial,1.0,1.0,1.0,"[[""Daily DM13 Bottom"", 10, 1.0]]",,,
2026-08-21,MSTR,Bullish,119.25,Technology,Software - Application,1.0,1.0,1.0,"[[""Weekly DM9 Bottom"", 6, 1.0]]",,,
2026-08-21,FR,Bullish,62.93000030517578,Real Estate,REIT - Industrial,1.0,1.0,1.0,"[[""Daily DM13 Bottom"", 10, 1.0]]",,,
2026-08-21,PSMT,Bearish,172.8699951171875,Consumer Defensive,Discount Stores,1.0,1.0,1.0,"[[""Weekly DM9 Top"", 6, 1.0]]",,,
2026-08-21,TDY,Bullish,636.1500244140625,Technology,Scientific & Technical Instruments,1.0,1.0,1.0,"[[""Daily DM9 Bottom"", 0, 1.0]]",,,
2026-08-21,LYB,Bullish,67.52999877929688,Basic Materials,Specialty Chemicals,1.0,1.0,1.0,"[[""Weekly DM9 Bottom"", 6, 1.0]]",,,
2026-08-21,SKWD,Bullish,56.88999938964844,Financial,Insurance - Property & Casualty,1.0,1.0,1.0,"[[""Daily DM9 Bottom"", 0, 1.0]]",,,
2026-08-21,VRTX,Bearish,548.0499877929688,Healthcare,Biotechnology,1.0,1.0,1.0,"[[""Weekly DM9 Top"", 6, 1.0]]",,,
2026-08-21,BRK-B,Bullish,495.82000732421875,Financial,Insurance - Diversified,1.0,1.0,1.0,"[[""Daily DM9 Bottom"", 0, 1.0]]",,,
2026-08-21,WLY,Bearish,51.58000183105469,Communication Services,Publishing,1.0,1.0,1.0,"[[""Weekly DM9 Top"", 6, 1.0]]",,,
2026-08-21,FN,Bullish,436.6700134277344,Technology,Electronic Components,1.0,1.0,1.0,"[[""Weekly DM9 Bottom"", 6, 1.0]]",,,
2026-08-21,GILD,Bearish,146.1199951171875,Healthcare,Drug Manufacturers - General,1.0,1.0,1.0,"[[""Daily DM9 Top"", 0, 1.0]]",,,
2026-08-21,ICLR,Bearish,172.22999572753906,Healthcare,Diagnostics & Research,1.0,1.0,1.0,"[[""Weekly DM9 Top"", 6, 1.0]]",,,
2026-08-21,AVGO,Bullish,368.45001220703125,Technology,Semiconductors,1.0,1.0,1.0,"[[""Daily DM9 Bottom"", 0, 1.0]]",,,
2026-08-21,NTR,Bearish,75.2699966430664,Basic Materials,Agricultural Inputs,1.0,1.0,1.0,"[[""Daily DM9 Top"", 0, 1.0]]",,,
2026-08-21,MLI,Bullish,63.220001220703125,Industrials,Metal Fabrication,1.0,1.0,1.0,"[[""Daily DM9 Bottom"", 0, 1.0]]",,,
2026-08-21,FBNC,Bearish,64.69999694824219,Financial,Banks - Regional,1.0,1.0,1.0,"[[""Weekly DM9 Top"", 6, 1.0]]",,,
2026-08-21,ORLY,Bullish,89.11000061035156,Consumer Cyclical,Auto Parts,1.0,1.0,1.0,"[[""Daily DM9 Bottom"", 0, 1.0]]",,,
2026-08-21,INDB,Bearish,83.7300033569336,Financial,Banks - Regional,1.0,1.0,1.0,"[[""Weekly DM9 Top"", 6, 1.0]]",,,
2026-08-21,SHW,Bullish,346.5899963378906,Basic Materials,Specialty Chemicals,1.0,1.0,1.0,"[[""Daily DM9 Bottom"", 0, 1.0]]",,,
2026-08-21,SLG,Bearish,57.45000076293945,Real Estate,REIT - Office,1.0,1.0,1.0,"[[""Daily DM9 Top"", 0, 1.0]]",,,
2026-08-21,WMT,Bullish,103.69999694824219,Consumer Defensive,Discount Stores,1.0,1.0,1.0,"[[""Weekly DM9 Bottom"", 6, 1.0]]",,,
2026-08-21,D,Bearish,66.5999984741211,Utilities,Utilities - Regulated Electric,1.0,1.0,1.0,"[[""Weekly DM9 Top"", 6, 1.0]]",,,
2026-08-21,CROX,Bearish,122.11000061035156,Consumer Cyclical,Footwear & Accessories,1.0,1.0,1.0,"[[""Weekly DM9 Top"", 6, 1.0]]",,,
2026-08-21,RVMD,Bearish,209.4600067138672,Healthcare,Biotechnology,1.0,1.0,1.0,"[[""Weekly DM9 Top"", 6, 1.0]]",,,
2026-08-21,CAH,Bearish,229.50999450683594,Healthcare,Medical Distribution,1.0,1.0,1.0,"[[""Weekly DM9 Top"", 6, 1.0]]",,,
2026-08-21,SU,Bearish,68.41999816894531,Energy,Oil & Gas Integrated,1.0,1.0,1.0,"[[""Daily DM9 Top"", 0, 1.0]]",,,
2026-08-21,M,Bullish,22.81999969482422,Consumer Cyclical,Department Stores,0.9,1.1,0.99,"[[""Daily DM9 Bottom"", 2, 0.9]]",,,
2026-08-21,FBIN,Bullish,44.529998779296875,Industrials,Building Products & Equipment,0.9,1.1,0.99,"[[""Daily DM9 Bottom"", 2, 0.9]]",,,
2026-08-21,SNY,Bearish,45.849998474121094,Healthcare,Drug Manufacturers - General,0.9,1.1,0.99,"[[""Daily DM9 Top"", 2, 0.9]]",,,
2026-08-21,HRL,Bullish,23.8799991607666,Consumer Defensive,Packaged Foods,0.9,1.1,0.99,"[[""Daily DM9 Bottom"", 2, 0.9]]",,,
2026-08-21,NOG,Bearish,27.34000015258789,Energy,Oil & Gas E&P,0.9,1.1,0.99,"[[""Daily DM9 Top"", 2, 0.9]]",,,
2026-08-21,IBN,Bullish,29.90999984741211,Financial,Banks - Regional,0.9,1.1,0.99,"[[""Daily DM9 Bottom"", 2, 0.9]]",,,
2026-08-21,ZTO,Bullish,21.3700008392334,Industrials,Integrated Freight & Logistics,0.9,1.1,0.99,"[[""Daily DM9 Bottom"", 2, 0.9]]",,,
2026-08-21,TNGX,Bullish,23.8799991607666,Healthcare,Biotechnology,0.9,1.1,0.99,"[[""Daily DM9 Bottom"", 2, 0.9]]",,,
2026-08-21,NE,Bearish,46.27000045776367,Energy,Oil & Gas Drilling,0.9,1.1,0.99,"[[""Daily DM9 Top"", 2, 0.9]]",,,
2026-08-21,GTES,Bullish,25.899999618530273,Industrials,Specialty Industrial Machinery,0.9,1.1,0.99,"[[""Daily DM9 Bottom"", 2, 0.9]]",,,
2026-08-21,ALK,Bullish,40.40999984741211,Industrials,Airlines,0.9,1.1,0.99,"[[""Daily DM9 Bottom"", 2, 0.9]]",,,
2026-08-21,NLY,Bearish,23.15999984741211,Real Estate,REIT - Mortgage,0.9,1.1,0.99,"[[""Daily DM9 Top"", 2, 0.9]]",,,
2026-08-21,SARO,Bullish,25.059999465942383,Industrials,Aerospace & Defense,0.9,1.1,0.99,"[[""Daily DM9 Bottom"", 2, 0.9]]",,,
2026-08-21,CIG,Bullish,1.9199999570846558,Utilities,Utilities - Diversified,0.8,1.2,0.96,"[[""Daily DM9 Bottom"", 4, 0.8]]",,,
2026-08-21,CSAN,Bullish,2.75,Energy,Oil & Gas Refining & Marketing,0.8,1.2,0.96,"[[""Daily DM9 Bottom"", 4, 0.8]]",,,
2026-08-21,STNE,Bullish,9.359999656677246,Technology,Software - Infrastructure,0.8,1.2,0.96,"[[""Daily DM9 Bottom"", 4, 0.8]]",,,
2026-08-21,DX,Bearish,13.029999732971191,Real Estate,REIT - Mortgage,0.8,1.2,0.96,"[[""Daily DM9 Top"", 4, 0.8]]",,,
2026-08-21,SBS,Bullish,4.610000133514404,Utilities,Utilities - Regulated Water,0.8,1.2,0.96,"[[""Daily DM9 Bottom"", 4, 0.8]]",,,
2026-08-21,ITUB,Bullish,7.480000019073486,Financial,Banks - Regional,0.8,1.2,0.96,"[[""Daily DM9 Bottom"", 4, 0.8]]",,,
2026-08-21,UP,Bullish,4.949999809265137,Industrials,Airports & Air Services,0.8,1.2,0.96,"[[""Daily DM9 Bottom"", 4, 0.8]]",,,
2026-08-21,PLTK,Bullish,2.369999885559082,Communication Services,Electronic Gaming & Multimedia,0.8,1.2,0.96,"[[""Daily DM9 Bottom"", 4, 0.8]]",,,
2026-08-21,CVX,Bearish,205.27000427246094,Energy,Oil & Gas Integrated,0.95,1.0,0.95,"[[""Daily DM9 Top"", 1, 0.95]]",,,
2026-08-21,OSIS,Bullish,206.72999572753906,Technology,Electronic Components,0.95,1.0,0.95,"[[""Daily DM9 Bottom"", 1, 0.95]]",,,
2026-08-21,PII,Bullish,64.38999938964844,Consumer Cyclical,Recreational Vehicles,0.95,1.0,0.95,"[[""Daily DM9 Bottom"", 1, 0.95]]",,,
2026-08-21,SHEL,Bearish,93.33000183105469,Energy,Oil & Gas Integrated,0.95,1.0,0.95,"[[""Daily DM9 Top"", 1, 0.95]]",,,
2026-08-21,BA,Bullish,214.1999969482422,Industrials,Aerospace & Defense,0.95,1.0,0.95,"[[""Daily DM9 Bottom"", 1, 0.95]]",,,
2026-08-21,CARR,Bullish,60.369998931884766,Industrials,Building Products & Equipment,0.95,1.0,0.95,"[[""Daily DM9 Bottom"", 1, 0.95]]",,,
2026-08-21,PPG,Bullish,113.62999725341797,Basic Materials,Specialty Chemicals,0.95,1.0,0.95,"[[""Daily DM9 Bottom"", 1, 0.95]]",,,
2026-08-21,TTE,Bearish,89.88999938964844,Energy,Oil & Gas Integrated,0.95,1.0,0.95,"[[""Daily DM9 Top"", 1, 0.95]]",,,
2026-08-21,MTX,Bullish,71.11000061035156,Basic Materials,Specialty Chemicals,0.95,1.0,0.95,"[[""Daily DM9 Bottom"", 1, 0.95]]",,,
2026-08-21,FANG,Bearish,210.72000122070312,Energy,Oil & Gas E&P,0.95,1.0,0.95,"[[""Daily DM9 Top"", 1, 0.95]]",,,
2026-08-21,ICE,Bearish,161.25,Financial,Financial Data & Stock Exchanges,0.95,1.0,0.95,"[[""Daily DM9 Top"", 1, 0.95]]",,,
2026-08-21,XOM,Bearish,165.11000061035156,Energy,Oil & Gas Integrated,0.95,1.0,0.95,"[[""Daily DM9 Top"", 1, 0.95]]",,,
2026-08-21,CNQ,Bearish,51.400001525878906,Energy,Oil & Gas E&P,0.95,1.0,0.95,"[[""Daily DM9 Top"", 1, 0.95]]",,,
2026-08-21,EQR,Bullish,63.65999984741211,Real Estate,REIT - Residential,0.95,1.0,0.95,"[[""Daily DM9 Bottom"", 1, 0.95]]",,,
2026-08-21,LNG,Bearish,277.510009765625,Energy,Oil & Gas Midstream,0.95,1.0,0.95,"[[""Daily DM9 Top"", 1, 0.95]]",,,
2026-08-21,SIG,Bullish,81.37000274658203,Consumer Cyclical,Luxury Goods,0.95,1.0,0.95,"[[""Daily DM9 Bottom"", 1, 0.95]]",,,
2026-08-21,POOL,Bullish,187.97999572753906,Industrials,Industrial Distribution,0.95,1.0,0.95,"[[""Daily DM9 Bottom"", 1, 0.95]]",,,
2026-08-21,PNR,Bullish,64.4000015258789,Industrials,Specialty Industrial Machinery,0.95,1.0,0.95,"[[""Daily DM9 Bottom"", 1, 0.95]]",,,
2026-08-21,FELE,Bullish,104.0999984741211,Industrials,Specialty Industrial Machinery,0.95,1.0,0.95,"[[""Daily DM9 Bottom"", 1, 0.95]]",,,
2026-08-21,DAR,Bearish,65.73999786376953,Consumer Defensive,Packaged Foods,0.95,1.0,0.95,"[[""Daily DM9 Top"", 1, 0.95]]",,,
2026-08-21,TRGP,Bearish,299.1000061035156,Energy,Oil & Gas Midstream,0.95,1.0,0.95,"[[""Daily DM9 Top"", 1, 0.95]]",,,
2026-08-21,COP,Bearish,134.8699951171875,Energy,Oil & Gas E&P,0.95,1.0,0.95,"[[""Daily DM9 Top"", 1, 0.95]]",,,
2026-08-21,FND,Bullish,54.2599983215332,Consumer Cyclical,Home Improvement Retail,0.95,1.0,0.95,"[[""Daily DM9 Bottom"", 1, 0.95]]",,,
2026-08-21,PSX,Bearish,242.8699951171875,Energy,Oil & Gas Refining & Marketing,0.95,1.0,0.95,"[[""Daily DM9 Top"", 1, 0.95]]",,,
2026-08-21,SNA,Bullish,393.3900146484375,Industrials,Tools & Accessories,0.95,1.0,0.95,"[[""Daily DM9 Bottom"", 1, 0.95]]",,,
2026-08-21,TOL,Bullish,147.08999633789062,Consumer Cyclical,Residential Construction,0.95,1.0,0.95,"[[""Daily DM9 Bottom"", 1, 0.95]]",,,
2026-08-21,JEF,Bullish,52.33000183105469,Financial,Capital Markets,0.95,1.0,0.95,"[[""Daily DM9 Bottom"", 1, 0.95]]",,,
2026-08-21,RYAAY,Bullish,55.79999923706055,Industrials,Airlines,0.95,1.0,0.95,"[[""Daily DM9 Bottom"", 1, 0.95]]",,,
2026-08-21,OII,Bearish,53.0,Energy,Oil & Gas Equipment & Services,0.95,1.0,0.95,"[[""Daily DM9 Top"", 1, 0.95]]",,,
2026-08-21,LTM,Bullish,51.54999923706055,Industrials,Airlines,0.95,1.0,0.95,"[[""Daily DM9 Bottom"", 1, 0.95]]",,,
2026-08-21,SIGI,Bullish,91.47000122070312,Financial,Insurance - Property & Casualty,0.95,1.0,0.95,"[[""Daily DM9 Bottom"", 1, 0.95]]",,,
2026-08-21,WD,Bullish,40.220001220703125,Financial,Mortgage Finance,0.85,1.1,0.94,"[[""Daily DM9 Bottom"", 3, 0.85]]",,,
2026-08-21,T,Bearish,25.290000915527344,Communication Services,Telecom Services,0.85,1.1,0.94,"[[""Daily DM9 Top"", 3, 0.85]]",,,
2026-08-21,HP,Bearish,43.54999923706055,Energy,Oil & Gas Drilling,0.85,1.1,0.94,"[[""Daily DM9 Top"", 3, 0.85]]",,,
2026-08-21,PRVA,Bullish,21.1200008392334,Healthcare,Health Information Services,0.85,1.1,0.94,"[[""Daily DM9 Bottom"", 3, 0.85]]",,,
2026-08-21,RCI,Bearish,36.27000045776367,Communication Services,Telecom Services,0.85,1.1,0.94,"[[""Daily DM9 Top"", 3, 0.85]]",,,
2026-08-21,YOU,Bullish,43.290000915527344,Technology,Software - Application,0.85,1.1,0.94,"[[""Daily DM9 Bottom"", 3, 0.85]]",,,
2026-08-21,LEVI,Bullish,21.489999771118164,Consumer Cyclical,Apparel Manufacturing,0.85,1.1,0.94,"[[""Daily DM9 Bottom"", 3, 0.85]]",,,
2026-08-21,FSS,Bullish,122.51000213623047,Industrials,Pollution & Treatment Controls,0.9,1.0,0.9,"[[""Daily DM9 Bottom"", 2, 0.9]]",,,
2026-08-21,FTI,Bearish,77.44999694824219,Energy,Oil & Gas Equipment & Services,0.9,1.0,0.9,"[[""Daily DM9 Top"", 2, 0.9]]",,,
2026-08-21,INN,Bullish,6.159999847412109,Real Estate,REIT - Hotel & Motel,0.75,1.2,0.9,"[[""Daily DM9 Bottom"", 5, 0.75]]",,,
2026-08-21,HAE,Bearish,108.80000305175781,Healthcare,Medical Devices,0.9,1.0,0.9,"[[""Daily DM9 Top"", 2, 0.9]]",,,
2026-08-21,MTDR,Bearish,58.380001068115234,Energy,Oil & Gas E&P,0.9,1.0,0.9,"[[""Daily DM9 Top"", 2, 0.9]]",,,
2026-08-21,PSEC,Bearish,2.3299999237060547,Financial,Asset Management,0.75,1.2,0.9,"[[""Daily DM9 Top"", 5, 0.75]]",,,
2026-08-21,ORIC,Bearish,14.199999809265137,Healthcare,Biotechnology,0.75,1.2,0.9,"[[""Daily DM9 Top"", 5, 0.75]]",,,
2026-08-21,OBDC,Bearish,11.300000190734863,Financial,Asset Management,0.75,1.2,0.9,"[[""Daily DM9 Top"", 5, 0.75]]",,,
2026-08-21,DPZ,Bullish,341.8500061035156,Consumer Cyclical,Restaurants,0.9,1.0,0.9,"[[""Daily DM9 Bottom"", 2, 0.9]]",,,
2026-08-21,MBLY,Bearish,9.029999732971191,Consumer Cyclical,Auto Parts,0.75,1.2,0.9,"[[""Daily DM9 Top"", 5, 0.75]]",,,
2026-08-21,RSG,Bearish,220.6699981689453,Industrials,Waste Management,0.9,1.0,0.9,"[[""Daily DM9 Top"", 2, 0.9]]",,,
2026-08-21,EXK,Bearish,10.619999885559082,Basic Materials,Silver,0.75,1.2,0.9,"[[""Daily DM9 Top"", 5, 0.75]]",,,
2026-08-21,VAL,Bearish,87.76000213623047,Energy,Oil & Gas Equipment & Services,0.9,1.0,0.9,"[[""Daily DM9 Top"", 2, 0.9]]",,,
2026-08-21,AIG,Bullish,76.12000274658203,Financial,Insurance - Diversified,0.9,1.0,0.9,"[[""Daily DM9 Bottom"", 2, 0.9]]",,,
2026-08-21,VRSN,Bullish,281.79998779296875,Technology,Software - Infrastructure,0.9,1.0,0.9,"[[""Daily DM9 Bottom"", 2, 0.9]]",,,
2026-08-21,ARR,Bearish,16.34000015258789,Real Estate,REIT - Mortgage,0.75,1.2,0.9,"[[""Daily DM9 Top"", 5, 0.75]]",,,
2026-08-21,CINF,Bullish,168.2899932861328,Financial,Insurance - Property & Casualty,0.9,1.0,0.9,"[[""Daily DM9 Bottom"", 2, 0.9]]",,,
2026-08-21,RCL,Bullish,292.0,Consumer Cyclical,Travel Services,0.9,1.0,0.9,"[[""Daily DM9 Bottom"", 2, 0.9]]",,,
2026-08-21,SFM,Bullish,81.08000183105469,Consumer Defensive,Grocery Stores,0.9,1.0,0.9,"[[""Daily DM9 Bottom"", 2, 0.9]]",,,
2026-08-21,NN,Bearish,17.549999237060547,Technology,Software - Infrastructure,0.75,1.2,0.9,"[[""Daily DM9 Top"", 5, 0.75]]",,,
2026-08-21,ABBV,Bearish,264.9599914550781,Healthcare,Drug Manufacturers - General,0.9,1.0,0.9,"[[""Daily DM9 Top"", 2, 0.9]]",,,
2026-08-21,EGO,Bearish,45.720001220703125,Basic Materials,Gold,0.8,1.1,0.88,"[[""Daily DM9 Top"", 4, 0.8]]",,,
2026-08-21,ETOR,Bullish,30.309999465942383,Financial,Capital Markets,0.8,1.1,0.88,"[[""Daily DM9 Bottom"", 4, 0.8]]",,,
2026-08-21,WAY,Bearish,25.010000228881836,Healthcare,Health Information Services,0.8,1.1,0.88,"[[""Daily DM9 Top"", 4, 0.8]]",,,
2026-08-21,CSGP,Bearish,32.2599983215332,Real Estate,Real Estate Services,0.8,1.1,0.88,"[[""Daily DM9 Top"", 4, 0.8]]",,,
2026-08-21,HON,Bullish,215.89999389648438,Industrials,Conglomerates,0.85,1.0,0.85,"[[""Daily DM9 Bottom"", 3, 0.85]]",,,
2026-08-21,PVH,Bullish,78.5,Consumer Cyclical,Apparel Manufacturing,0.85,1.0,0.85,"[[""Daily DM9 Bottom"", 3, 0.85]]",,,
2026-08-21,BIDU,Bullish,93.20999908447266,Communication Services,Internet Content & Information,0.85,1.0,0.85,"[[""Daily DM9 Bottom"", 3, 0.85]]",,,
2026-08-21,FOXA,Bearish,68.54000091552734,Communication Services,Entertainment,0.85,1.0,0.85,"[[""Daily DM9 Top"", 3, 0.85]]",,,
2026-08-21,KYMR,Bearish,119.80000305175781,Healthcare,Biotechnology,0.85,1.0,0.85,"[[""Daily DM9 Top"", 3, 0.85]]",,,
2026-08-21,FOX,Bearish,61.04999923706055,Communication Services,Entertainment,0.85,1.0,0.85,"[[""Daily DM9 Top"", 3, 0.85]]",,,
2026-08-21,NDAQ,Bearish,98.22000122070312,Financial,Financial Data & Stock Exchanges,0.85,1.0,0.85,"[[""Daily DM9 Top"", 3, 0.85]]",,,
2026-08-21,MOG-A,Bearish,389.1400146484375,Industrials,Aerospace & Defense,0.85,1.0,0.85,"[[""Daily DM9 Top"", 3, 0.85]]",,,
2026-08-21,BBAI,Bearish,3.2200000286102295,Technology,Information Technology Services,0.7,1.2,0.84,"[[""Daily DM9 Top"", 6, 0.7]]",,,
2026-08-21,FSM,Bearish,12.069999694824219,Basic Materials,Gold,0.7,1.2,0.84,"[[""Daily DM9 Top"", 6, 0.7]]",,,
2026-08-21,ARCC,Bearish,19.920000076293945,Financial,Asset Management,0.7,1.2,0.84,"[[""Daily DM9 Top"", 6, 0.7]]",,,
2026-08-21,INDI,Bearish,4.150000095367432,Technology,Semiconductor Equipment & Materials,0.7,1.2,0.84,"[[""Daily DM9 Top"", 6, 0.7]]",,,
2026-08-21,RGTI,Bearish,17.90999984741211,Technology,Computer Hardware,0.7,1.2,0.84,"[[""Daily DM9 Top"", 6, 0.7]]",,,
2026-08-21,UUUU,Bearish,15.140000343322754,Energy,Uranium,0.7,1.2,0.84,"[[""Daily DM9 Top"", 6, 0.7]]",,,
2026-08-21,SRPT,Bearish,18.790000915527344,Healthcare,Biotechnology,0.7,1.2,0.84,"[[""Daily DM9 Top"", 6, 0.7]]",,,
2026-08-21,AIRO,Bearish,8.600000381469727,Industrials,Aerospace & Defense,0.7,1.2,0.84,"[[""Daily DM9 Top"", 6, 0.7]]",,,
2026-08-21,LAES,Bearish,2.5399999618530273,Technology,Semiconductors,0.7,1.2,0.84,"[[""Daily DM9 Top"", 6, 0.7]]",,,
2026-08-21,SMMT,Bearish,13.15999984741211,Healthcare,Biotechnology,0.7,1.2,0.84,"[[""Daily DM9 Top"", 6, 0.7]]",,,
2026-08-21,SRTA,Bearish,6.239999771118164,Industrials,Airports & Air Services,0.7,1.2,0.84,"[[""Daily DM9 Top"", 6, 0.7]]",,,
2026-08-21,NRGV,Bearish,3.799999952316284,Utilities,Utilities - Renewable,0.7,1.2,0.84,"[[""Daily DM9 Top"", 6, 0.7]]",,,
2026-08-21,HBAN,Bearish,17.030000686645508,Financial,Banks - Regional,0.7,1.2,0.84,"[[""Daily DM9 Top"", 6, 0.7]]",,,
2026-08-21,LION,Bullish,11.510000228881836,Financial,Shell Companies,0.7,1.2,0.84,"[[""Daily DM9 Bottom"", 6, 0.7]]",,,
2026-08-21,EVCM,Bullish,9.640000343322754,Technology,Software - Infrastructure,0.7,1.2,0.84,"[[""Daily DM9 Bottom"", 6, 0.7]]",,,
2026-08-21,ITRG,Bearish,2.8499999046325684,Basic Materials,Other Precious Metals & Mining,0.7,1.2,0.84,"[[""Daily DM9 Top"", 6, 0.7]]",,,
2026-08-21,NNE,Bearish,18.850000381469727,Industrials,Specialty Industrial Machinery,0.7,1.2,0.84,"[[""Daily DM9 Top"", 6, 0.7]]",,,
2026-08-21,IAUX,Bearish,1.809999942779541,Basic Materials,Gold,0.7,1.2,0.84,"[[""Daily DM9 Top"", 6, 0.7]]",,,
2026-08-21,SLDP,Bearish,2.369999885559082,Consumer Cyclical,Auto Parts,0.7,1.2,0.84,"[[""Daily DM9 Top"", 6, 0.7]]",,,
2026-08-21,GROY,Bearish,3.440000057220459,Basic Materials,Gold,0.7,1.2,0.84,"[[""Daily DM9 Top"", 6, 0.7]]",,,
2026-08-21,DNN,Bearish,3.5,Energy,Uranium,0.7,1.2,0.84,"[[""Daily DM9 Top"", 6, 0.7]]",,,
2026-08-21,TGB,Bearish,9.1899995803833,Basic Materials,Copper,0.7,1.2,0.84,"[[""Daily DM9 Top"", 6, 0.7]]",,,
2026-08-21,AMPX,Bearish,10.34000015258789,Industrials,Electrical Equipment & Parts,0.7,1.2,0.84,"[[""Daily DM9 Top"", 6, 0.7]]",,,
2026-08-21,STLA,Bullish,5.409999847412109,Consumer Cyclical,Auto Manufacturers,0.7,1.2,0.84,"[[""Daily DM9 Bottom"", 6, 0.7]]",,,
2026-08-21,RCAT,Bearish,9.619999885559082,Industrials,Aerospace & Defense,0.7,1.2,0.84,"[[""Daily DM9 Top"", 6, 0.7]]",,,
2026-08-21,FSK,Bearish,11.90999984741211,Financial,Asset Management,0.7,1.2,0.84,"[[""Daily DM9 Top"", 6, 0.7]]",,,
2026-08-21,NVAX,Bearish,8.9399995803833,Healthcare,Biotechnology,0.7,1.2,0.84,"[[""Daily DM9 Top"", 6, 0.7]]",,,
2026-08-21,GRRR,Bearish,16.059999465942383,Technology,Software - Infrastructure,0.7,1.2,0.84,"[[""Daily DM9 Top"", 6, 0.7]]",,,
2026-08-21,RC,Bearish,1.8799999952316284,Real Estate,REIT - Mortgage,0.7,1.2,0.84,"[[""Daily DM9 Top"", 6, 0.7]]",,,
2026-08-21,GCMG,Bearish,13.729999542236328,Financial,Asset Management,0.7,1.2,0.84,"[[""Daily DM9 Top"", 6, 0.7]]",,,
2026-08-21,ASM,Bearish,7.400000095367432,Basic Materials,Other Precious Metals & Mining,0.7,1.2,0.84,"[[""Daily DM9 Top"", 6, 0.7]]",,,
2026-08-21,NG,Bearish,8.720000267028809,Basic Materials,Gold,0.7,1.2,0.84,"[[""Daily DM9 Top"", 6, 0.7]]",,,
2026-08-21,MIAX,Bullish,42.59000015258789,Financial,Capital Markets,0.75,1.1,0.83,"[[""Daily DM9 Bottom"", 5, 0.75]]",,,
2026-08-21,BZAI,Bullish,0.47870001196861267,Technology,Software - Application,1.67,0.5,0.83,"[[""Weekly DM9 Bottom"", 2, 1.6666666666666667]]",,,
2026-08-21,NOV,Bearish,20.420000076293945,Energy,Oil & Gas Equipment & Services,0.75,1.1,0.83,"[[""Daily DM9 Top"", 5, 0.75]]",,,
2026-08-21,KRC,Bullish,36.58000183105469,Real Estate,REIT - Office,0.75,1.1,0.83,"[[""Daily DM9 Bottom"", 5, 0.75]]",,,
2026-08-21,HDB,Bullish,23.600000381469727,Financial,Banks - Regional,0.75,1.1,0.83,"[[""Daily DM9 Bottom"", 5, 0.75]]",,,
2026-08-21,QSI,Bullish,0.8349999785423279,Healthcare,Medical Devices,1.67,0.5,0.83,"[[""Weekly DM9 Bottom"", 2, 1.6666666666666667]]",,,
2026-08-21,RHI,Bearish,44.75,Industrials,Staffing & Employment Services,0.75,1.1,0.83,"[[""Daily DM9 Top"", 5, 0.75]]",,,
2026-08-21,HPQ,Bearish,29.709999084472656,Technology,Computer Hardware,0.75,1.1,0.83,"[[""Daily DM9 Top"", 5, 0.75]]",,,
2026-08-21,KBR,Bearish,38.58000183105469,Industrials,Engineering & Construction,0.75,1.1,0.83,"[[""Daily DM9 Top"", 5, 0.75]]",,,
2026-08-21,HL,Bearish,20.719999313354492,Basic Materials,Other Precious Metals & Mining,0.75,1.1,0.83,"[[""Daily DM9 Top"", 5, 0.75]]",,,
2026-08-21,OGS,Bearish,78.83000183105469,Utilities,Utilities - Regulated Gas,0.8,1.0,0.8,"[[""Daily DM9 Top"", 4, 0.8]]",,,
2026-08-21,DRI,Bearish,221.60000610351562,Consumer Cyclical,Restaurants,0.8,1.0,0.8,"[[""Daily DM9 Top"", 4, 0.8]]",,,
2026-08-21,WMK,Bullish,71.0,Consumer Defensive,Grocery Stores,0.8,1.0,0.8,"[[""Daily DM9 Bottom"", 4, 0.8]]",,,
2026-08-21,TW,Bearish,107.04000091552734,Financial,Capital Markets,0.8,1.0,0.8,"[[""Daily DM9 Top"", 4, 0.8]]",,,
2026-08-21,BG,Bearish,113.11000061035156,Consumer Defensive,Farm Products,0.8,1.0,0.8,"[[""Daily DM9 Top"", 4, 0.8]]",,,
2026-08-21,VTRS,Bullish,16.31999969482422,Healthcare,Drug Manufacturers - Specialty & Generic,0.65,1.2,0.78,"[[""Daily DM9 Bottom"", 7, 0.65]]",,,
2026-08-21,ACDC,Bearish,4.829999923706055,Energy,Oil & Gas Equipment & Services,0.65,1.2,0.78,"[[""Daily DM9 Top"", 7, 0.65]]",,,
2026-08-21,HR,Bullish,19.389999389648438,Real Estate,REIT - Healthcare Facilities,0.65,1.2,0.78,"[[""Daily DM9 Bottom"", 7, 0.65]]",,,
2026-08-21,NOMD,Bullish,11.8100004196167,Consumer Defensive,Packaged Foods,0.65,1.2,0.78,"[[""Daily DM9 Bottom"", 7, 0.65]]",,,
2026-08-21,XPRO,Bearish,18.219999313354492,Energy,Oil & Gas Equipment & Services,0.65,1.2,0.78,"[[""Daily DM9 Top"", 7, 0.65]]",,,
2026-08-21,MQ,Bullish,16.360000610351562,Technology,Software - Infrastructure,0.65,1.2,0.78,"[[""Daily DM9 Bottom"", 7, 0.65]]",,,
2026-08-21,SSRM,Bearish,37.77000045776367,Basic Materials,Gold,0.7,1.1,0.77,"[[""Daily DM9 Top"", 6, 0.7]]",,,
2026-08-21,AG,Bearish,21.09000015258789,Basic Materials,Silver,0.7,1.1,0.77,"[[""Daily DM9 Top"", 6, 0.7]]",,,
2026-08-21,PSIX,Bearish,36.43000030517578,Industrials,Specialty Industrial Machinery,0.7,1.1,0.77,"[[""Daily DM9 Top"", 6, 0.7]]",,,
2026-08-21,JHX,Bearish,30.43000030517578,Basic Materials,Building Materials,0.7,1.1,0.77,"[[""Daily DM9 Top"", 6, 0.7]]",,,
2026-08-21,TREX,Bearish,46.83000183105469,Industrials,Building Products & Equipment,0.7,1.1,0.77,"[[""Daily DM9 Top"", 6, 0.7]]",,,
2026-08-21,VOYG,Bearish,38.400001525878906,Industrials,Aerospace & Defense,0.7,1.1,0.77,"[[""Daily DM9 Top"", 6, 0.7]]",,,
2026-08-21,BLSH,Bearish,30.40999984741211,Technology,Software - Infrastructure,0.7,1.1,0.77,"[[""Daily DM9 Top"", 6, 0.7]]",,,
2026-08-21,APG,Bearish,41.15999984741211,Industrials,Engineering & Construction,0.7,1.1,0.77,"[[""Daily DM9 Top"", 6, 0.7]]",,,
2026-08-21,PSLV,Bearish,22.84000015258789,Financial,Asset Management,0.7,1.1,0.77,"[[""Daily DM9 Top"", 6, 0.7]]",,,
2026-08-21,VCEL,Bullish,42.68000030517578,Healthcare,Biotechnology,0.7,1.1,0.77,"[[""Daily DM9 Bottom"", 6, 0.7]]",,,
2026-08-21,TSCO,Bearish,34.97999954223633,Consumer Cyclical,Specialty Retail,0.7,1.1,0.77,"[[""Daily DM9 Top"", 6, 0.7]]",,,
2026-08-21,YELP,Bullish,23.459999084472656,Communication Services,Internet Content & Information,0.7,1.1,0.77,"[[""Daily DM9 Bottom"", 6, 0.7]]",,,
2026-08-21,CDE,Bearish,20.969999313354492,Basic Materials,Gold,0.7,1.1,0.77,"[[""Daily DM9 Top"", 6, 0.7]]",,,
2026-08-21,MNST,Bullish,47.790000915527344,Consumer Defensive,Beverages - Non-Alcoholic,0.7,1.1,0.77,"[[""Daily DM9 Bottom"", 6, 0.7]]",,,
2026-08-21,SKY,Bearish,90.25,Consumer Cyclical,Residential Construction,0.75,1.0,0.75,"[[""Daily DM9 Top"", 5, 0.75]]",,,
2026-08-21,NOC,Bearish,551.030029296875,Industrials,Aerospace & Defense,0.75,1.0,0.75,"[[""Daily DM9 Top"", 5, 0.75]]",,,
2026-08-21,VRT,Bearish,261.95001220703125,Industrials,Electrical Equipment & Parts,0.75,1.0,0.75,"[[""Daily DM9 Top"", 5, 0.75]]",,,
2026-08-21,SES,Bullish,0.5403000116348267,Consumer Cyclical,Auto Parts,1.5,0.5,0.75,"[[""Weekly DM9 Bottom"", 3, 1.5]]",,,
2026-08-21,CVCO,Bearish,582.5499877929688,Consumer Cyclical,Residential Construction,0.75,1.0,0.75,"[[""Daily DM9 Top"", 5, 0.75]]",,,
2026-08-21,WAT,Bearish,410.70001220703125,Healthcare,Diagnostics & Research,0.75,1.0,0.75,"[[""Daily DM9 Top"", 5, 0.75]]",,,
2026-08-21,HOOD,Bearish,108.12999725341797,Financial,Capital Markets,0.75,1.0,0.75,"[[""Daily DM9 Top"", 5, 0.75]]",,,
2026-08-21,SLB,Bearish,53.869998931884766,Energy,Oil & Gas Equipment & Services,0.75,1.0,0.75,"[[""Daily DM9 Top"", 5, 0.75]]",,,
2026-08-21,BNS,Bearish,87.56999969482422,Financial,Banks - Diversified,0.75,1.0,0.75,"[[""Daily DM9 Top"", 5, 0.75]]",,,
2026-08-21,FDX,Bearish,325.0799865722656,Industrials,Integrated Freight & Logistics,0.75,1.0,0.75,"[[""Daily DM9 Top"", 5, 0.75]]",,,
2026-08-21,IOSP,Bearish,93.62999725341797,Basic Materials,Specialty Chemicals,0.75,1.0,0.75,"[[""Daily DM9 Top"", 5, 0.75]]",,,
2026-08-21,ORA,Bearish,108.37999725341797,Utilities,Utilities - Renewable,0.75,1.0,0.75,"[[""Daily DM9 Top"", 5, 0.75]]",,,
2026-08-21,RDY,Bearish,12.180000305175781,Healthcare,Drug Manufacturers - Specialty & Generic,0.6,1.2,0.72,"[[""Daily DM9 Top"", 8, 0.6]]",,,
2026-08-21,CHA,Bullish,10.8100004196167,Consumer Cyclical,Restaurants,0.6,1.2,0.72,"[[""Daily DM9 Bottom"", 8, 0.6]]",,,
2026-08-21,AHCO,Bullish,5.630000114440918,Healthcare,Medical Devices,0.6,1.2,0.72,"[[""Daily DM9 Bottom"", 8, 0.6]]",,,
2026-08-21,AEVA,Bearish,18.290000915527344,Technology,Software - Infrastructure,0.6,1.2,0.72,"[[""Daily DM9 Top"", 8, 0.6]]",,,
2026-08-21,ESRT,Bullish,4.820000171661377,Real Estate,REIT - Diversified,0.6,1.2,0.72,"[[""Daily DM9 Bottom"", 8, 0.6]]",,,
2026-08-21,HIW,Bullish,31.399999618530273,Real Estate,REIT - Office,0.65,1.1,0.72,"[[""Daily DM9 Bottom"", 7, 0.65]]",,,
2026-08-21,DDD,Bearish,3.190000057220459,Technology,Computer Hardware,0.6,1.2,0.72,"[[""Daily DM9 Top"", 8, 0.6]]",,,
2026-08-21,GT,Bullish,5.96999979019165,Consumer Cyclical,Auto Parts,0.6,1.2,0.72,"[[""Daily DM9 Bottom"", 8, 0.6]]",,,
2026-08-21,JBGS,Bullish,12.5,Real Estate,REIT - Office,0.6,1.2,0.72,"[[""Daily DM9 Bottom"", 8, 0.6]]",,,
2026-08-21,APLE,Bullish,16.670000076293945,Real Estate,REIT - Hotel & Motel,0.6,1.2,0.72,"[[""Daily DM9 Bottom"", 8, 0.6]]",,,
2026-08-21,RZLV,Bearish,2.4600000381469727,Technology,Software - Infrastructure,0.6,1.2,0.72,"[[""Daily DM9 Top"", 8, 0.6]]",,,
2026-08-21,RLAY,Bearish,19.440000534057617,Healthcare,Biotechnology,0.6,1.2,0.72,"[[""Daily DM9 Top"", 8, 0.6]]",,,
2026-08-21,TSHA,Bearish,6.090000152587891,Healthcare,Biotechnology,0.6,1.2,0.72,"[[""Daily DM9 Top"", 8, 0.6]]",,,
2026-08-21,SHO,Bullish,11.289999961853027,Real Estate,REIT - Hotel & Motel,0.6,1.2,0.72,"[[""Daily DM9 Bottom"", 8, 0.6]]",,,
2026-08-21,DEI,Bullish,11.789999961853027,Real Estate,REIT - Office,0.6,1.2,0.72,"[[""Daily DM9 Bottom"", 8, 0.6]]",,,
2026-08-21,AUTL,Bearish,2.4100000858306885,Healthcare,Biotechnology,0.6,1.2,0.72,"[[""Daily DM9 Top"", 8, 0.6]]",,,
2026-08-21,BXSL,Bearish,24.760000228881836,Financial,Asset Management,0.65,1.1,0.72,"[[""Daily DM9 Top"", 7, 0.65]]",,,
2026-08-21,NB,Bearish,4.639999866485596,Basic Materials,Other Industrial Metals & Mining,0.6,1.2,0.72,"[[""Daily DM9 Top"", 8, 0.6]]",,,
2026-08-21,KHC,Bullish,25.579999923706055,Consumer Defensive,Packaged Foods,0.65,1.1,0.72,"[[""Daily DM9 Bottom"", 7, 0.65]]",,,
2026-08-21,SGHC,Bullish,13.3100004196167,Consumer Cyclical,Gambling,0.6,1.2,0.72,"[[""Daily DM9 Bottom"", 8, 0.6]]",,,
2026-08-21,ABSI,Bearish,9.550000190734863,Healthcare,Biotechnology,0.6,1.2,0.72,"[[""Daily DM9 Top"", 8, 0.6]]",,,
2026-08-21,CLVT,Bullish,2.0799999237060547,Technology,Information Technology Services,0.6,1.2,0.72,"[[""Daily DM9 Bottom"", 8, 0.6]]",,,
2026-08-21,AVAV,Bearish,160.22000122070312,Industrials,Aerospace & Defense,0.7,1.0,0.7,"[[""Daily DM9 Top"", 6, 0.7]]",,,
2026-08-21,CNR,Bearish,95.12999725341797,Energy,Thermal Coal,0.7,1.0,0.7,"[[""Daily DM9 Top"", 6, 0.7]]",,,
2026-08-21,FROG,Bearish,92.12999725341797,Technology,Software - Application,0.7,1.0,0.7,"[[""Daily DM9 Top"", 6, 0.7]]",,,
2026-08-21,CVNA,Bearish,69.91000366210938,Consumer Cyclical,Auto & Truck Dealerships,0.7,1.0,0.7,"[[""Daily DM9 Top"", 6, 0.7]]",,,
2026-08-21,ATKR,Bearish,93.5999984741211,Industrials,Electrical Equipment & Parts,0.7,1.0,0.7,"[[""Daily DM9 Top"", 6, 0.7]]",,,
2026-08-21,ASML,Bearish,1763.760009765625,Technology,Semiconductor Equipment & Materials,0.7,1.0,0.7,"[[""Daily DM9 Top"", 6, 0.7]]",,,
2026-08-21,ARE,Bullish,53.4900016784668,Real Estate,REIT - Office,0.7,1.0,0.7,"[[""Daily DM9 Bottom"", 6, 0.7]]",,,
2026-08-21,KTOS,Bearish,57.16999816894531,Industrials,Aerospace & Defense,0.7,1.0,0.7,"[[""Daily DM9 Top"", 6, 0.7]]",,,
2026-08-21,ISRG,Bearish,378.80999755859375,Healthcare,Medical Instruments & Supplies,0.7,1.0,0.7,"[[""Daily DM9 Top"", 6, 0.7]]",,,
2026-08-21,ELS,Bullish,65.45999908447266,Real Estate,REIT - Residential,0.7,1.0,0.7,"[[""Daily DM9 Bottom"", 6, 0.7]]",,,
2026-08-21,HPE,Bearish,53.45000076293945,Technology,Communication Equipment,0.7,1.0,0.7,"[[""Daily DM9 Top"", 6, 0.7]]",,,
2026-08-21,STT,Bearish,187.1300048828125,Financial,Asset Management,0.7,1.0,0.7,"[[""Daily DM9 Top"", 6, 0.7]]",,,
2026-08-21,AFL,Bullish,116.06999969482422,Financial,Insurance - Life,0.7,1.0,0.7,"[[""Daily DM9 Bottom"", 6, 0.7]]",,,
2026-08-21,PLTR,Bearish,179.94000244140625,Technology,Software - Infrastructure,0.7,1.0,0.7,"[[""Daily DM9 Top"", 6, 0.7]]",,,
2026-08-21,ONTO,Bearish,293.3299865722656,Technology,Semiconductor Equipment & Materials,0.7,1.0,0.7,"[[""Daily DM9 Top"", 6, 0.7]]",,,
2026-08-21,CVLT,Bearish,133.80999755859375,Technology,Software - Application,0.7,1.0,0.7,"[[""Daily DM9 Top"", 6, 0.7]]",,,
2026-08-21,KRMN,Bearish,53.400001525878906,Industrials,Aerospace & Defense,0.7,1.0,0.7,"[[""Daily DM9 Top"", 6, 0.7]]",,,
2026-08-21,SEI,Bearish,53.279998779296875,Energy,Oil & Gas Equipment & Services,0.7,1.0,0.7,"[[""Daily DM9 Top"", 6, 0.7]]",,,
2026-08-21,SUI,Bullish,121.66000366210938,Real Estate,REIT - Residential,0.7,1.0,0.7,"[[""Daily DM9 Bottom"", 6, 0.7]]",,,
2026-08-21,BJ,Bullish,96.41999816894531,Consumer Defensive,Discount Stores,0.7,1.0,0.7,"[[""Daily DM9 Bottom"", 6, 0.7]]",,,
2026-08-21,SXT,Bearish,134.55999755859375,Basic Materials,Specialty Chemicals,0.7,1.0,0.7,"[[""Daily DM9 Top"", 6, 0.7]]",,,
2026-08-21,NTRS,Bearish,183.89999389648438,Financial,Asset Management,0.7,1.0,0.7,"[[""Daily DM9 Top"", 6, 0.7]]",,,
2026-08-21,GHC,Bullish,1166.9300537109375,Consumer Defensive,Education & Training Services,0.7,1.0,0.7,"[[""Daily DM9 Bottom"", 6, 0.7]]",,,
2026-08-21,VSEC,Bearish,217.5800018310547,Industrials,Aerospace & Defense,0.7,1.0,0.7,"[[""Daily DM9 Top"", 6, 0.7]]",,,
2026-08-21,CCJ,Bearish,102.51000213623047,Energy,Uranium,0.7,1.0,0.7,"[[""Daily DM9 Top"", 6, 0.7]]",,,
2026-08-21,CRDO,Bearish,230.57000732421875,Technology,Semiconductors,0.7,1.0,0.7,"[[""Daily DM9 Top"", 6, 0.7]]",,,
2026-08-21,SLQT,Bullish,0.8281000256538391,Financial,Insurance Brokers,1.33,0.5,0.67,"[[""Weekly DM9 Bottom"", 4, 1.3333333333333335]]",,,
2026-08-21,DOC,Bullish,21.399999618530273,Real Estate,REIT - Healthcare Facilities,0.6,1.1,0.66,"[[""Daily DM9 Bottom"", 8, 0.6]]",,,
2026-08-21,NTST,Bullish,20.350000381469727,Real Estate,REIT - Retail,0.6,1.1,0.66,"[[""Daily DM9 Bottom"", 8, 0.6]]",,,
2026-08-21,MAC,Bullish,24.3799991607666,Real Estate,REIT - Retail,0.6,1.1,0.66,"[[""Daily DM9 Bottom"", 8, 0.6]]",,,
2026-08-21,OHI,Bullish,46.61000061035156,Real Estate,REIT - Healthcare Facilities,0.6,1.1,0.66,"[[""Daily DM9 Bottom"", 8, 0.6]]",,,
2026-08-21,KIM,Bullish,24.020000457763672,Real Estate,REIT - Retail,0.6,1.1,0.66,"[[""Daily DM9 Bottom"", 8, 0.6]]",,,
2026-08-21,SBSW,Bearish,12.579999923706055,Basic Materials,Other Precious Metals & Mining,0.55,1.2,0.66,"[[""Daily DM9 Top"", 9, 0.55]]",,,
2026-08-21,FCPT,Bullish,25.229999542236328,Real Estate,REIT - Retail,0.6,1.1,0.66,"[[""Daily DM9 Bottom"", 8, 0.6]]",,,
2026-08-21,PPTA,Bearish,25.700000762939453,Basic Materials,Other Precious Metals & Mining,0.6,1.1,0.66,"[[""Daily DM9 Top"", 8, 0.6]]",,,
2026-08-21,PECO,Bullish,39.27000045776367,Real Estate,REIT - Retail,0.6,1.1,0.66,"[[""Daily DM9 Bottom"", 8, 0.6]]",,,
2026-08-21,SPNT,Bullish,23.6299991607666,Financial,Insurance - Reinsurance,0.6,1.1,0.66,"[[""Daily DM9 Bottom"", 8, 0.6]]",,,
2026-08-21,NNN,Bullish,45.83000183105469,Real Estate,REIT - Retail,0.6,1.1,0.66,"[[""Daily DM9 Bottom"", 8, 0.6]]",,,
2026-08-21,CUZ,Bullish,29.68000030517578,Real Estate,REIT - Office,0.6,1.1,0.66,"[[""Daily DM9 Bottom"", 8, 0.6]]",,,
2026-08-21,CLM,Bearish,6.869999885559082,Financial,Closed-End Fund - Equity,0.55,1.2,0.66,"[[""Daily DM9 Top"", 9, 0.55]]",,,
2026-08-21,HBM,Bearish,30.059999465942383,Basic Materials,Copper,0.6,1.1,0.66,"[[""Daily DM9 Top"", 8, 0.6]]",,,
2026-08-21,GLPI,Bullish,43.54999923706055,Real Estate,REIT - Specialty,0.6,1.1,0.66,"[[""Daily DM9 Bottom"", 8, 0.6]]",,,
2026-08-21,UE,Bullish,21.43000030517578,Real Estate,REIT - Retail,0.6,1.1,0.66,"[[""Daily DM9 Bottom"", 8, 0.6]]",,,
2026-08-21,FAST,Bearish,51.2599983215332,Industrials,Industrial Distribution,0.65,1.0,0.65,"[[""Daily DM9 Top"", 7, 0.65]]",,,
2026-08-21,ANET,Bearish,188.64999389648438,Technology,Computer Hardware,0.65,1.0,0.65,"[[""Daily DM9 Top"", 7, 0.65]]",,,
2026-08-21,ETN,Bearish,419.20001220703125,Industrials,Specialty Industrial Machinery,0.65,1.0,0.65,"[[""Daily DM9 Top"", 7, 0.65]]",,,
2026-08-21,SAH,Bullish,77.44999694824219,Consumer Cyclical,Auto & Truck Dealerships,0.65,1.0,0.65,"[[""Daily DM9 Bottom"", 7, 0.65]]",,,
2026-08-21,NVT,Bearish,151.97999572753906,Industrials,Electrical Equipment & Parts,0.65,1.0,0.65,"[[""Daily DM9 Top"", 7, 0.65]]",,,
2026-08-21,BYD,Bullish,80.77999877929688,Consumer Cyclical,Resorts & Casinos,0.65,1.0,0.65,"[[""Daily DM9 Bottom"", 7, 0.65]]",,,
2026-08-21,LMT,Bearish,563.5700073242188,Industrials,Aerospace & Defense,0.65,1.0,0.65,"[[""Daily DM9 Top"", 7, 0.65]]",,,
2026-08-21,KR,Bullish,57.900001525878906,Consumer Defensive,Grocery Stores,0.65,1.0,0.65,"[[""Daily DM9 Bottom"", 7, 0.65]]",,,
2026-08-21,RHP,Bullish,128.5,Real Estate,REIT - Hotel & Motel,0.65,1.0,0.65,"[[""Daily DM9 Bottom"", 7, 0.65]]",,,
2026-08-21,NOVT,Bearish,145.24000549316406,Technology,Scientific & Technical Instruments,0.65,1.0,0.65,"[[""Daily DM9 Top"", 7, 0.65]]",,,
2026-08-21,BTI,Bullish,56.209999084472656,Consumer Defensive,Tobacco,0.65,1.0,0.65,"[[""Daily DM9 Bottom"", 7, 0.65]]",,,
2026-08-21,TSM,Bearish,418.95001220703125,Technology,Semiconductors,0.65,1.0,0.65,"[[""Daily DM9 Top"", 7, 0.65]]",,,
2026-08-21,TD,Bearish,117.1500015258789,Financial,Banks - Diversified,0.65,1.0,0.65,"[[""Daily DM9 Top"", 7, 0.65]]",,,
2026-08-21,SPG,Bullish,218.2899932861328,Real Estate,REIT - Retail,0.65,1.0,0.65,"[[""Daily DM9 Bottom"", 7, 0.65]]",,,
2026-08-21,TRN,Bullish,29.790000915527344,Industrials,Railroads,0.55,1.1,0.61,"[[""Daily DM9 Bottom"", 9, 0.55]]",,,
2026-08-21,OGE,Bullish,45.619998931884766,Utilities,Utilities - Regulated Electric,0.55,1.1,0.61,"[[""Daily DM9 Bottom"", 9, 0.55]]",,,
2026-08-21,UGI,Bullish,37.59000015258789,Utilities,Utilities - Regulated Gas,0.55,1.1,0.61,"[[""Daily DM9 Bottom"", 9, 0.55]]",,,
2026-08-21,QURE,Bearish,48.369998931884766,Healthcare,Biotechnology,0.55,1.1,0.61,"[[""Daily DM9 Top"", 9, 0.55]]",,,
2026-08-21,CNP,Bullish,38.77000045776367,Utilities,Utilities - Regulated Electric,0.55,1.1,0.61,"[[""Daily DM9 Bottom"", 9, 0.55]]",,,
2026-08-21,DRS,Bullish,40.70000076293945,Industrials,Aerospace & Defense,0.55,1.1,0.61,"[[""Daily DM9 Bottom"", 9, 0.55]]",,,
2026-08-21,CURB,Bullish,29.389999389648438,Real Estate,REIT - Retail,0.55,1.1,0.61,"[[""Daily DM9 Bottom"", 9, 0.55]]",,,
2026-08-21,CGAU,Bearish,23.75,Basic Materials,Gold,0.55,1.1,0.61,"[[""Daily DM9 Top"", 9, 0.55]]",,,
2026-08-21,FE,Bullish,45.959999084472656,Utilities,Utilities - Regulated Electric,0.55,1.1,0.61,"[[""Daily DM9 Bottom"", 9, 0.55]]",,,
2026-08-21,LBRDK,Bearish,36.02000045776367,Communication Services,Telecom Services,0.55,1.1,0.61,"[[""Daily DM9 Top"", 9, 0.55]]",,,
2026-08-21,CRWD,Bearish,191.9499969482422,Technology,Software - Infrastructure,0.6,1.0,0.6,"[[""Daily DM9 Top"", 8, 0.6]]",,,
2026-08-21,FRT,Bullish,116.73999786376953,Real Estate,REIT - Retail,0.6,1.0,0.6,"[[""Daily DM9 Bottom"", 8, 0.6]]",,,
2026-08-21,ALB,Bearish,143.25,Basic Materials,Specialty Chemicals,0.6,1.0,0.6,"[[""Daily DM9 Top"", 8, 0.6]]",,,
2026-08-21,SLAB,Bearish,218.0,Technology,Semiconductors,0.6,1.0,0.6,"[[""Daily DM9 Top"", 8, 0.6]]",,,
2026-08-21,KC,Bearish,11.140000343322754,Technology,Software - Application,0.5,1.2,0.6,"[[""Daily DM9 Top"", 10, 0.5]]",,,
2026-08-21,TEM,Bearish,72.69000244140625,Healthcare,Health Information Services,0.6,1.0,0.6,"[[""Daily DM9 Top"", 8, 0.6]]",,,
2026-08-21,IRT,Bearish,16.59000015258789,Real Estate,REIT - Residential,0.5,1.2,0.6,"[[""Daily DM9 Top"", 10, 0.5]]",,,
2026-08-21,BWA,Bearish,67.77999877929688,Consumer Cyclical,Auto Parts,0.6,1.0,0.6,"[[""Daily DM9 Top"", 8, 0.6]]",,,
2026-08-21,AVXL,Bearish,3.240000009536743,Healthcare,Biotechnology,0.5,1.2,0.6,"[[""Daily DM9 Top"", 10, 0.5]]",,,
2026-08-21,CLBT,Bearish,11.050000190734863,Technology,Software - Infrastructure,0.5,1.2,0.6,"[[""Daily DM9 Top"", 10, 0.5]]",,,
2026-08-21,PLD,Bullish,141.8000030517578,Real Estate,REIT - Industrial,0.6,1.0,0.6,"[[""Daily DM9 Bottom"", 8, 0.6]]",,,
2026-08-21,PANW,Bearish,357.8699951171875,Technology,Software - Infrastructure,0.6,1.0,0.6,"[[""Daily DM9 Top"", 8, 0.6]]",,,
2026-08-21,ECC,Bearish,3.809999942779541,Financial,Closed-End Fund - Debt,0.5,1.2,0.6,"[[""Daily DM9 Top"", 10, 0.5]]",,,
2026-08-21,JOE,Bearish,68.88999938964844,Real Estate,Real Estate - Diversified,0.6,1.0,0.6,"[[""Daily DM9 Top"", 8, 0.6]]",,,
2026-08-21,KLAR,Bearish,14.329999923706055,Technology,Software - Infrastructure,0.5,1.2,0.6,"[[""Daily DM9 Top"", 10, 0.5]]",,,
2026-08-21,NJR,Bullish,53.52000045776367,Utilities,Utilities - Regulated Gas,0.6,1.0,0.6,"[[""Daily DM9 Bottom"", 8, 0.6]]",,,
2026-08-21,ACGL,Bullish,99.38999938964844,Financial,Insurance - Diversified,0.6,1.0,0.6,"[[""Daily DM9 Bottom"", 8, 0.6]]",,,
2026-08-21,EVLV,Bearish,5.340000152587891,Industrials,Security & Protection Services,0.5,1.2,0.6,"[[""Daily DM9 Top"", 10, 0.5]]",,,
2026-08-21,WST,Bearish,353.0799865722656,Healthcare,Medical Instruments & Supplies,0.6,1.0,0.6,"[[""Daily DM9 Top"", 8, 0.6]]",,,
2026-08-21,IBOC,Bullish,71.48999786376953,Financial,Banks - Regional,0.6,1.0,0.6,"[[""Daily DM9 Bottom"", 8, 0.6]]",,,
2026-08-21,LEU,Bearish,186.25999450683594,Energy,Uranium,0.6,1.0,0.6,"[[""Daily DM9 Top"", 8, 0.6]]",,,
2026-08-21,CEPF,Bullish,10.34000015258789,Financial,Shell Companies,0.5,1.2,0.6,"[[""Daily DM9 Bottom"", 10, 0.5]]",,,
2026-08-21,O,Bullish,62.599998474121094,Real Estate,REIT - Retail,0.6,1.0,0.6,"[[""Daily DM9 Bottom"", 8, 0.6]]",,,
2026-08-21,ORCL,Bearish,146.47000122070312,Technology,Software - Infrastructure,0.6,1.0,0.6,"[[""Daily DM9 Top"", 8, 0.6]]",,,
2026-08-21,ADC,Bullish,73.87999725341797,Real Estate,REIT - Retail,0.6,1.0,0.6,"[[""Daily DM9 Bottom"", 8, 0.6]]",,,
2026-08-21,CMS,Bullish,68.2699966430664,Utilities,Utilities - Regulated Electric,0.6,1.0,0.6,"[[""Daily DM9 Bottom"", 8, 0.6]]",,,
2026-08-21,TECK,Bearish,69.19999694824219,Basic Materials,Other Industrial Metals & Mining,0.6,1.0,0.6,"[[""Daily DM9 Top"", 8, 0.6]]",,,
2026-08-21,AA,Bearish,51.849998474121094,Basic Materials,Aluminum,0.6,1.0,0.6,"[[""Daily DM9 Top"", 8, 0.6]]",,,
2026-08-21,TWST,Bearish,145.58999633789062,Healthcare,Diagnostics & Research,0.6,1.0,0.6,"[[""Daily DM9 Top"", 8, 0.6]]",,,
2026-08-21,RIO,Bearish,105.30000305175781,Basic Materials,Other Industrial Metals & Mining,0.55,1.0,0.55,"[[""Daily DM9 Top"", 9, 0.55]]",,,
2026-08-21,WPC,Bullish,71.19999694824219,Real Estate,REIT - Diversified,0.55,1.0,0.55,"[[""Daily DM9 Bottom"", 9, 0.55]]",,,
2026-08-21,UBS,Bearish,53.290000915527344,Financial,Banks - Diversified,0.55,1.0,0.55,"[[""Daily DM9 Top"", 9, 0.55]]",,,
2026-08-21,CVS,Bullish,93.0199966430664,Healthcare,Healthcare Plans,0.55,1.0,0.55,"[[""Daily DM9 Bottom"", 9, 0.55]]",,,
2026-08-21,EW,Bearish,89.79000091552734,Healthcare,Medical Devices,0.55,1.0,0.55,"[[""Daily DM9 Top"", 9, 0.55]]",,,
2026-08-21,AIN,Bullish,59.099998474121094,Consumer Cyclical,Textile Manufacturing,0.55,1.0,0.55,"[[""Daily DM9 Bottom"", 9, 0.55]]",,,
2026-08-21,RELY,Bearish,26.670000076293945,Technology,Software - Infrastructure,0.5,1.1,0.55,"[[""Daily DM9 Top"", 10, 0.5]]",,,
2026-08-21,PI,Bearish,165.5399932861328,Technology,Semiconductors,0.55,1.0,0.55,"[[""Daily DM9 Top"", 9, 0.55]]",,,
2026-08-21,WEC,Bullish,106.01000213623047,Utilities,Utilities - Regulated Electric,0.55,1.0,0.55,"[[""Daily DM9 Bottom"", 9, 0.55]]",,,
2026-08-21,BABA,Bearish,119.33999633789062,Consumer Cyclical,Internet Retail,0.55,1.0,0.55,"[[""Daily DM9 Top"", 9, 0.55]]",,,
2026-08-21,ATO,Bullish,166.85000610351562,Utilities,Utilities - Regulated Gas,0.55,1.0,0.55,"[[""Daily DM9 Bottom"", 9, 0.55]]",,,
2026-08-21,PEGA,Bearish,33.560001373291016,Technology,Software - Application,0.5,1.1,0.55,"[[""Daily DM9 Top"", 10, 0.5]]",,,
2026-08-21,SO,Bullish,88.94000244140625,Utilities,Utilities - Regulated Electric,0.55,1.0,0.55,"[[""Daily DM9 Bottom"", 9, 0.55]]",,,
2026-08-21,GWW,Bullish,1312.239990234375,Industrials,Industrial Distribution,0.55,1.0,0.55,"[[""Daily DM9 Bottom"", 9, 0.55]]",,,
2026-08-21,DASH,Bearish,223.49000549316406,Consumer Cyclical,Internet Retail,0.5,1.0,0.5,"[[""Daily DM9 Top"", 10, 0.5]]",,,
2026-08-21,ULTA,Bearish,521.4600219726562,Consumer Cyclical,Specialty Retail,0.5,1.0,0.5,"[[""Daily DM9 Top"", 10, 0.5]]",,,
2026-08-21,PEG,Bullish,72.61000061035156,Utilities,Utilities - Regulated Electric,0.5,1.0,0.5,"[[""Daily DM9 Bottom"", 10, 0.5]]",,,
2026-08-21,SRE,Bullish,82.88999938964844,Utilities,Utilities - Diversified,0.5,1.0,0.5,"[[""Daily DM9 Bottom"", 10, 0.5]]",,,
2026-08-21,DLTR,Bearish,131.47999572753906,Consumer Defensive,Discount Stores,0.5,1.0,0.5,"[[""Daily DM9 Top"", 10, 0.5]]",,,
2026-08-21,NEE,Bullish,83.6500015258789,Utilities,Utilities - Regulated Electric,0.5,1.0,0.5,"[[""Daily DM9 Bottom"", 10, 0.5]]",,,
2026-08-21,MSFT,Bearish,483.239990234375,Technology,Software - Infrastructure,0.5,1.0,0.5,"[[""Daily DM9 Top"", 10, 0.5]]",,,
2026-08-21,CBRL,Bearish,57.650001525878906,Consumer Cyclical,Restaurants,0.5,1.0,0.5,"[[""Daily DM9 Top"", 10, 0.5]]",,,
2026-08-21,LNT,Bullish,67.86000061035156,Utilities,Utilities - Regulated Electric,0.5,1.0,0.5,"[[""Daily DM9 Bottom"", 10, 0.5]]",,,
2026-08-21,SPGI,Bullish,431.2900085449219,Financial,Financial Data & Stock Exchanges,0.5,1.0,0.5,"[[""Daily DM9 Bottom"", 10, 0.5]]",,,
2026-08-21,FTDR,Bearish,82.58999633789062,Consumer Cyclical,Personal Services,0.5,1.0,0.5,"[[""Daily DM9 Top"", 10, 0.5]]",,,
2026-08-21,IDCC,Bearish,342.4200134277344,Technology,Software - Application,0.5,1.0,0.5,"[[""Daily DM9 Top"", 10, 0.5]]",,,
2026-08-21,NFE,Bullish,0.2750000059604645,Energy,Oil & Gas Midstream,0.95,0.5,0.47,"[[""Daily DM9 Bottom"", 1, 0.95]]",,,
2026-08-21,VERI,Bearish,0.8593999743461609,Technology,Software - Infrastructure,0.6,0.5,0.3,"[[""Daily DM9 Top"", 8, 0.6]]",,,
